Season,Rank,Player,TGT,TGT %,REC,YDS,Y/R,20+,TD,ATT,YDS,TD,FL,G,FPTS,FPTS/G,ROST
2025,1,Trey McBride (ARI),169,27.5,126,"1,239",9.8,12,11,0,0,0,0,17,189.9,11.2,99.40%
2025,2,Dallas Goedert (PHI),82,17.6,60,591,9.9,7,11,0,0,0,0,15,125.1,8.3,84.40%
2025,3,Kyle Pitts Sr. (ATL),118,22.8,88,928,10.5,12,5,0,0,0,0,17,122.8,7.2,95.40%
2025,4,Hunter Henry (NE),87,17.8,60,768,12.8,11,7,0,0,0,0,17,118.8,7,64.50%
2025,5,Travis Kelce (KC),108,19.7,76,851,11.2,9,5,1,1,0,0,17,117.2,6.9,89.50%
2025,6,Harold Fannin Jr. (CLE),107,20.8,72,731,10.2,8,6,7,13,1,1,16,114.4,7.2,94.30%
2025,7,Tyler Warren (IND),112,20.9,76,817,10.8,10,4,6,8,1,0,17,112.5,6.6,98.70%
2025,8,Brock Bowers (LV),86,17.2,64,680,10.6,8,7,2,2,0,0,12,112.2,9.4,99.60%
2025,9,Colston Loveland (CHI),82,15.5,58,713,12.3,10,6,1,-2,0,0,16,107.1,6.7,99.30%
2025,10,Jake Ferguson (DAL),102,17.1,82,600,7.3,2,8,1,1,0,2,17,106.1,6.2,84.50%
2025,11,George Kittle (SF),69,12.5,57,628,11,9,7,1,-3,0,0,11,104.5,9.5,89.30%
2025,12,Juwan Johnson (NO),102,18,77,889,11.5,11,3,0,0,0,2,17,102.9,6.1,42.80%
2024,1,George Kittle (SF),94,18.7,78,"1,106",14.2,21,8,0,0,0,0,15,158.6,10.6,89.30%
2024,2,Brock Bowers (LV),153,25.9,112,"1,194",10.7,15,5,5,13,0,0,17,150.7,8.9,99.60%
2024,3,Trey McBride (ARI),147,28.1,111,"1,146",10.3,10,2,1,2,1,0,16,138.8,8.7,99.40%
2024,4,Jonnu Smith (MIA),111,19.5,88,884,10,4,8,2,-1,0,1,17,134.3,7.9,1.60%
2024,5,Mark Andrews (BAL),69,15,55,673,12.2,6,11,4,5,0,0,17,133.8,7.9,80.90%
2024,6,Sam LaPorta (DET),83,16.1,60,726,12.1,11,7,0,0,0,0,16,114.6,7.2,95.50%
2024,7,Tucker Kraft (GB),70,14.9,50,707,14.1,11,7,3,6,0,1,17,113.3,6.7,92.70%
2024,8,Zach Ertz (WAS),91,18.2,66,654,9.9,7,7,0,0,0,0,17,111.4,6.6,0.80%
2024,9,Pat Freiermuth (PIT),78,17.2,65,653,10,7,7,0,0,0,2,17,103.3,6.1,12.80%
2024,10,Travis Kelce (KC),133,23.4,97,823,8.5,9,3,1,1,0,1,16,98.4,6.1,89.50%
2024,11,David Njoku (CLE),97,15.4,64,505,7.9,4,5,0,0,0,0,11,84.5,7.7,15.30%
2024,12,Kyle Pitts Sr. (ATL),74,13.8,47,602,12.8,7,4,0,0,0,0,17,84.2,5,95.40%
2023,1,Sam LaPorta (DET),120,21.2,86,889,10.3,8,10,1,4,0,0,17,153.3,9,95.50%
2023,2,George Kittle (SF),90,18.9,65,"1,020",15.7,18,6,1,2,0,0,16,138.2,8.6,89.30%
2023,3,Travis Kelce (KC),121,20.3,93,984,10.6,12,5,0,0,0,1,15,126.4,8.4,89.50%
2023,4,T.J. Hockenson (MIN),127,21.1,95,960,10.1,13,5,0,0,0,1,15,124,8.3,49.50%
2023,5,David Njoku (CLE),123,20.5,81,882,10.9,12,6,0,0,0,2,16,120.2,7.5,15.30%
2023,6,Evan Engram (JAC),143,23.6,114,963,8.4,9,4,0,0,0,2,17,116.3,6.8,7.90%
2023,7,Taysom Hill (NO),40,7,33,291,8.8,2,2,81,401,4,1,16,110.5,6.9,0.70%
2023,8,Cole Kmet (CHI),90,18.9,73,719,9.8,9,6,3,2,0,0,17,108.1,6.4,4.10%
2023,9,Jake Ferguson (DAL),102,17.1,71,761,10.7,8,5,0,0,0,0,17,106.1,6.2,84.50%
2023,10,Trey McBride (ARI),106,19.8,81,825,10.2,9,3,0,0,0,0,17,100.5,5.9,99.40%
2023,11,Dalton Schultz (HOU),88,15.4,59,635,10.8,7,5,0,0,0,1,15,91.5,6.1,24.10%
2023,12,Mark Andrews (BAL),61,13,45,544,12.1,8,6,1,0,0,0,10,90.4,9,80.90%
2023,13,Kyle Pitts Sr. (ATL),90,18,53,667,12.6,7,3,1,-4,0,0,17,84.3,5,95.40%
2023,14,Hunter Henry (NE),61,11.4,42,419,10,2,6,0,0,0,0,14,77.9,5.6,64.50%
2023,15,Dallas Goedert (PHI),83,15.8,59,592,10,6,3,1,1,0,0,14,77.3,5.5,84.40%
2023,15,Dalton Kincaid (BUF),91,16.9,73,673,9.2,5,2,0,0,0,1,16,77.3,4.8,81.50%
2023,17,Jonnu Smith (ATL),70,14,50,582,11.6,4,3,1,0,0,1,17,74.2,4.4,1.60%
2023,18,Logan Thomas (WAS),78,12.9,55,496,9,3,4,1,2,0,2,16,71.8,4.5,0.00%
2023,19,Isaiah Likely (BAL),40,8.3,30,411,13.7,6,5,0,0,0,0,17,71.1,4.2,81.10%
2023,20,Cade Otton (TB),67,12.1,47,455,9.7,6,4,0,0,0,1,17,69.5,4.1,15.30%
2022,1,Travis Kelce (KC),152,24.6,110,"1,338",12.2,19,12,2,5,0,1,17,206.3,12.1,89.50%
2022,2,George Kittle (SF),86,17.2,60,765,12.8,12,11,0,0,0,1,15,140.5,9.4,89.30%
2022,3,Taysom Hill (NO),13,2.6,9,77,8.6,1,2,96,575,7,0,16,136.8,8.5,0.70%
2022,4,T.J. Hockenson (MIN),129,21.2,86,914,10.6,5,6,0,0,0,1,17,129.4,7.6,49.50%
2022,5,Mark Andrews (BAL),113,24.4,73,847,11.6,7,5,3,8,0,0,15,117.5,7.8,80.90%
2022,6,Evan Engram (JAC),98,16.8,73,766,10.5,10,4,2,13,0,0,17,103.9,6.1,7.90%
2022,7,Cole Kmet (CHI),69,19.1,50,544,10.9,6,7,2,9,0,0,17,97.3,5.7,4.10%
2022,8,Juwan Johnson (NO),65,13,42,508,12.1,8,7,0,0,0,0,16,92.8,5.8,42.80%
2022,9,Dawson Knox (BUF),65,11.8,48,517,10.8,8,6,0,0,0,0,15,87.7,5.8,4.20%
2022,10,Dallas Goedert (PHI),69,13.8,55,702,12.8,11,3,0,0,0,1,12,86.2,7.2,84.40%
2022,11,Dalton Schultz (DAL),89,16.3,57,577,10.1,5,5,0,0,0,1,15,85.7,5.7,24.10%
2022,12,Pat Freiermuth (PIT),98,17.9,63,732,11.6,9,2,0,0,0,0,15,85.2,5.7,12.80%
2022,13,David Njoku (CLE),80,16,58,628,10.8,8,4,2,-8,0,1,14,84,6,15.30%
2022,14,Gerald Everett (LAC),87,12.8,58,555,9.6,4,4,1,0,0,0,15,81.5,5.4,1.40%
2022,15,Tyler Higbee (LAR),108,21.1,72,620,8.6,4,3,0,0,0,0,16,80,5,1.70%
2022,16,Jordan Akins (HOU),54,9.7,37,495,13.4,8,5,0,0,0,1,15,79.5,5.3,1.00%
2022,17,Tyler Conklin (NYJ),87,14.8,58,552,9.5,6,3,2,3,0,0,17,73.5,4.3,0.60%
2022,18,Noah Fant (SEA),63,11.3,50,486,9.7,4,4,0,0,0,0,17,72.6,4.3,1.30%
2022,19,Zach Ertz (ARI),69,10.9,47,406,8.6,2,4,0,0,0,0,10,68.6,6.9,0.80%
2022,20,Mike Gesicki (MIA),52,9.4,32,362,11.3,5,5,0,0,0,0,17,66.2,3.9,6.10%
2021,1,Mark Andrews (BAL),153,25.9,107,"1,361",12.7,20,9,1,0,0,0,17,194.1,11.4,80.90%
2021,2,Travis Kelce (KC),134,21.1,92,"1,125",12.2,13,9,2,3,1,1,16,170.8,10.7,89.50%
2021,3,Dalton Schultz (DAL),104,16.5,78,808,10.4,6,8,0,0,0,0,17,130.8,7.7,24.10%
2021,4,George Kittle (SF),94,18.8,71,910,12.8,13,6,3,20,0,1,14,127,9.1,89.30%
2021,5,Taysom Hill (NO),6,1.2,4,52,13,0,0,70,374,5,0,12,122.8,10.2,0.70%
2021,6,Rob Gronkowski (TB),89,12.4,55,802,14.6,16,6,0,0,0,0,12,116.2,9.7,1.30%
2021,7,Dawson Knox (BUF),71,11.4,49,587,12,8,9,0,4,0,0,15,115.1,7.7,4.20%
2021,8,Hunter Henry (NE),75,14.5,50,603,12.1,8,9,0,0,0,0,16,114.3,7.1,64.50%
2021,9,Dallas Goedert (PHI),76,16.3,56,830,14.8,14,4,0,0,0,0,15,109,7.3,84.40%
2021,10,Kyle Pitts Sr. (ATL),110,19.9,68,"1,026",15.1,16,1,0,0,0,0,17,108.6,6.4,95.40%
2021,11,Zach Ertz (ARI),112,21,74,763,10.3,7,5,1,4,0,0,17,106.7,6.3,0.80%
2021,12,Mike Gesicki (MIA),112,18.7,73,780,10.7,12,2,0,0,0,0,17,92,5.4,6.10%
2021,13,Pat Freiermuth (PIT),79,12.3,60,497,8.3,2,7,0,0,0,1,16,91.7,5.7,12.80%
2021,14,Noah Fant (DEN),90,17.8,68,670,9.9,7,4,0,0,0,0,16,91,5.7,1.30%
2021,15,Tyler Higbee (LAR),85,14,61,560,9.2,3,5,0,0,0,0,15,86,5.7,1.70%
2021,16,Jared Cook (LAC),83,13.1,48,564,11.8,7,4,0,0,0,0,16,84.4,5.3,0.00%
2021,17,T.J. Hockenson (DET),84,15,61,583,9.6,8,4,0,0,0,0,12,84.3,7,49.50%
2021,18,C.J. Uzomah (CIN),63,11.8,49,493,10.1,7,5,0,0,0,0,16,79.3,5,0.00%
2021,19,Darren Waller (LV),93,15.5,55,665,12.1,13,2,0,0,0,0,11,78.5,7.1,5.00%
2021,20,Tyler Conklin (MIN),87,15.1,61,593,9.7,4,3,0,0,0,0,17,77.3,4.5,0.60%
2020,1,Travis Kelce (KC),145,23.7,105,"1,416",13.5,23,11,0,0,0,1,15,207.8,13.9,89.50%
2020,2,Darren Waller (LV),145,27.8,107,"1,196",11.2,16,9,0,0,0,2,16,171.6,10.7,5.00%
2020,3,Taysom Hill (NO),13,2.6,8,98,12.3,2,1,87,457,8,5,16,148,9.2,0.70%
2020,4,Robert Tonyan (GB),59,11.8,52,586,11.3,9,11,0,0,0,0,16,124.6,7.8,0.10%
2020,5,Mark Andrews (BAL),88,22.5,58,701,12.1,10,7,0,0,0,0,14,112.1,8,80.90%
2020,6,T.J. Hockenson (DET),101,18.1,67,723,10.8,6,6,1,0,0,1,16,108.3,6.8,49.50%
2020,7,Mike Gesicki (MIA),85,15.4,53,703,13.3,10,6,0,0,0,0,15,106.3,7.1,6.10%
2020,8,Logan Thomas (WAS),110,19.2,72,670,9.3,5,6,3,5,0,0,16,104.6,6.5,0.00%
2020,9,Rob Gronkowski (TB),77,12.9,45,623,13.8,10,7,0,0,0,0,16,104.3,6.5,1.30%
2020,10,Jonnu Smith (TEN),65,13.9,41,448,10.9,4,8,2,4,1,0,15,99.2,6.6,1.60%
2020,11,Jimmy Graham (CHI),76,12.7,50,456,9.1,4,8,0,0,0,0,16,93.6,5.9,0.10%
2020,12,Hayden Hurst (ATL),88,14.6,56,571,10.2,5,6,0,0,0,0,16,93.1,5.8,1.30%
2020,13,Jared Cook (NO),60,12,37,504,13.6,6,7,0,0,0,1,15,90.4,6,0.00%
2020,14,Noah Fant (DEN),93,17.4,62,673,10.9,8,3,0,0,0,0,15,87.3,5.8,1.30%
2020,15,Eric Ebron (PIT),91,14.1,56,558,10,6,5,0,0,0,1,15,85.8,5.7,0.00%
2020,16,Hunter Henry (LAC),93,15,60,613,10.2,5,4,0,0,0,0,14,85.3,6.1,64.50%
2020,17,Tyler Higbee (LAR),60,10.9,44,521,11.8,9,5,1,1,0,0,15,84.2,5.6,1.70%
2020,18,Dalton Schultz (DAL),89,14.6,63,615,9.8,3,4,0,0,0,1,16,83.5,5.2,24.10%
2020,19,Evan Engram (NYG),109,21.8,63,654,10.4,6,1,6,26,1,1,16,78,4.9,7.90%
2020,20,George Kittle (SF),63,11.3,48,634,13.2,8,2,2,17,0,0,8,77.1,9.6,89.30%
2019,1,Travis Kelce (KC),136,24.2,97,"1,229",12.7,13,5,1,4,1,1,16,157.3,9.8,89.50%
2019,2,Mark Andrews (BAL),98,23.2,64,852,13.3,16,10,0,0,0,1,15,143.2,9.5,80.90%
2019,3,George Kittle (SF),107,22.8,85,"1,053",12.4,16,5,5,22,0,0,14,137.5,9.8,89.30%
2019,4,Darren Waller (OAK),117,23.5,90,"1,145",12.7,14,3,2,5,0,1,16,131,8.2,5.00%
2019,5,Zach Ertz (PHI),135,22.5,88,916,10.4,12,6,0,0,0,1,15,127.6,8.5,0.80%
2019,6,Jared Cook (NO),65,11.8,43,705,16.4,15,9,0,0,0,0,14,124.5,8.9,0.00%
2019,7,Austin Hooper (ATL),97,15,75,787,10.5,8,6,0,0,0,0,13,116.7,9,0.90%
2019,8,Hunter Henry (LAC),76,13.1,55,652,11.9,8,5,0,0,0,1,12,95.2,7.9,64.50%
2019,9,Tyler Higbee (LAR),89,14.7,69,734,10.6,11,3,0,0,0,0,15,91.4,6.1,1.70%
2019,10,Dallas Goedert (PHI),87,14.5,58,607,10.5,8,5,0,0,0,2,15,86.7,5.8,84.40%
2019,11,Mike Gesicki (MIA),89,14.9,51,570,11.2,7,5,0,0,0,1,16,85,5.3,6.10%
2019,12,Taysom Hill (NO),22,4.2,19,234,12.3,5,6,27,156,1,0,16,83.2,5.2,0.70%
2019,13,Jason Witten (DAL),83,14.5,63,529,8.4,2,4,0,0,0,1,16,76.9,4.8,1.00%
2019,14,Darren Fells (HOU),48,9.6,34,341,10,2,7,0,0,0,0,16,76.1,4.8,0.00%
2019,15,Kyle Rudolph (MIN),48,10.9,39,367,9.4,3,6,0,0,0,0,16,74.7,4.7,1.40%
2019,16,Greg Olsen (CAR),82,13.7,52,597,11.5,6,2,0,0,0,0,14,71.7,5.1,7.00%
2019,17,Noah Fant (DEN),66,13.4,40,562,14.1,10,3,3,-12,0,1,16,71,4.4,1.30%
2019,18,Jonnu Smith (TEN),44,10.3,35,439,12.5,8,3,4,78,0,0,16,69.7,4.4,1.60%
2019,19,Jack Doyle (IND),72,14.5,43,448,10.4,4,4,0,0,0,0,16,68.8,4.3,2.00%
2019,20,Evan Engram (NYG),68,11.7,44,467,10.6,4,3,3,7,0,0,8,65.4,8.2,7.90%
2018,1,Travis Kelce (KC),150,26.7,103,"1,336",13,18,10,0,0,0,1,16,191.6,12,89.50%
2018,2,George Kittle (SF),136,26.8,88,"1,377",15.6,20,5,1,10,0,0,16,170.7,10.7,89.30%
2018,3,Zach Ertz (PHI),156,26.6,116,"1,163",10,13,8,0,0,0,0,16,164.3,10.3,0.80%
2018,4,Eric Ebron (IND),110,17.4,66,750,11.4,7,13,3,-8,1,1,16,156.2,9.8,0.00%
2018,5,Jared Cook (OAK),101,19,68,896,13.2,15,6,0,0,0,0,16,125.6,7.9,0.00%
2018,6,Trey Burton (CHI),76,15.2,54,569,10.5,7,6,1,2,0,1,16,93.1,5.8,0.00%
2018,7,Austin Hooper (ATL),88,14.6,71,660,9.3,7,4,0,0,0,0,16,92,5.8,0.90%
2018,8,David Njoku (CLE),88,16.1,56,639,11.4,9,4,0,0,0,0,16,87.9,5.5,15.30%
2018,9,Kyle Rudolph (MIN),82,13.6,64,634,9.9,6,4,0,0,0,0,16,87.4,5.5,1.40%
2018,10,O.J. Howard (TB),48,7.7,34,565,16.6,11,5,0,0,0,0,10,86.5,8.7,0.00%
2018,11,Rob Gronkowski (NE),72,12.9,47,682,14.5,8,3,0,0,0,1,13,84.2,6.5,1.30%
2018,12,Vance McDonald (PIT),72,10.5,50,610,12.2,6,4,0,0,0,1,15,83,5.5,0.00%
2018,13,Evan Engram (NYG),64,11.2,45,577,12.8,8,3,3,36,0,0,11,81.3,7.4,7.90%
2018,14,Jimmy Graham (GB),89,14.8,55,636,11.6,7,2,0,0,0,0,16,75.6,4.7,0.10%
2018,15,Chris Herndon IV (NYJ),56,11.2,39,502,12.9,9,4,0,0,0,0,16,74.2,4.6,0.00%
2018,16,Mark Andrews (BAL),50,9.3,34,552,16.2,8,3,0,0,0,0,16,73.2,4.6,80.90%
2018,17,Jordan Reed (WAS),84,16.8,54,558,10.3,7,2,0,0,0,1,13,65.8,5.1,19.00%
2018,18,Cameron Brate (TB),49,7.7,30,289,9.6,2,6,0,0,0,1,16,62.9,3.9,2.00%
2018,19,C.J. Uzomah (CIN),64,12.2,43,439,10.2,6,3,0,0,0,0,16,61.9,3.9,0.00%
2018,20,Dallas Goedert (PHI),44,7.3,33,334,10.1,5,4,0,0,0,0,16,57.4,3.6,84.40%
2017,1,Rob Gronkowski (NE),105,17.9,69,"1,084",15.7,18,8,0,0,0,0,14,158.4,11.3,1.30%
2017,2,Travis Kelce (KC),122,23.1,83,"1,038",12.5,19,8,2,7,0,0,15,150.5,10,89.50%
2017,3,Zach Ertz (PHI),110,19.8,74,824,11.1,7,8,0,0,0,1,14,128.4,9.2,0.80%
2017,4,Jimmy Graham (SEA),96,18.2,57,520,9.1,8,10,0,0,0,0,16,114,7.1,0.10%
2017,5,Evan Engram (NYG),115,19.3,64,722,11.3,11,6,1,14,0,0,15,109.6,7.3,7.90%
2017,6,Kyle Rudolph (MIN),81,15.6,57,532,9.3,4,8,0,0,0,0,16,101.2,6.3,1.40%
2017,7,Delanie Walker (TEN),111,22.9,74,807,10.9,9,3,2,-2,1,2,16,100.5,6.3,0.10%
2017,8,Cameron Brate (TB),77,12.8,48,591,12.3,5,6,0,0,0,0,16,95.1,5.9,2.00%
2017,9,Jack Doyle (IND),108,23,80,690,8.6,4,4,0,0,0,2,15,89,5.9,2.00%
2017,10,Jason Witten (DAL),87,17.8,63,560,8.9,3,5,0,0,0,1,16,84,5.3,1.00%
2017,11,Tyler Kroft (CIN),62,12.4,42,404,9.6,4,7,0,0,0,0,16,82.4,5.1,0.00%
2017,12,Hunter Henry (LAC),62,10.7,45,579,12.9,8,4,0,0,0,0,14,81.9,5.9,64.50%
2017,13,Eric Ebron (DET),86,15.1,53,574,10.8,6,4,0,0,0,1,16,79.4,5,0.00%
2017,14,Jared Cook (OAK),86,15.5,54,688,12.7,10,2,0,0,0,1,16,78.8,4.9,0.00%
2017,14,Vernon Davis (WAS),69,12.9,43,648,15.1,11,3,0,0,0,2,16,78.8,4.9,1.60%
2017,16,Benjamin Watson (BAL),79,14.1,61,522,8.6,5,4,0,0,0,0,16,76.2,4.8,2.80%
2017,17,O.J. Howard (TB),39,6.6,26,432,16.6,9,6,0,0,0,2,14,75.2,5.4,0.00%
2017,18,Austin Hooper (ATL),65,12.9,49,526,10.7,5,3,0,0,0,0,16,70.6,4.4,0.90%
2017,19,Charles Clay (BUF),74,15.7,49,558,11.4,7,2,0,0,0,0,13,67.8,5.2,0.00%
2017,20,Marcedes Lewis (JAC),48,9.6,24,318,13.3,5,5,0,0,0,0,16,63.8,4,0.00%
2016,1,Travis Kelce (KC),117,21.9,85,"1,125",13.2,14,4,1,-5,0,0,16,138,8.6,89.50%
2016,2,Greg Olsen (CAR),129,23.6,80,"1,073",13.4,14,3,0,0,0,0,16,127.3,8,7.00%
2016,3,Kyle Rudolph (MIN),132,22.7,83,840,10.1,11,7,0,0,0,0,16,126,7.9,1.40%
2016,4,Jimmy Graham (SEA),95,17.2,65,923,14.2,10,6,1,0,0,2,16,124.3,7.8,0.10%
2016,5,Delanie Walker (TEN),102,20.5,65,800,12.3,13,7,2,11,0,0,15,123.1,8.2,0.10%
2016,6,Cameron Brate (TB),81,14.3,57,660,11.6,5,8,0,0,0,0,15,114,7.6,2.00%
2016,7,Martellus Bennett (NE),73,13.4,55,701,12.7,10,7,2,10,0,0,16,113.1,7.1,23.00%
2016,8,Zach Ertz (PHI),106,17.7,78,816,10.5,9,4,0,0,0,0,14,105.6,7.5,0.80%
2016,9,Jordan Reed (WAS),89,15.2,66,686,10.4,9,6,0,0,0,1,12,102.6,8.5,19.00%
2016,10,Jordan Matthews (PHI),117,19.7,73,804,11,13,3,0,0,0,0,14,98.4,7,0.00%
2016,11,Antonio Gates (LAC),93,16.6,53,548,10.3,5,7,0,0,0,1,14,94.8,6.8,0.20%
2016,12,Hunter Henry (LAC),53,9.4,36,478,13.3,7,8,0,0,0,1,15,93.8,6.3,64.50%
2016,13,Coby Fleener (NO),81,12.6,50,631,12.6,12,3,1,2,1,0,16,87.3,5.5,0.00%
2016,14,Jack Doyle (IND),75,13.4,59,584,9.9,5,5,0,0,0,1,16,86.4,5.4,2.00%
2016,15,Jason Witten (DAL),95,19.8,69,673,9.8,7,3,0,0,0,1,16,83.3,5.2,1.00%
2016,16,Eric Ebron (DET),85,14.8,61,711,11.7,9,1,1,1,1,0,13,83.2,6.4,0.00%
2016,17,Dennis Pitta (BAL),121,18.5,86,729,8.5,4,2,0,0,0,1,16,82.9,5.2,0.00%
2016,18,C.J. Fiedorowicz (HOU),89,15.4,54,559,10.4,5,4,0,0,0,0,15,79.9,5.3,0.00%
2016,19,Charles Clay (BUF),87,18.9,57,552,9.7,4,4,0,0,0,0,15,79.2,5.3,0.00%
2016,20,Dwayne Allen (IND),52,9.5,35,406,11.6,4,6,0,0,0,0,14,78.6,5.6,0.00%
2015,1,Rob Gronkowski (NE),120,19.2,72,"1,176",16.3,22,11,0,0,0,0,15,183.6,12.2,1.30%
2015,2,Gary Barnidge (CLE),125,20.9,79,"1,043",13.2,16,9,0,0,0,0,16,158.3,9.9,0.10%
2015,3,Jordan Reed (WAS),114,20.4,87,952,10.9,14,11,0,0,0,2,14,157.2,11.2,19.00%
2015,4,Delanie Walker (TEN),133,24.5,94,"1,088",11.6,13,6,1,36,0,0,15,150.4,10,0.10%
2015,4,Greg Olsen (CAR),124,24.8,77,"1,104",14.3,20,7,0,0,0,1,16,150.4,9.4,7.00%
2015,6,Jordan Matthews (PHI),128,20.7,85,997,11.7,14,8,0,0,0,1,16,145.7,9.1,0.00%
2015,7,Tyler Eifert (CIN),74,14.8,52,615,11.8,8,13,0,0,0,0,13,139.5,10.7,0.00%
2015,8,Travis Kelce (KC),103,22.1,72,875,12.2,10,5,0,0,0,2,16,117.5,7.3,89.50%
2015,9,Benjamin Watson (NO),110,16.9,74,825,11.1,13,6,0,0,0,1,16,116.5,7.3,2.80%
2015,10,Richard Rodgers (GB),85,15,58,510,8.8,6,8,1,11,0,0,16,102.1,6.4,0.00%
2015,11,Zach Ertz (PHI),112,17.9,75,853,11.4,11,2,0,0,0,1,15,95.3,6.4,0.80%
2015,12,Antonio Gates (LAC),85,13.1,56,630,11.3,5,5,0,0,0,0,11,93,8.5,0.20%
2015,13,Jason Witten (DAL),104,20,77,713,9.3,4,3,0,0,0,1,16,87.3,5.5,1.00%
2015,14,Eric Ebron (DET),70,11.2,47,537,11.4,5,5,0,0,0,0,14,83.7,6,0.00%
2015,15,Kyle Rudolph (MIN),73,16.7,49,495,10.1,4,5,0,0,0,0,16,79.5,5,1.40%
2015,16,Julius Thomas (JAC),80,13.2,46,455,9.9,5,5,0,0,0,0,12,75.5,6.3,0.00%
2015,17,Zach Miller (CHI),46,9,34,439,12.9,7,5,0,0,0,0,15,73.9,4.9,0.00%
2015,18,Jimmy Graham (SEA),74,15.8,48,605,12.6,11,2,0,0,0,0,11,72.5,6.6,0.10%
2015,19,Jacob Tamme (ATL),81,13.1,59,657,11.1,7,1,0,0,0,0,15,71.7,4.8,0.00%
2015,20,Ladarius Green (LAC),63,9.8,37,429,11.6,5,4,0,0,0,0,13,70.9,5.5,0.00%
2014,1,Rob Gronkowski (NE),131,21.8,82,"1,124",13.7,19,12,0,0,0,0,15,184.4,12.3,1.30%
2014,2,Antonio Gates (LAC),98,17.4,69,821,11.9,12,12,0,0,0,0,16,154.1,9.6,0.20%
2014,3,Jimmy Graham (NO),124,19,85,889,10.5,8,10,0,0,0,2,16,144.9,9.1,0.10%
2014,4,Greg Olsen (CAR),123,22.8,84,"1,008",12,9,6,0,0,0,0,16,136.8,8.5,7.00%
2014,5,Martellus Bennett (CHI),128,21.1,90,916,10.2,11,6,0,0,0,0,16,131.6,8.2,23.00%
2014,6,Jordan Matthews (PHI),103,16.9,67,872,13,16,8,0,0,0,0,16,127.4,8,0.00%
2014,7,Coby Fleener (IND),92,14.4,51,774,15.2,16,8,0,0,0,0,16,125.4,7.8,0.00%
2014,8,Julius Thomas (DEN),62,10.3,43,489,11.4,7,12,0,0,0,0,13,120.9,9.3,0.00%
2014,9,Travis Kelce (KC),87,17.6,67,862,12.9,15,5,0,0,0,3,16,116.2,7.3,89.50%
2014,10,Delanie Walker (TEN),106,21.2,63,890,14.1,13,4,0,0,0,0,15,113,7.5,0.10%
2014,11,Jason Witten (DAL),90,19.3,64,703,11,7,5,0,0,0,0,16,100.3,6.3,1.00%
2014,12,Heath Miller (PIT),91,15.1,66,761,11.5,8,3,0,0,0,1,16,94.1,5.9,0.00%
2014,13,Larry Donnell (NYG),92,15.3,63,623,9.9,5,6,0,0,0,4,16,90.3,5.6,0.00%
2014,14,Dwayne Allen (IND),50,7.9,29,395,13.6,6,8,0,0,0,0,13,87.5,6.7,0.00%
2014,15,Zach Ertz (PHI),89,14.6,58,702,12.1,9,3,0,0,0,1,16,86.2,5.4,0.80%
2014,16,Jared Cook (LAR),99,19.8,52,634,12.2,7,3,1,0,0,0,16,81.4,5.1,0.00%
2014,17,Charles Clay (MIA),84,14.2,58,605,10.4,9,3,0,0,0,0,14,78.5,5.6,0.00%
2014,18,Owen Daniels (BAL),79,14.7,48,527,11,5,4,0,0,0,0,15,76.7,5.1,0.00%
2014,19,Jermaine Gresham (CIN),79,15.8,62,460,7.4,2,5,0,0,0,0,15,76,5.1,0.00%
2014,20,Mychal Rivera (OAK),99,16.4,58,534,9.2,6,4,0,0,0,1,16,75.4,4.7,0.20%
2013,1,Rob Gronkowski (NE),131,21.8,82,"1,124",13.7,19,12,0,0,0,0,15,184.4,12.3,1.30%
2013,2,Antonio Gates (LAC),98,17.4,69,821,11.9,12,12,0,0,0,0,16,154.1,9.6,0.20%
2013,3,Jimmy Graham (NO),124,19,85,889,10.5,8,10,0,0,0,2,16,144.9,9.1,0.10%
2013,4,Greg Olsen (CAR),123,22.8,84,"1,008",12,9,6,0,0,0,0,16,136.8,8.5,7.00%
2013,5,Martellus Bennett (CHI),128,21.1,90,916,10.2,11,6,0,0,0,0,16,131.6,8.2,23.00%
2013,6,Jordan Matthews (PHI),103,16.9,67,872,13,16,8,0,0,0,0,16,127.4,8,0.00%
2013,7,Coby Fleener (IND),92,14.4,51,774,15.2,16,8,0,0,0,0,16,125.4,7.8,0.00%
2013,8,Julius Thomas (DEN),62,10.3,43,489,11.4,7,12,0,0,0,0,13,120.9,9.3,0.00%
2013,9,Travis Kelce (KC),87,17.6,67,862,12.9,15,5,0,0,0,3,16,116.2,7.3,89.50%
2013,10,Delanie Walker (TEN),106,21.2,63,890,14.1,13,4,0,0,0,0,15,113,7.5,0.10%
2013,11,Jason Witten (DAL),90,19.3,64,703,11,7,5,0,0,0,0,16,100.3,6.3,1.00%
2013,12,Heath Miller (PIT),91,15.1,66,761,11.5,8,3,0,0,0,1,16,94.1,5.9,0.00%
2013,13,Larry Donnell (NYG),92,15.3,63,623,9.9,5,6,0,0,0,4,16,90.3,5.6,0.00%
2013,14,Dwayne Allen (IND),50,7.9,29,395,13.6,6,8,0,0,0,0,13,87.5,6.7,0.00%
2013,15,Zach Ertz (PHI),89,14.6,58,702,12.1,9,3,0,0,0,1,16,86.2,5.4,0.80%
2013,16,Jared Cook (LAR),99,19.8,52,634,12.2,7,3,1,0,0,0,16,81.4,5.1,0.00%
2013,17,Charles Clay (MIA),84,14.2,58,605,10.4,9,3,0,0,0,0,14,78.5,5.6,0.00%
2013,18,Owen Daniels (BAL),79,14.7,48,527,11,5,4,0,0,0,0,15,76.7,5.1,0.00%
2013,19,Jermaine Gresham (CIN),79,15.8,62,460,7.4,2,5,0,0,0,0,15,76,5.1,0.00%
2013,20,Mychal Rivera (OAK),99,16.4,58,534,9.2,6,4,0,0,0,1,16,75.4,4.7,0.20%
2012,1,Jimmy Graham (NO),135,20.5,85,982,11.6,12,9,0,0,0,0,15,152.2,10.1,0.10%
2012,2,Rob Gronkowski (NE),80,12.5,55,790,14.4,13,11,0,0,0,1,11,143,13,1.30%
2012,3,Tony Gonzalez (ATL),124,20.4,93,930,10,3,8,0,0,0,0,16,141,8.8,0.00%
2012,4,Heath Miller (PIT),101,17.9,71,816,11.5,11,8,0,0,0,0,15,131.6,8.8,0.00%
2012,5,Jason Witten (DAL),149,22.7,110,"1,039",9.4,8,3,0,0,0,0,16,121.9,7.6,1.00%
2012,6,Greg Olsen (CAR),104,21.2,69,843,12.2,11,5,0,0,0,0,16,114.3,7.1,7.00%
2012,7,Dennis Pitta (BAL),94,16.9,61,669,11,8,7,0,0,0,0,16,108.9,6.8,0.00%
2012,8,Owen Daniels (HOU),104,18.9,62,716,11.5,7,6,0,0,0,0,15,107.6,7.2,0.00%
2012,9,Kyle Rudolph (MIN),94,19.7,53,493,9.3,5,9,0,0,0,0,16,105.3,6.6,1.40%
2012,10,Brandon Myers (OAK),105,16.7,79,806,10.2,9,4,0,0,0,0,16,104.6,6.5,0.00%
2012,11,Jermaine Gresham (CIN),94,17.6,64,737,11.5,8,5,0,0,0,1,16,101.7,6.4,0.00%
2012,12,Antonio Gates (LAC),80,16,49,538,11,5,7,0,0,0,0,15,95.8,6.4,0.20%
2012,13,Martellus Bennett (NYG),90,16.8,55,626,11.4,7,5,0,0,0,0,16,92.6,5.8,23.00%
2012,14,Scott Chandler (BUF),74,14.8,43,571,13.3,10,6,0,0,0,1,15,91.1,6.1,0.00%
2012,15,Vernon Davis (SF),61,14.4,41,548,13.4,12,5,0,0,0,0,16,84.8,5.3,1.60%
2012,16,Aaron Hernandez (NE),83,13.2,51,483,9.5,5,5,1,5,0,0,10,78.8,7.9,0.00%
2012,17,Marcedes Lewis (JAC),77,13.2,52,540,10.4,9,4,0,0,0,0,16,78,4.9,0.00%
2012,18,Lance Kendricks (LAR),64,11.8,42,519,12.4,6,4,0,0,0,0,16,77.9,4.9,1.70%
2012,19,Jermichael Finley (GB),87,16.1,61,667,10.9,10,2,0,0,0,1,16,76.7,4.8,0.00%
2012,20,Jared Cook (TEN),72,13.2,44,523,11.9,8,4,0,0,0,1,13,74.3,5.7,0.00%
2011,1,Rob Gronkowski (NE),124,20.6,90,"1,327",14.7,22,17,1,2,1,0,16,240.9,15.1,1.30%
2011,2,Tim Tebow (DEN),0,0,0,0,0,0,0,122,660,6,6,14,199.3,14.2,0.80%
2011,3,Jimmy Graham (NO),149,22.7,99,"1,310",13.2,18,11,0,0,0,1,16,195,12.2,0.10%
2011,4,Aaron Hernandez (NE),113,18.7,79,910,11.5,12,7,5,45,0,1,14,135.5,9.7,0.00%
2011,5,Tony Gonzalez (ATL),116,19.7,80,875,10.9,8,7,0,0,0,0,16,129.5,8.1,0.00%
2011,6,Jermichael Finley (GB),92,17,55,767,13.9,14,8,0,0,0,0,16,124.7,7.8,0.00%
2011,7,Jason Witten (DAL),117,20.7,79,942,11.9,15,5,0,0,0,0,16,124.2,7.8,1.00%
2011,8,Antonio Gates (LAC),88,15.6,64,778,12.2,8,7,0,0,0,0,13,119.8,9.2,0.20%
2011,9,Vernon Davis (SF),95,21.1,67,792,11.8,15,6,2,-5,0,1,16,112.7,7,1.60%
2011,10,Brent Celek (PHI),97,17.9,62,811,13.1,14,5,0,0,0,0,16,111.1,6.9,0.00%
2011,11,Dustin Keller (NYJ),115,21.3,65,815,12.5,12,5,0,0,0,1,16,109.5,6.8,0.00%
2011,12,Brandon Pettigrew (DET),126,19.4,83,777,9.4,7,5,0,0,0,0,16,107.7,6.7,0.00%
2011,13,Fred Davis (WAS),88,15,59,796,13.5,15,3,0,0,0,1,12,95.6,8,0.00%
2011,14,Jermaine Gresham (CIN),92,17.4,56,596,10.6,10,6,0,0,0,1,14,93.6,6.7,0.00%
2011,15,Kellen Winslow (TB),121,21,75,763,10.2,5,2,0,0,0,1,16,90.3,5.6,0.00%
2011,16,Jared Cook (TEN),81,13.9,49,759,15.5,11,3,0,0,0,2,16,89.9,5.6,0.00%
2011,17,Owen Daniels (HOU),85,18.6,54,677,12.5,8,3,0,0,0,0,15,85.7,5.7,0.00%
2011,18,Jake Ballard (NYG),61,10.5,38,604,15.9,13,4,0,0,0,0,14,84.4,6,0.00%
2011,19,Greg Olsen (CAR),89,17.8,45,540,12,6,5,0,0,0,1,16,84,5.3,7.00%
2011,20,Ed Dickson (BAL),89,16.5,54,528,9.8,2,5,0,0,0,0,16,82.8,5.2,0.00%
2010,1,Jason Witten (DAL),128,22.6,94,"1,002",10.7,13,9,0,0,0,1,16,154.2,9.6,1.00%
2010,2,Antonio Gates (LAC),65,12.1,50,782,15.6,15,10,0,0,0,0,10,138.2,13.8,0.20%
2010,3,Vernon Davis (SF),93,18.7,56,914,16.3,16,7,0,0,0,0,16,135.4,8.5,1.60%
2010,4,Marcedes Lewis (JAC),89,19.1,58,700,12.1,9,10,0,0,0,2,16,126,7.9,0.00%
2010,5,Rob Gronkowski (NE),59,11.8,42,546,13,11,10,0,0,0,1,16,112.6,7,1.30%
2010,6,Kellen Winslow (TB),98,20,66,730,11.1,10,5,0,0,0,0,16,103,6.4,0.00%
2010,7,Chris Cooley (WAS),126,21,77,849,11,9,3,0,0,0,1,16,102.9,6.4,0.00%
2010,8,Tony Gonzalez (ATL),108,18.8,70,656,9.4,5,6,0,0,0,0,16,101.6,6.4,0.00%
2010,9,Tim Tebow (DEN),0,0,0,0,0,0,0,43,227,6,0,9,98.8,11,0.80%
2010,10,Dustin Keller (NYJ),100,19.5,55,687,12.5,11,5,0,0,0,0,16,98.7,6.2,0.00%
2010,11,Zach Miller (OAK),92,18.9,60,685,11.4,11,5,0,0,0,0,15,98.5,6.6,0.00%
2010,12,Aaron Hernandez (NE),64,12.8,45,563,12.5,9,6,3,47,0,0,14,97,6.9,0.00%
2010,13,Brandon Pettigrew (DET),111,17.7,71,722,10.2,8,4,0,0,0,0,16,96.2,6,0.00%
2010,14,Benjamin Watson (CLE),102,21.9,68,763,11.2,10,3,1,-1,0,0,16,94.2,5.9,2.80%
2010,15,Todd Heap (BAL),64,12.8,40,599,15,7,5,0,0,0,0,13,89.9,6.9,0.00%
2010,16,Jacob Tamme (IND),93,13.5,67,631,9.4,5,4,0,0,0,0,16,87.1,5.4,0.00%
2010,17,Kevin Boss (NYG),70,13.1,35,531,15.2,9,5,0,0,0,1,15,81.1,5.4,0.00%
2010,18,Anthony Fasano (MIA),60,11.1,39,528,13.5,9,4,0,0,0,0,15,76.8,5.1,0.10%
2010,19,Brent Celek (PHI),79,14.4,42,511,12.2,8,4,0,0,0,0,16,75.1,4.7,0.00%
2010,20,Joel Dreessen (HOU),55,9.8,36,518,14.4,9,4,0,0,0,1,16,73.8,4.6,0.00%
2009,1,Vernon Davis (SF),129,24.7,78,965,12.4,13,13,0,0,0,0,16,174.5,10.9,1.60%
2009,2,Dallas Clark (IND),133,22.2,100,"1,106",11.1,11,10,2,11,0,0,16,171.7,10.7,0.00%
2009,3,Antonio Gates (LAC),114,22.8,79,"1,157",14.6,18,8,0,0,0,0,16,163.7,10.2,0.20%
2009,4,Brent Celek (PHI),112,20.6,76,971,12.8,16,8,0,0,0,0,16,145.1,9.1,0.00%
2009,5,Tony Gonzalez (ATL),135,24.7,83,867,10.4,4,6,0,0,0,0,16,122.7,7.7,0.00%
2009,6,Visanthe Shiancoe (MIN),79,14,56,566,10.1,4,11,0,0,0,0,16,122.6,7.7,0.00%
2009,7,Kellen Winslow (TB),126,24.6,77,884,11.5,10,5,1,7,0,0,16,119.1,7.4,0.00%
2009,8,Jason Witten (DAL),124,23,94,"1,030",11,11,2,0,0,0,0,16,115,7.2,1.00%
2009,9,Heath Miller (PIT),98,18.1,76,789,10.4,8,6,0,0,0,0,16,114.9,7.2,0.00%
2009,10,Greg Olsen (CHI),108,19.7,60,612,10.2,9,8,0,0,0,0,16,109.2,6.8,7.00%
2009,11,John Carlson (SEA),83,14.8,51,574,11.3,5,7,0,0,0,0,16,99.4,6.2,0.00%
2009,12,Zach Miller (OAK),99,20.8,66,805,12.2,9,3,0,0,0,0,15,98.5,6.6,0.00%
2009,13,Jermichael Finley (GB),72,13.3,55,676,12.3,9,5,0,0,0,1,13,95.6,7.4,0.00%
2009,14,Todd Heap (BAL),75,15,53,593,11.2,10,6,1,2,0,0,16,95.5,6,0.00%
2009,15,Kevin Boss (NYG),69,13.2,42,567,13.5,12,5,1,16,0,0,15,88.3,5.9,0.00%
2009,16,Fred Davis (WAS),76,14.6,48,509,10.6,4,6,0,0,0,0,16,86.9,5.4,0.00%
2009,17,Owen Daniels (HOU),58,9.9,40,519,13,8,5,0,0,0,0,8,81.9,10.2,0.00%
2009,18,Jeremy Shockey (NO),67,12.4,48,569,11.9,6,3,0,0,0,0,13,74.9,5.8,0.00%
2009,19,Benjamin Watson (NE),41,6.9,29,404,13.9,5,5,0,0,0,0,16,70.4,4.4,2.80%
2009,20,Dustin Keller (NYJ),82,21.2,45,522,11.6,7,2,1,7,0,1,16,64.9,4.1,0.00%
2008,1,Tony Gonzalez (KC),10,40,96,"1,058",11,10,10,0,0,0,0,16,165.8,10.4,0.00%
2008,2,Jason Witten (DAL),0,0,81,952,11.8,14,4,0,0,0,0,16,120.9,7.6,1.00%
2008,3,Dallas Clark (IND),0,0,77,848,11,13,6,0,0,0,0,15,120.8,8.1,0.00%
2008,4,Antonio Gates (LAC),6,23.1,60,704,11.7,8,8,0,0,0,1,16,116.4,7.3,0.20%
2008,5,Visanthe Shiancoe (MIN),2,8.3,42,596,14.2,12,7,0,0,0,0,16,101.6,6.4,0.00%
2008,6,Owen Daniels (HOU),11,17.2,70,862,12.3,10,2,0,0,0,0,16,98.2,6.1,0.00%
2008,7,John Carlson (SEA),5,11.6,55,627,11.4,10,5,0,0,0,0,16,92.7,5.8,0.00%
2008,8,Chris Cooley (WAS),10,33.3,83,849,10.2,7,1,0,0,0,0,16,90.9,5.7,0.00%
2008,9,Anthony Fasano (MIA),3,9.7,34,454,13.4,6,7,0,0,0,0,16,87.4,5.5,0.10%
2008,9,Greg Olsen (CHI),13,18.8,54,574,10.6,6,5,0,0,0,0,16,87.4,5.5,7.00%
2008,11,Zach Miller (OAK),5,17.2,56,778,13.9,16,1,0,0,0,0,16,83.8,5.2,0.00%
2008,12,Tony Scheffler (DEN),0,0,40,645,16.1,13,3,1,-1,0,0,13,82.4,6.3,0.00%
2008,13,Bobby Wade (MIN),5,20.8,53,645,12.2,8,2,0,0,0,0,16,76.5,4.8,0.00%
2008,14,Kevin Boss (NYG),0,0,33,384,11.6,7,6,0,0,0,0,12,74.4,6.2,0.00%
2008,15,Dustin Keller (NYJ),13,18.5,48,535,11.1,7,3,0,0,0,0,16,71.5,4.5,0.00%
2008,16,Heath Miller (PIT),7,21.2,48,514,10.7,4,3,0,0,0,0,14,69.4,5,0.00%
2008,17,Bo Scaife (TEN),6,18.2,58,561,9.7,4,2,0,0,0,0,16,68.1,4.3,0.00%
2008,18,Billy Miller (NO),3,7.1,45,579,12.9,11,1,0,0,0,0,12,63.9,5.3,0.00%
2008,19,David Martin (MIA),1,3.2,31,450,14.5,8,3,0,0,0,0,15,63,4.2,0.00%
2008,20,Daniel Graham (DEN),0,0,32,389,12.2,8,4,0,0,0,0,14,62.9,4.5,0.00%
2007,1,Tony Gonzalez (KC),10,40,96,"1,058",11,10,10,0,0,0,0,16,165.8,10.4,0.00%
2007,2,Jason Witten (DAL),0,0,81,952,11.8,14,4,0,0,0,0,16,120.9,7.6,1.00%
2007,3,Dallas Clark (IND),0,0,77,848,11,13,6,0,0,0,0,15,120.8,8.1,0.00%
2007,4,Antonio Gates (LAC),6,23.1,60,704,11.7,8,8,0,0,0,1,16,116.4,7.3,0.20%
2007,5,Visanthe Shiancoe (MIN),2,8.3,42,596,14.2,12,7,0,0,0,0,16,101.6,6.4,0.00%
2007,6,Owen Daniels (HOU),11,17.2,70,862,12.3,10,2,0,0,0,0,16,98.2,6.1,0.00%
2007,7,John Carlson (SEA),5,11.6,55,627,11.4,10,5,0,0,0,0,16,92.7,5.8,0.00%
2007,8,Chris Cooley (WAS),10,33.3,83,849,10.2,7,1,0,0,0,0,16,90.9,5.7,0.00%
2007,9,Anthony Fasano (MIA),3,9.7,34,454,13.4,6,7,0,0,0,0,16,87.4,5.5,0.10%
2007,9,Greg Olsen (CHI),13,18.8,54,574,10.6,6,5,0,0,0,0,16,87.4,5.5,7.00%
2007,11,Zach Miller (OAK),5,17.2,56,778,13.9,16,1,0,0,0,0,16,83.8,5.2,0.00%
2007,12,Tony Scheffler (DEN),0,0,40,645,16.1,13,3,1,-1,0,0,13,82.4,6.3,0.00%
2007,13,Bobby Wade (MIN),5,20.8,53,645,12.2,8,2,0,0,0,0,16,76.5,4.8,0.00%
2007,14,Kevin Boss (NYG),0,0,33,384,11.6,7,6,0,0,0,0,12,74.4,6.2,0.00%
2007,15,Dustin Keller (NYJ),13,18.5,48,535,11.1,7,3,0,0,0,0,16,71.5,4.5,0.00%
2007,16,Heath Miller (PIT),7,21.2,48,514,10.7,4,3,0,0,0,0,14,69.4,5,0.00%
2007,17,Bo Scaife (TEN),6,18.2,58,561,9.7,4,2,0,0,0,0,16,68.1,4.3,0.00%
2007,18,Billy Miller (NO),3,7.1,45,579,12.9,11,1,0,0,0,0,12,63.9,5.3,0.00%
2007,19,David Martin (MIA),1,3.2,31,450,14.5,8,3,0,0,0,0,15,63,4.2,0.00%
2007,20,Daniel Graham (DEN),0,0,32,389,12.2,8,4,0,0,0,0,14,62.9,4.5,0.00%
2006,1,Antonio Gates (LAC),0,0,71,924,13,14,9,0,0,0,0,16,146.4,9.1,0.20%
2006,2,Alge Crumpler (ATL),0,0,56,780,13.9,13,8,0,0,0,0,16,126,7.9,0.00%
2006,3,Tony Gonzalez (KC),0,0,73,900,12.3,9,5,0,0,0,0,15,122,8.1,0.00%
2006,4,Todd Heap (BAL),0,0,73,765,10.5,7,6,0,0,0,0,16,112.5,7,0.00%
2006,5,Chris Cooley (WAS),0,0,57,734,12.9,12,6,0,0,0,0,16,111.4,7,0.00%
2006,6,Kellen Winslow (CLE),0,0,89,875,9.8,11,3,0,0,0,0,16,105.5,6.6,0.00%
2006,7,Jeremy Shockey (NYG),0,0,66,623,9.4,2,7,0,0,0,0,15,104.3,7,0.00%
2006,8,Desmond Clark (CHI),0,0,45,626,13.9,7,6,0,0,0,0,14,98.6,7,0.00%
2006,9,L.J. Smith (PHI),0,0,50,611,12.2,9,5,0,0,0,0,14,93.1,6.6,0.00%
2006,10,Benjamin Watson (NE),0,0,49,643,13.1,10,3,0,0,0,0,13,82.3,6.3,2.80%
2006,11,Randy McMichael (MIA),0,0,62,640,10.3,5,3,0,0,0,0,16,82,5.1,0.00%
2006,12,Jason Witten (DAL),0,0,64,754,11.8,10,1,0,0,0,0,16,81.4,5.1,1.00%
2006,13,Heath Miller (PIT),0,0,34,393,11.6,3,5,0,0,0,0,15,69.3,4.6,0.00%
2006,14,Owen Daniels (HOU),0,0,34,352,10.4,4,5,0,0,0,0,14,65.2,4.7,0.00%
2006,15,Ernest Wilford (JAC),0,0,36,524,14.6,6,2,0,0,0,0,15,64.4,4.3,0.00%
2006,16,Dallas Clark (IND),0,0,30,367,12.2,6,4,0,0,0,0,12,60.7,5.1,0.00%
2006,17,Bobby Wade (TEN),0,0,33,461,14,8,2,0,0,0,0,16,58.1,3.6,0.00%
2006,18,Bo Scaife (TEN),0,0,29,370,12.8,6,2,1,13,1,0,12,56.3,4.7,0.00%
2006,19,Dan Campbell (DET),0,0,21,308,14.7,9,4,0,0,0,0,14,54.8,3.9,0.00%
2006,20,Chris Baker (NYJ),0,0,31,300,9.7,2,4,0,0,0,0,16,54,3.4,0.00%
2005,1,Antonio Gates (LAC),9,20.9,89,"1,101",12.4,16,10,0,0,0,0,15,170.1,11.3,0.20%
2005,2,Jeremy Shockey (NYG),43,35.5,65,891,13.7,12,7,0,0,0,0,15,133.1,8.9,0.00%
2005,3,Todd Heap (BAL),7,19.4,75,855,11.4,12,7,0,0,0,0,16,127.5,8,0.00%
2005,4,Jerry Porter (OAK),0,0,76,942,12.4,14,5,1,-8,0,0,16,123.4,7.7,0.00%
2005,5,Alge Crumpler (ATL),6,23.1,65,877,13.5,15,5,0,0,0,0,16,119.7,7.5,0.00%
2005,6,Chris Cooley (WAS),11,19.6,71,774,10.9,6,7,0,0,0,0,16,119.4,7.5,0.00%
2005,7,Jason Witten (DAL),14,19.7,66,757,11.5,7,6,0,0,0,0,16,111.7,7,1.00%
2005,8,Ernest Wilford (JAC),5,8.6,41,681,16.6,13,7,0,0,0,0,16,110.1,6.9,0.00%
2005,9,Tony Gonzalez (KC),0,0,78,905,11.6,9,2,0,0,0,0,16,102.5,6.4,0.00%
2005,10,Randy McMichael (MIA),0,0,60,582,9.7,4,5,0,0,0,0,16,88.2,5.5,0.00%
2005,11,L.J. Smith (PHI),4,12.5,61,682,11.2,8,3,0,0,0,0,16,86.2,5.4,0.00%
2005,12,Jerramy Stevens (SEA),9,12.2,45,554,12.3,7,5,0,0,0,0,15,85.4,5.7,0.00%
2005,13,Heath Miller (PIT),12,18.4,39,459,11.8,8,6,0,0,0,0,14,81.9,5.9,0.00%
2005,14,Ben Troupe (TEN),0,0,55,530,9.6,4,4,0,0,0,0,14,77,5.5,0.00%
2005,15,Dallas Clark (IND),0,0,37,488,13.2,8,4,0,0,0,0,14,72.8,5.2,0.00%
2005,16,Marcus Pollard (DET),7,12,46,516,11.2,7,3,0,0,0,0,15,69.6,4.6,0.00%
2005,17,Benjamin Watson (NE),0,0,29,441,15.2,10,4,0,0,0,0,15,68.1,4.5,2.80%
2005,18,Erron Kinney (TEN),0,0,55,543,9.9,5,2,0,0,0,0,13,66.3,5.1,0.00%
2005,19,Jermaine Wiggins (MIN),0,0,69,568,8.2,2,1,0,0,0,0,15,62.8,4.2,0.00%
2005,20,Steve Heiden (CLE),0,0,43,401,9.3,3,3,0,0,0,0,15,58.1,3.9,0.00%
2004,1,Antonio Gates (LAC),114,25.7,81,964,11.9,14,13,0,0,0,0,15,174.4,11.6,0.20%
2004,2,Tony Gonzalez (KC),148,26.8,102,"1,258",12.3,19,7,1,5,0,0,16,168.3,10.5,0.00%
2004,3,Jerry Porter (OAK),136,27.2,64,998,15.6,17,9,1,-4,0,2,16,149.4,9.3,0.00%
2004,4,Jason Witten (DAL),122,25.7,87,980,11.3,13,6,0,0,0,1,16,134,8.4,1.00%
2004,5,Alge Crumpler (ATL),74,19.5,48,774,16.1,17,6,0,0,0,1,14,111.4,8,0.00%
2004,6,Randy McMichael (MIA),118,20.5,73,791,10.8,9,4,0,0,0,0,16,105.1,6.6,0.00%
2004,7,Jeremy Shockey (NYG),97,21.2,61,666,10.9,10,6,0,0,0,0,15,102.6,6.8,0.00%
2004,8,Jermaine Wiggins (MIN),92,16.9,71,705,9.9,9,4,0,0,0,0,14,94.5,6.8,0.00%
2004,9,Eric Johnson (SF),117,21.1,82,825,10.1,4,2,0,0,0,1,16,92.5,5.8,0.00%
2004,10,Daniel Graham (NE),48,9.9,30,364,12.1,6,7,0,0,0,0,14,78.4,5.6,0.00%
2004,11,Bubba Franks (GB),48,8.7,34,361,10.6,3,7,0,0,0,0,16,78.1,4.9,0.00%
2004,12,Dallas Clark (IND),39,7.8,25,423,16.9,7,5,0,0,0,1,14,70.3,5,0.00%
2004,13,Jeb Putzier (DEN),54,11.6,36,572,15.9,10,2,0,0,0,0,15,69.2,4.6,0.00%
2004,14,L.J. Smith (PHI),54,9.8,34,377,11.1,6,5,0,0,0,0,16,67.7,4.2,0.00%
2004,15,Chris Cooley (WAS),63,12.8,37,314,8.5,3,6,0,0,0,0,16,67.4,4.2,0.00%
2004,16,Marcus Pollard (IND),38,7.6,29,309,10.7,3,6,0,0,0,0,12,66.9,5.6,0.00%
2004,17,Steve Heiden (CLE),42,9.7,28,287,10.3,4,5,0,0,0,1,12,58.7,4.9,0.00%
2004,18,Jerramy Stevens (SEA),47,9.2,31,349,11.3,5,3,0,0,0,0,15,54.9,3.7,0.00%
2004,19,Freddie Jones (ARI),74,13.8,45,426,9.5,4,2,0,0,0,0,16,54.6,3.4,0.00%
2004,20,Ken Dilger (TB),55,11,39,345,8.8,3,3,0,0,0,0,16,54.5,3.4,0.00%
2003,1,Tony Gonzalez (KC),106,20.1,71,916,12.9,14,10,0,0,0,0,16,151.6,9.5,0.00%
2003,2,Shannon Sharpe (DEN),94,21.8,62,770,12.4,11,8,0,0,0,0,15,125,8.3,0.00%
2003,3,Todd Heap (BAL),112,27.4,57,693,12.2,13,3,3,21,0,0,16,97.4,6.1,0.00%
2003,4,Randy McMichael (MIA),83,18.8,49,598,12.2,8,2,0,0,0,0,16,77.8,4.9,0.00%
2003,5,Boo Williams (NO),62,12.1,41,436,10.6,4,5,0,0,0,0,15,73.6,4.9,0.00%
2003,6,Itula Mili (SEA),62,12.4,46,492,10.7,5,4,0,0,0,0,16,73.2,4.6,0.00%
2003,7,Marcus Pollard (IND),57,10.1,40,541,13.5,5,3,0,0,0,0,13,72.1,5.5,0.00%
2003,8,Alge Crumpler (ATL),80,18.1,44,552,12.5,8,3,0,0,0,1,16,71.2,4.5,0.00%
2003,9,Freddie Jones (ARI),89,17.4,55,517,9.4,5,3,0,0,0,0,16,69.7,4.4,0.00%
2003,10,Jimmy Kleinsasser (MIN),59,12.4,46,401,8.7,0,4,2,15,0,0,16,65.6,4.1,0.00%
2003,11,Daniel Graham (NE),63,11.9,38,409,10.8,8,4,0,0,0,0,13,64.9,5,0.00%
2003,12,Jeremy Shockey (NYG),70,11.5,48,535,11.1,6,2,0,0,0,1,9,63.5,7.1,0.00%
2003,13,Erron Kinney (TEN),58,11.6,41,381,9.3,2,3,0,0,0,0,16,62.1,3.9,0.00%
2003,14,Anthony Becht (NYJ),58,11.6,40,356,8.9,2,4,0,0,0,0,16,61.6,3.8,0.00%
2003,15,Mikhael Ricks (DET),61,10.8,37,434,11.7,6,2,0,0,0,0,15,55.4,3.7,0.00%
2003,16,Billy Miller (HOU),65,15.1,40,355,8.9,5,3,0,0,0,0,16,53.5,3.3,0.00%
2003,17,Bubba Franks (GB),44,9.3,30,241,8,2,4,0,0,0,0,15,52.1,3.5,0.00%
2003,18,Desmond Clark (CHI),71,14.2,44,433,9.8,4,2,0,0,0,2,15,51.3,3.4,0.00%
2003,19,Jed Weaver (SF),53,10.6,35,437,12.5,5,1,0,0,0,0,16,49.7,3.1,0.00%
2003,20,Antonio Gates (LAC),42,8.4,24,389,16.2,7,2,0,0,0,1,14,48.9,3.5,0.20%
2002,1,Tony Gonzalez (KC),106,20.1,71,916,12.9,14,10,0,0,0,0,16,151.6,9.5,0.00%
2002,2,Shannon Sharpe (DEN),94,21.8,62,770,12.4,11,8,0,0,0,0,15,125,8.3,0.00%
2002,3,Todd Heap (BAL),112,27.4,57,693,12.2,13,3,3,21,0,0,16,97.4,6.1,0.00%
2002,4,Randy McMichael (MIA),83,18.8,49,598,12.2,8,2,0,0,0,0,16,77.8,4.9,0.00%
2002,5,Boo Williams (NO),62,12.1,41,436,10.6,4,5,0,0,0,0,15,73.6,4.9,0.00%
2002,6,Itula Mili (SEA),62,12.4,46,492,10.7,5,4,0,0,0,0,16,73.2,4.6,0.00%
2002,7,Marcus Pollard (IND),57,10.1,40,541,13.5,5,3,0,0,0,0,13,72.1,5.5,0.00%
2002,8,Alge Crumpler (ATL),80,18.1,44,552,12.5,8,3,0,0,0,1,16,71.2,4.5,0.00%
2002,9,Freddie Jones (ARI),89,17.4,55,517,9.4,5,3,0,0,0,0,16,69.7,4.4,0.00%
2002,10,Jimmy Kleinsasser (MIN),59,12.4,46,401,8.7,0,4,2,15,0,0,16,65.6,4.1,0.00%
2002,11,Daniel Graham (NE),63,11.9,38,409,10.8,8,4,0,0,0,0,13,64.9,5,0.00%
2002,12,Jeremy Shockey (NYG),70,11.5,48,535,11.1,6,2,0,0,0,1,9,63.5,7.1,0.00%
2002,13,Erron Kinney (TEN),58,11.6,41,381,9.3,2,3,0,0,0,0,16,62.1,3.9,0.00%
2002,14,Anthony Becht (NYJ),58,11.6,40,356,8.9,2,4,0,0,0,0,16,61.6,3.8,0.00%
2002,15,Mikhael Ricks (DET),61,10.8,37,434,11.7,6,2,0,0,0,0,15,55.4,3.7,0.00%
2002,16,Billy Miller (HOU),65,15.1,40,355,8.9,5,3,0,0,0,0,16,53.5,3.3,0.00%
2002,17,Bubba Franks (GB),44,9.3,30,241,8,2,4,0,0,0,0,15,52.1,3.5,0.00%
2002,18,Desmond Clark (CHI),71,14.2,44,433,9.8,4,2,0,0,0,2,15,51.3,3.4,0.00%
2002,19,Jed Weaver (SF),53,10.6,35,437,12.5,5,1,0,0,0,0,16,49.7,3.1,0.00%
2002,20,Antonio Gates (LAC),42,8.4,24,389,16.2,7,2,0,0,0,1,14,48.9,3.5,0.20%