RK,PLAYER,POS,GP,1,2,3,4,5,6,7,8,9,10,11,12,13,14,15,16,17,AVG,TTL
1,Josh Allen   BUF,QB,16,38.8,11.8,23.0,25.9,20.4,17.4,BYE,23.2,28.8,20.3,44.7,10.1,17.7,37.8,24.5,6.9,23.2,23.4,374.6
2,Drake Maye   NE,QB,16,15.8,26.3,20.2,23.2,12.1,27.2,23.1,27.3,17.4,19.1,15.4,17.0,20.5,BYE,21.5,24.7,32.4,21.5,343.2
3,Matthew Stafford   LAR,QB,16,13.6,18.3,14.8,27.4,25.6,9.3,27.4,BYE,26.8,26.9,13.2,22.9,13.6,23.2,21.9,30.9,15.8,20.7,331.7
4,Trevor Lawrence   JAC,QB,16,11.3,21.2,8.8,11.7,27.2,19.2,17.6,BYE,22.2,10.8,16.0,20.1,21.7,19.4,44.3,31.2,24.1,20.4,326.9
5,Dak Prescott   DAL,QB,16,7.8,23.1,14.0,31.0,28.3,22.3,23.3,8.6,16.4,BYE,24.3,28.1,21.6,20.4,12.0,19.2,22.7,20.2,323.1
6,Jonathan Taylor   IND,RB,16,9.8,27.5,29.8,9.6,28.6,19.7,31.2,35.4,5.7,46.6,BYE,6.6,12.1,11.4,10.1,13.9,14.4,19.5,312.4
7,Christian McCaffrey   SF,RB,16,14.2,16.7,14.0,20.1,19.9,17.1,32.1,6.8,29.3,9.6,30.1,20.2,13.4,BYE,14.7,26.6,24.1,19.3,308.9
8,Caleb Williams   CHI,QB,16,24.2,18.0,29.1,12.8,BYE,19.9,5.7,12.8,36.7,25.1,10.3,21.7,10.5,15.9,19.0,21.0,23.0,19.1,305.6
9,Bo Nix   DEN,QB,16,8.8,21.2,13.4,26.7,17.9,13.4,40.0,24.8,19.5,7.8,12.6,BYE,17.4,16.0,29.1,16.2,20.5,19.1,305.3
10,Jalen Hurts   PHI,QB,16,24.3,11.5,29.0,19.4,19.5,21.6,24.0,25.4,BYE,12.0,14.5,30.9,17.3,4.4,22.9,19.4,8.9,19.1,305.1
11,Justin Herbert   LAC,QB,16,27.9,18.8,15.6,14.5,15.6,18.8,29.9,26.3,28.7,14.7,4.3,BYE,13.8,13.2,11.4,30.2,16.1,18.7,299.9
12,Patrick Mahomes II   KC,QB,14,26.0,23.1,13.2,27.3,27.7,31.5,26.2,25.0,11.5,BYE,14.3,18.1,29.4,8.3,14.1,,,21.1,295.7
13,Jared Goff   DET,QB,16,11.9,34.0,12.7,13.7,20.1,16.8,11.3,BYE,19.4,24.8,13.1,18.2,20.6,16.2,25.5,26.5,4.1,18.1,288.8
14,Bijan Robinson   ATL,RB,16,18.4,16.8,11.1,24.1,BYE,29.8,15.2,2.8,9.6,8.8,26.3,12.7,25.3,7.4,21.5,22.8,34.9,18.0,287.5
15,Jahmyr Gibbs   DET,RB,16,5.0,16.4,21.9,15.7,14.7,6.5,33.8,BYE,2.8,35.2,14.6,44.4,8.6,30.0,5.8,12.8,4.4,17.0,272.6
16,Baker Mayfield   TB,QB,16,22.6,19.9,17.7,19.9,26.7,19.6,12.1,4.1,BYE,22.9,17.8,5.5,14.5,12.1,20.2,13.7,19.4,16.8,268.7
17,James Cook III   BUF,RB,16,16.2,25.5,17.8,19.5,4.9,8.7,BYE,33.6,12.5,5.7,17.4,18.9,15.7,9.1,29.1,25.4,7.7,16.7,267.7
18,De'Von Achane   MIA,RB,16,13.5,18.2,9.1,16.1,10.6,27.0,9.8,15.1,10.6,34.5,16.5,BYE,19.4,16.5,12.7,15.0,11.2,16.0,255.8
19,Derrick Henry   BAL,RB,16,28.2,2.3,9.7,5.8,9.3,13.0,BYE,19.1,12.1,8.4,18.2,20.8,16.4,10.2,10.0,22.8,45.6,15.7,251.9
20,Jordan Love   GB,QB,15,15.9,20.9,12.1,26.3,BYE,16.0,13.4,28.3,10.0,7.8,17.7,7.1,25.8,20.3,15.9,3.8,,16.1,241.1
21,Sam Darnold   SEA,QB,16,5.4,17.8,16.7,16.1,28.6,20.0,9.6,BYE,28.2,5.9,8.3,17.7,3.1,23.3,11.3,21.5,7.1,15.0,240.6
22,Daniel Jones   IND,QB,13,29.5,22.8,15.8,12.4,16.7,23.5,22.2,23.2,17.1,16.5,BYE,16.8,16.1,1.8,,,,18.0,234.4
23,Jaxon Smith-Njigba   SEA,WR,16,10.4,10.3,15.6,9.0,19.2,22.2,18.3,BYE,14.0,15.3,11.6,29.1,2.3,21.1,11.3,15.6,7.2,14.5,232.5
24,Puka Nacua   LAR,WR,15,13.1,19.6,11.8,23.0,14.5,2.8,,BYE,15.8,12.4,7.3,9.7,7.2,28.7,18.9,34.5,10.7,15.3,230.0
25,Jaxson Dart   NYG,QB,13,,-0.3,0.3,19.8,17.6,23.6,29.4,19.4,27.2,26.3,,,13.6,BYE,23.1,1.0,25.1,17.4,226.2
26,Kyren Williams   LAR,RB,16,12.9,8.0,17.2,7.4,23.1,14.7,6.5,BYE,17.4,20.4,15.6,4.8,13.2,15.7,20.8,8.5,13.0,13.7,219.2
27,Jacoby Brissett   ARI,QB,13,,0.2,,,0.0,21.7,19.8,BYE,24.8,19.4,23.9,18.7,20.6,20.0,21.6,11.6,16.5,16.8,218.8
28,Aaron Rodgers   PIT,QB,15,25.7,12.4,12.7,12.8,BYE,17.5,24.6,16.8,12.1,8.4,9.4,,2.7,20.5,17.0,15.5,7.3,14.4,215.3
29,Travis Etienne Jr.   JAC,RB,16,15.6,14.9,11.6,18.5,5.8,5.5,5.5,BYE,11.5,13.7,19.3,17.6,4.1,20.2,28.5,12.6,9.2,13.4,214.1
30,Bryce Young   CAR,QB,15,10.2,22.3,11.6,10.3,13.0,19.5,10.5,,4.0,2.6,31.8,10.3,22.5,BYE,15.4,17.6,9.9,14.1,211.5
31,Javonte Williams   DAL,RB,16,18.4,19.0,7.2,16.0,25.9,3.4,17.8,16.9,6.3,BYE,9.3,10.1,14.0,12.7,15.1,4.3,11.4,13.0,207.8
32,Josh Jacobs   GB,RB,15,13.0,14.4,7.4,27.7,BYE,27.0,17.8,10.5,16.0,14.7,4.0,,9.1,15.2,21.2,2.8,0.3,13.4,201.1
33,Lamar Jackson   BAL,QB,12,29.4,26.3,27.0,11.7,,,BYE,,25.6,16.6,6.7,7.2,7.5,22.1,15.6,4.7,,16.7,200.4
34,C.J. Stroud   HOU,QB,13,9.7,15.0,12.4,18.4,28.8,BYE,14.7,22.7,4.4,,,,10.0,12.6,23.4,11.5,15.8,15.3,199.3
35,Chase Brown   CIN,RB,16,11.1,6.5,2.0,7.1,4.8,6.9,10.0,22.5,11.2,BYE,12.7,13.0,11.3,15.5,9.0,28.9,26.1,12.4,198.6
36,George Pickens   DAL,WR,16,3.0,12.8,12.8,25.4,11.7,22.8,8.2,7.8,7.9,BYE,20.4,20.6,10.8,3.7,3.3,19.0,7.8,12.4,198.0
37,Saquon Barkley   PHI,RB,16,14.4,15.4,5.5,13.4,14.8,6.7,4.2,29.4,BYE,10.1,9.0,5.4,5.6,18.2,15.2,21.2,6.8,12.2,195.3
38,Jason Myers   SEA,K,16,8.0,9.0,17.0,14.0,5.0,10.0,10.0,BYE,9.0,15.0,15.0,13.0,19.0,14.0,24.0,2.0,10.0,12.1,194.0
39,Amon-Ra St. Brown   DET,WR,16,4.5,30.2,13.7,19.0,10.0,4.7,14.6,BYE,9.7,11.8,4.2,20.9,0.0,9.2,28.4,5.4,6.8,12.1,193.1
40,Geno Smith   LV,QB,15,18.5,6.2,26.1,12.8,7.9,9.7,2.8,BYE,27.3,5.4,13.9,14.2,13.0,9.0,,15.0,9.1,12.7,190.9
41,D'Andre Swift   CHI,RB,15,6.5,10.9,7.8,12.0,BYE,23.5,19.8,13.1,,9.8,9.0,0.9,19.8,8.2,21.6,7.0,19.9,12.7,189.8
42,Cam Ward   TEN,QB,16,2.5,9.8,13.0,5.5,9.0,7.9,11.2,13.8,6.4,BYE,13.1,23.9,6.3,12.1,15.0,18.0,17.0,11.5,184.5
43,Trey McBride   ARI,TE,16,6.1,7.8,10.3,5.2,4.1,13.2,19.4,BYE,11.5,18.7,17.5,7.9,14.2,5.8,25.4,2.7,13.6,11.5,183.4
44,Brandon Aubrey   DAL,K,16,11.0,22.0,8.0,8.0,7.0,9.0,17.0,6.0,5.0,BYE,9.0,7.0,12.0,23.0,16.6,5.0,17.0,11.4,182.6
45,Brock Purdy   SF,QB,8,18.8,,,19.7,,,,,,,19.3,10.3,17.1,BYE,26.2,31.9,37.9,22.7,181.2
46,Ashton Jeanty   LV,RB,16,10.0,4.4,6.3,31.5,10.9,14.6,3.4,BYE,14.9,12.3,3.4,16.8,6.1,3.8,4.2,30.8,7.3,11.3,180.7
47,Rico Dowdle   CAR,RB,16,1.6,1.9,9.8,3.0,29.4,29.9,9.6,5.4,26.1,12.3,10.0,7.4,7.9,BYE,11.4,4.3,6.3,11.0,176.3
48,Tua Tagovailoa   MIA,QB,14,7.3,19.6,13.8,15.7,22.7,9.6,1.6,24.2,9.5,12.8,6.8,BYE,5.7,9.1,17.2,,,12.6,175.7
49,Ja'Marr Chase   CIN,WR,15,2.6,22.5,3.9,2.3,23.0,15.1,22.1,9.1,11.1,BYE,3.0,,11.0,5.2,13.2,10.9,18.0,11.5,173.0
50,Breece Hall   NYJ,RB,16,14.5,3.8,5.2,11.1,13.5,5.9,5.2,30.9,BYE,18.5,6.4,9.9,13.6,4.3,3.7,6.3,18.9,10.7,171.7
51,Chris Olave   NO,WR,16,5.4,5.4,5.7,7.0,5.9,9.8,21.8,6.0,5.7,16.4,BYE,7.0,10.7,3.0,14.5,26.8,17.9,10.6,169.0
52,Ka'imi Fairbairn   HOU,K,14,14.0,9.0,4.0,10.0,18.0,BYE,8.0,14.0,18.0,,,12.0,9.0,8.0,18.0,16.0,10.0,12.0,168.0
53,Jaylen Warren   PIT,RB,15,11.9,13.4,8.1,,BYE,6.3,15.8,7.3,14.9,9.1,6.7,12.8,10.4,12.2,4.8,27.1,6.4,11.1,167.2
54,Seattle Seahawks   SEA,DST,16,8.0,14.0,16.0,11.0,-3.0,11.0,9.0,BYE,9.0,21.0,2.0,4.0,30.0,19.0,4.0,2.0,10.0,10.4,167.0
54,Cameron Dicker   LAC,K,16,9.0,8.0,12.0,5.0,6.0,17.0,7.0,15.0,11.0,14.0,8.0,BYE,9.0,20.0,12.0,10.0,4.0,10.4,167.0
56,Davante Adams   LAR,WR,14,5.1,16.6,11.6,11.6,8.8,3.9,21.5,BYE,18.0,13.7,6.1,18.2,17.8,2.9,7.1,,,11.6,162.9
57,Joe Flacco   CIN,QB,12,14.2,9.8,4.7,3.3,,18.8,26.0,24.3,32.7,BYE,10.9,10.6,,,,0.2,1.2,13.0,156.5
58,RJ Harvey   DEN,RB,16,6.9,2.4,1.6,15.8,3.0,2.5,6.2,23.1,11.6,1.8,5.0,BYE,18.2,16.0,10.5,18.1,13.6,9.8,156.3
59,Nico Collins   HOU,WR,15,2.5,11.2,14.4,7.9,12.0,BYE,2.7,,7.5,15.6,15.2,5.5,16.5,12.1,20.5,5.9,5.7,10.3,155.2
60,TreVeyon Henderson   NE,RB,16,5.1,4.0,4.7,10.6,2.7,3.6,0.5,5.5,8.7,27.0,27.3,8.1,8.6,BYE,28.1,1.2,8.2,9.6,153.9
61,Houston Texans   HOU,DST,16,6.0,7.0,5.0,14.0,11.0,BYE,18.0,5.0,8.0,14.0,9.0,15.0,2.0,12.0,7.0,11.0,8.0,9.5,152.0
62,Cam Little   JAC,K,16,15.0,10.0,5.0,9.0,9.0,0.0,1.0,BYE,15.0,13.0,5.0,13.0,6.0,11.0,12.0,11.0,14.0,9.3,149.0
63,Will Reichard   MIN,K,16,9.0,8.0,14.0,8.0,3.0,BYE,18.0,6.0,11.0,9.0,5.0,10.0,0.0,8.0,12.0,11.0,16.0,9.3,148.0
64,Kenneth Walker III   SEA,RB,16,2.4,17.8,17.0,11.0,8.6,3.7,6.6,BYE,6.1,7.0,17.1,10.1,7.4,2.8,1.9,22.4,5.7,9.2,147.6
65,Jameson Williams   DET,WR,16,2.6,16.8,4.3,3.7,1.0,12.6,0.0,BYE,12.6,17.9,15.7,0.0,19.9,10.3,19.4,7.0,3.7,9.2,147.5
66,Tony Pollard   TEN,RB,16,6.9,9.2,11.9,7.6,11.8,4.7,6.1,5.3,6.8,BYE,2.6,4.1,4.3,28.1,17.2,10.2,9.5,9.1,146.3
67,Zach Charbonnet   SEA,RB,15,10.7,1.0,,10.4,10.8,3.7,17.5,BYE,4.6,14.3,4.7,9.5,11.2,6.6,3.1,13.4,24.2,9.7,145.7
68,Courtland Sutton   DEN,WR,16,12.1,0.6,17.8,14.1,9.9,1.7,10.7,6.7,9.0,2.4,5.9,BYE,12.2,6.2,17.3,14.6,4.0,9.1,145.2
69,Chase McLaughlin   TB,K,16,6.0,2.0,21.0,16.0,12.0,7.0,5.0,17.0,BYE,5.0,8.0,1.0,10.0,9.0,11.0,10.0,5.0,9.1,145.0
70,Quinshon Judkins   CLE,RB,14,,7.1,15.5,17.5,12.8,3.6,26.4,1.7,BYE,8.5,5.9,16.7,12.9,8.4,1.7,5.1,,10.3,143.8
71,Justin Fields   NYJ,QB,9,29.5,4.0,,27.1,25.9,4.9,4.0,20.9,BYE,8.0,19.3,,,,,,,16.0,143.7
72,A.J. Brown   PHI,WR,15,0.8,2.7,16.9,0.7,4.3,8.0,24.1,,BYE,1.3,4.9,17.0,25.2,10.0,10.1,9.5,6.8,9.5,142.3
73,Tyler Shough   NO,QB,10,,,0.0,,,,,5.3,10.2,19.0,BYE,8.9,18.4,22.3,18.1,17.1,21.9,14.1,141.2
74,Chris Boswell   PIT,K,16,14.0,12.0,3.0,6.0,BYE,15.0,8.0,20.0,10.0,6.0,10.0,4.0,1.0,9.0,4.0,11.0,8.0,8.8,141.0
75,Tee Higgins   CIN,WR,14,3.3,11.6,1.5,3.2,8.2,6.2,15.6,10.4,26.1,BYE,12.3,3.1,,21.2,,11.3,5.9,10.0,139.9
76,Andy Borregales   NE,K,16,8.0,9.0,2.0,6.0,13.0,5.0,7.0,13.0,6.0,4.0,10.0,18.0,15.0,BYE,7.0,10.0,6.0,8.7,139.0
77,Jake Bates   DET,K,16,7.0,10.0,9.0,13.0,5.0,5.0,8.0,BYE,7.0,13.0,5.0,12.0,6.0,16.0,11.0,6.0,5.0,8.6,138.0
78,David Montgomery   DET,RB,16,4.3,12.1,28.4,1.2,17.2,6.1,3.9,BYE,9.0,9.1,3.7,3.7,10.8,13.3,9.2,1.4,4.0,8.6,137.4
79,Tyler Loop   BAL,K,16,13.0,12.0,7.0,9.0,4.0,3.0,BYE,13.0,4.0,14.0,12.0,11.0,2.0,10.0,6.0,6.0,11.0,8.6,137.0
80,Mac Jones   SF,QB,11,,21.8,14.3,,22.2,13.2,6.2,19.0,15.8,24.1,-0.3,,0.2,BYE,,-0.3,,12.4,136.0
80,Evan McPherson   CIN,K,16,5.0,7.0,5.0,3.0,8.0,5.0,17.0,8.0,11.0,BYE,8.0,12.0,24.0,4.0,0.0,10.0,9.0,8.5,136.0
80,Eddy Pineiro   SF,K,13,,10.0,12.0,7.0,17.0,18.0,11.0,1.0,12.0,2.0,14.0,,,BYE,14.0,12.0,6.0,10.5,136.0
83,Tetairoa McMillan   CAR,WR,16,6.8,10.0,4.8,6.2,7.3,14.9,3.3,9.9,4.6,6.0,25.0,9.5,10.3,BYE,2.5,13.3,0.5,8.4,134.9
83,Kenny Gainwell   PIT,RB,16,2.3,3.6,8.6,25.4,BYE,3.6,1.5,1.5,3.4,0.4,22.5,12.2,4.5,10.2,12.6,18.8,3.8,8.4,134.9
85,Harrison Butker   KC,K,16,11.0,7.0,13.0,13.0,4.0,6.0,7.0,4.0,8.0,BYE,7.0,16.0,4.0,4.0,8.0,12.0,10.0,8.4,134.0
85,Joey Slye   TEN,K,15,15.0,17.0,11.0,0.0,13.0,,10.0,2.0,9.0,BYE,10.0,6.0,3.0,8.0,6.0,6.0,18.0,8.9,134.0
87,Marcus Mariota   WAS,QB,12,0.0,,20.3,17.2,,,4.9,13.3,0.0,18.7,16.4,BYE,24.3,-1.1,14.7,3.7,,11.0,132.5
88,Cairo Santos   CHI,K,14,7.0,3.0,7.0,19.0,BYE,,,11.0,11.0,6.0,16.0,8.0,6.0,8.0,8.0,14.0,8.0,9.4,132.0
89,Emeka Egbuka   TB,WR,16,19.6,8.9,8.5,16.1,24.3,2.4,5.8,3.5,BYE,17.5,4.0,3.2,4.2,1.5,6.4,4.0,2.0,8.2,131.9
90,Zay Flowers   BAL,WR,16,21.1,7.9,1.3,7.4,7.2,2.6,BYE,7.1,6.4,8.1,8.3,6.9,-1.4,12.6,12.8,14.2,9.0,8.2,131.5
91,Jacksonville Jaguars   JAC,DST,16,11.0,8.0,12.0,15.0,7.0,2.0,-4.0,BYE,3.0,11.0,12.0,7.0,14.0,10.0,10.0,6.0,7.0,8.2,131.0
91,Philadelphia Eagles   PHI,DST,16,3.0,5.0,13.0,14.0,2.0,1.0,12.0,6.0,BYE,11.0,8.0,5.0,4.0,13.0,16.0,5.0,13.0,8.2,131.0
93,Jaylen Waddle   MIA,WR,16,3.0,12.8,9.9,4.8,17.0,9.8,1.5,15.9,8.2,14.4,5.2,BYE,4.0,13.1,2.6,7.2,0.7,8.1,130.1
94,J.J. McCarthy   MIN,QB,9,23.2,4.8,,,,BYE,,,19.9,16.7,8.0,2.5,,20.4,24.5,9.3,,14.4,129.4
95,Jacory Croskey-Merritt   WAS,RB,16,14.2,1.7,9.1,5.7,25.0,4.8,3.2,2.5,4.1,3.0,3.3,BYE,2.0,3.2,15.6,8.5,22.5,8.0,128.4
96,DK Metcalf   PIT,WR,15,8.3,8.0,9.2,18.6,BYE,15.5,5.0,11.5,0.6,3.5,4.9,9.4,3.2,14.8,11.5,4.2,,8.5,128.2
97,Nick Folk   NYJ,K,16,10.0,6.0,10.0,11.0,7.0,12.0,7.0,12.0,BYE,9.0,2.0,5.0,11.0,4.0,11.0,6.0,4.0,7.9,127.0
98,Michael Wilson   ARI,WR,16,0.5,7.1,0.5,1.5,1.6,4.4,4.0,BYE,6.1,3.4,18.5,11.8,3.6,26.2,11.4,11.2,14.9,7.9,126.7
99,Riley Patterson   MIA,K,16,0.0,11.0,3.0,10.0,7.0,10.0,6.0,10.0,8.0,7.0,11.0,BYE,14.0,13.0,5.0,3.0,8.0,7.9,126.0
100,Wan'Dale Robinson   NYG,WR,16,5.5,20.2,2.6,1.4,3.2,14.4,9.5,4.8,4.6,6.2,3.6,21.6,3.4,BYE,11.4,2.2,11.3,7.9,125.9
101,CeeDee Lamb   DAL,WR,13,11.0,11.2,0.0,,,,17.0,7.6,8.5,BYE,12.6,7.5,17.2,12.1,11.1,5.1,4.6,9.7,125.5
102,Dallas Goedert   PHI,TE,15,4.4,,9.3,15.7,7.9,17.0,1.8,14.8,BYE,4.3,2.4,2.0,2.7,7.8,19.0,9.2,6.8,8.3,125.1
103,Los Angeles Rams   LAR,DST,16,11.0,8.0,6.0,7.0,1.0,17.0,11.0,BYE,9.0,6.0,9.0,18.0,2.0,6.0,0.0,6.0,8.0,7.8,125.0
103,Minnesota Vikings   MIN,DST,16,5.0,5.0,30.0,4.0,3.0,BYE,3.0,0.0,9.0,1.0,3.0,1.0,9.0,18.0,2.0,11.0,21.0,7.8,125.0
103,Pittsburgh Steelers   PIT,DST,16,2.0,5.0,16.0,10.0,BYE,10.0,1.0,-4.0,18.0,5.0,21.0,10.0,5.0,4.0,7.0,5.0,10.0,7.8,125.0
106,Kareem Hunt   KC,RB,16,2.6,3.4,10.4,4.7,17.7,3.4,1.8,16.2,11.5,BYE,12.2,17.0,8.0,9.0,2.0,0.2,3.8,7.7,123.9
107,Kyle Monangai   CHI,RB,16,1.1,3.6,2.0,1.8,BYE,4.4,15.4,2.4,19.8,8.8,9.7,10.8,19.0,7.7,3.3,9.3,4.7,7.7,123.8
108,Michael Penix Jr.   ATL,QB,9,24.0,5.3,5.8,19.7,BYE,14.6,12.2,,22.7,11.0,7.9,,,,,,,13.7,123.3
109,Woody Marks   HOU,RB,15,0.3,5.1,3.6,23.9,2.4,BYE,9.5,11.1,2.7,14.1,5.1,6.9,6.7,13.6,9.8,,7.5,8.2,122.3
110,Denver Broncos   DEN,DST,16,14.0,0.0,9.0,10.0,7.0,13.0,5.0,6.0,5.0,14.0,8.0,BYE,4.0,11.0,7.0,4.0,5.0,7.6,122.0
111,Michael Pittman Jr.   IND,WR,16,14.0,4.0,13.3,10.1,9.9,2.0,13.8,15.5,11.5,1.9,BYE,8.7,1.3,7.9,2.6,3.2,1.6,7.6,121.3
112,Stefon Diggs   NE,WR,16,5.7,3.2,2.3,10.1,14.6,2.8,6.9,7.4,9.8,10.6,10.5,2.0,2.6,BYE,2.6,13.8,16.1,7.6,121.0
113,Quentin Johnston   LAC,WR,14,19.9,12.9,8.9,15.8,2.9,,9.0,0.0,11.3,4.2,0.0,BYE,8.3,0.8,,16.4,9.8,8.6,120.2
114,Drake London   ATL,WR,11,5.5,2.9,5.5,17.0,BYE,21.8,4.2,,29.8,18.4,11.9,,,,,2.7,0.4,10.9,120.1
115,Wil Lutz   DEN,K,16,8.0,4.0,9.0,4.0,9.0,9.0,5.0,9.0,4.0,4.0,18.0,BYE,9.0,6.0,4.0,10.0,8.0,7.5,120.0
116,DeVonta Smith   PHI,WR,16,1.6,5.3,12.0,2.9,11.4,4.9,24.3,8.4,BYE,12.9,0.8,8.9,4.8,3.7,5.0,10.2,2.5,7.5,119.6
117,DJ Moore   CHI,WR,16,5.6,4.6,8.8,3.8,BYE,5.2,5.2,7.6,19.0,0.0,2.1,18.4,2.7,-0.4,18.9,16.9,0.7,7.4,119.1
118,Chad Ryland   ARI,K,16,11.0,10.0,7.0,10.0,3.0,11.0,12.0,BYE,10.0,2.0,4.0,6.0,7.0,5.0,2.0,17.0,2.0,7.4,119.0
119,Joe Burrow   CIN,QB,7,8.8,7.0,,,,,,,,BYE,,,19.2,25.4,7.5,29.0,20.4,16.8,117.3
119,Jayden Daniels   WAS,QB,7,20.1,19.7,,,17.1,22.6,17.7,,16.2,,,BYE,,3.7,,,,16.8,117.3
121,Kyle Pitts Sr.   ATL,TE,16,5.9,3.7,3.9,13.0,BYE,1.8,6.2,5.9,3.8,3.8,1.4,2.5,8.2,9.0,34.6,11.7,1.6,7.3,117.0
122,Travis Kelce   KC,TE,16,10.7,6.1,2.6,4.8,12.1,7.8,5.4,15.9,8.6,BYE,15.1,4.4,10.5,0.8,7.0,0.6,3.6,7.2,116.0
123,New England Patriots   NE,DST,16,7.0,13.0,2.0,11.0,8.0,5.0,19.0,11.0,1.0,2.0,5.0,10.0,11.0,BYE,-2.0,5.0,7.0,7.2,115.0
123,Blake Grupe   IND,K,15,7.0,3.0,7.0,9.0,16.0,16.0,2.0,4.0,4.0,5.0,BYE,4.0,,7.0,15.0,11.0,5.0,7.7,115.0
125,Ladd McConkey   LAC,WR,16,7.4,4.8,4.1,1.1,9.9,16.0,6.7,14.8,5.6,16.7,1.3,BYE,9.9,1.2,2.0,10.3,3.1,7.2,114.9
126,Jauan Jennings   SF,WR,14,1.6,14.9,,4.4,,0.7,3.1,4.5,10.1,11.1,5.4,10.1,9.9,BYE,15.7,13.1,10.2,8.2,114.8
127,Harold Fannin Jr.   CLE,TE,16,6.6,4.8,2.5,2.5,7.3,8.1,3.6,12.4,BYE,4.4,2.6,4.4,8.3,17.4,5.0,15.5,9.0,7.2,114.4
128,Deebo Samuel Sr.   WAS,WR,15,15.6,10.4,2.9,14.1,15.6,1.4,,1.2,4.4,8.9,13.7,BYE,6.1,2.7,4.3,3.5,9.3,7.6,114.1
129,Rhamondre Stevenson   NE,RB,13,2.7,16.2,1.6,4.1,12.7,1.8,14.8,4.9,,,,1.0,8.0,BYE,7.7,15.8,22.2,8.7,113.5
130,Hunter Henry   NE,TE,16,6.6,0.9,21.0,9.9,4.6,2.7,3.3,6.7,5.1,0.9,4.5,17.5,7.3,BYE,1.8,9.5,10.9,7.1,113.2
131,Brock Bowers   LV,TE,12,10.3,3.8,5.8,4.6,,,,BYE,31.3,2.7,7.2,5.5,18.3,10.6,2.8,9.3,,9.4,112.2
132,Troy Franklin   DEN,WR,16,4.4,16.0,0.8,5.5,5.5,0.1,9.9,20.9,4.3,10.0,8.4,BYE,2.1,1.1,14.8,6.6,1.7,7.0,112.1
133,Cleveland Browns   CLE,DST,16,4.0,-1.0,13.0,1.0,7.0,0.0,25.0,9.0,BYE,5.0,17.0,16.0,1.0,2.0,2.0,2.0,9.0,7.0,112.0
133,Parker Washington   JAC,WR,15,0.0,7.6,3.4,5.9,7.6,2.9,6.2,BYE,9.0,14.9,2.0,13.1,2.6,,5.3,20.5,11.0,7.5,112.0
135,Alec Pierce   IND,WR,14,3.6,6.8,6.7,,,4.8,9.8,6.9,11.5,14.4,BYE,2.6,13.8,8.0,1.6,20.6,0.0,7.9,111.1
136,Atlanta Falcons   ATL,DST,16,1.0,21.0,3.0,4.0,BYE,9.0,4.0,0.0,10.0,10.0,4.0,16.0,2.0,0.0,6.0,5.0,16.0,6.9,111.0
136,New Orleans Saints   NO,DST,16,8.0,5.0,-2.0,4.0,18.0,1.0,3.0,6.0,1.0,12.0,BYE,11.0,6.0,3.0,4.0,19.0,12.0,6.9,111.0
136,Jake Elliott   PHI,K,16,8.0,12.0,3.0,7.0,5.0,6.0,4.0,9.0,BYE,4.0,11.0,3.0,4.0,17.0,7.0,3.0,8.0,6.9,111.0
139,Romeo Doubs   GB,WR,16,6.8,8.8,2.5,23.8,BYE,5.5,7.2,6.4,9.1,0.5,5.3,2.3,8.0,0.0,3.6,14.4,6.2,6.9,110.4
140,Brandon McManus   GB,K,13,9.0,11.0,4.0,12.0,BYE,,,9.0,8.0,1.0,,12.0,8.0,4.0,16.0,10.0,6.0,8.5,110.0
141,Tyler Warren   IND,TE,16,7.9,7.9,3.8,13.3,10.4,12.3,12.9,5.3,2.6,9.9,BYE,4.5,8.2,1.7,1.9,3.0,4.3,6.9,109.9
142,Chicago Bears   CHI,DST,16,11.0,-4.0,11.0,10.0,BYE,9.0,13.0,1.0,5.0,7.0,5.0,6.0,5.0,2.0,18.0,5.0,5.0,6.8,109.0
142,Ryan Fitzgerald   CAR,K,16,5.0,4.0,15.0,1.0,10.0,14.0,7.0,4.0,5.0,1.0,10.0,3.0,7.0,BYE,6.0,13.0,4.0,6.8,109.0
144,Blake Corum   LAR,RB,16,1.6,10.4,5.3,1.6,1.3,2.3,4.3,BYE,5.8,5.6,0.5,2.4,14.1,25.1,13.1,12.1,1.8,6.7,107.3
145,Justin Jefferson   MIN,WR,16,10.8,8.1,7.5,12.6,12.3,BYE,7.9,7.4,10.7,3.7,6.1,4.8,0.4,1.1,2.2,8.5,3.0,6.7,107.1
145,Tyler Allgeier   ATL,RB,16,2.4,14.0,0.4,11.1,BYE,9.8,1.6,7.4,0.6,17.7,7.6,4.9,11.5,6.7,1.8,7.3,2.3,6.7,107.1
147,Jake Ferguson   DAL,TE,16,2.3,7.8,8.2,10.0,16.9,9.3,14.9,0.0,3.0,BYE,7.6,6.1,3.6,5.8,1.6,1.9,6.6,6.6,105.6
148,Jordan Mason   MIN,RB,15,7.5,3.8,23.6,7.2,9.6,BYE,11.7,0.6,3.7,3.1,10.5,4.2,4.8,11.2,2.9,1.1,,7.0,105.5
149,Buffalo Bills   BUF,DST,16,0.0,10.0,2.0,6.0,6.0,4.0,BYE,17.0,5.0,3.0,4.0,6.0,15.0,10.0,4.0,8.0,5.0,6.6,105.0
149,Matt Prater   BUF,K,14,12.0,14.0,8.0,7.0,9.0,2.0,BYE,12.0,4.0,1.0,8.0,8.0,8.0,7.0,5.0,,,7.5,105.0
151,J.K. Dobbins   DEN,RB,10,12.8,14.5,14.3,10.5,14.4,4.0,8.0,12.1,5.9,8.4,,BYE,,,,,,10.5,104.9
151,Tyrone Tracy Jr.   NYG,RB,14,3.5,5.1,3.6,,,0.6,10.6,5.3,3.7,7.1,13.9,13.0,3.3,BYE,21.7,7.8,5.7,7.5,104.9
153,Cam Skattebo   NYG,RB,8,0.9,11.9,18.1,11.0,8.4,29.0,15.4,9.0,,,,,,BYE,,,,13.0,103.7
153,Omarion Hampton   LAC,RB,9,6.1,2.5,18.9,22.5,7.0,,,,,,,BYE,,12.7,6.5,15.5,12.0,11.5,103.7
155,Spencer Rattler   NO,QB,9,11.5,21.7,12.7,13.9,15.1,11.1,13.5,3.6,,,BYE,,,,0.0,,,11.5,103.1
156,Los Angeles Chargers   LAC,DST,16,2.0,13.0,3.0,6.0,3.0,8.0,-3.0,11.0,5.0,15.0,-2.0,BYE,8.0,12.0,13.0,4.0,5.0,6.4,103.0
156,Andre Szmyt   CLE,K,16,5.0,5.0,9.0,4.0,5.0,11.0,7.0,1.0,BYE,9.0,11.0,8.0,0.0,5.0,5.0,9.0,9.0,6.4,103.0
158,Rome Odunze   CHI,WR,12,9.7,24.8,12.2,12.9,BYE,3.2,3.1,11.4,0.0,14.6,4.1,5.3,0.8,,,,,8.5,102.1
159,George Kittle   SF,TE,10,8.5,,,,,,0.0,10.3,2.9,14.4,18.7,7.8,6.7,BYE,14.8,17.5,,10.2,101.6
160,Tre Tucker   LV,WR,16,11.4,1.9,32.9,2.2,7.1,7.0,3.3,BYE,3.8,3.5,10.7,2.8,2.0,2.4,0.0,5.4,4.9,6.3,101.3
161,Kimani Vidal   LAC,RB,12,,,,0.0,1.9,19.8,3.5,18.7,3.0,16.8,1.2,BYE,19.7,10.4,4.8,1.1,,8.4,100.9
162,Indianapolis Colts   IND,DST,16,13.0,1.0,15.0,5.0,17.0,4.0,7.0,7.0,5.0,5.0,BYE,8.0,5.0,1.0,2.0,-1.0,6.0,6.3,100.0
163,Rachaad White   TB,RB,16,1.6,12.6,1.4,4.6,19.1,14.6,4.4,6.1,BYE,5.4,6.2,4.2,2.9,5.5,2.6,6.0,1.7,6.2,98.9
164,Juwan Johnson   NO,TE,16,7.6,10.9,5.1,2.8,1.7,-0.5,7.9,5.3,9.1,15.2,BYE,4.6,3.9,3.8,3.0,8.9,9.5,6.2,98.8
165,Bucky Irving   TB,RB,9,10.5,12.1,9.9,20.5,,,,,BYE,,,,14.1,14.1,7.1,7.1,3.3,11.0,98.7
166,Kirk Cousins   ATL,QB,9,,,1.2,,BYE,,,7.1,,,2.1,15.5,13.4,4.5,26.9,18.6,9.1,10.9,98.3
167,Keenan Allen   LAC,WR,16,12.8,12.1,12.5,3.7,5.8,2.7,17.9,4.4,4.1,1.9,5.3,BYE,3.0,2.2,3.6,4.4,1.7,6.1,98.1
168,Christian Watson   GB,WR,10,,,,,BYE,,,8.5,5.8,4.5,16.6,4.9,14.3,20.9,2.9,1.7,17.3,9.7,97.4
168,Rashid Shaheed   SEA,WR,17,3.3,11.2,4.2,5.2,17.4,2.8,4.0,5.5,6.8,2.3,2.9,0.5,1.6,12.7,7.1,9.1,0.8,5.7,97.4
170,Rashee Rice   KC,WR,8,,,,,,,16.2,16.5,14.6,BYE,3.8,16.1,21.4,3.4,5.1,,,12.1,97.1
171,Miami Dolphins   MIA,DST,16,0.0,8.0,1.0,8.0,7.0,2.0,2.0,7.0,1.0,13.0,9.0,BYE,11.0,16.0,2.0,-2.0,12.0,6.1,97.0
172,Jakobi Meyers   JAC,WR,15,9.7,6.8,6.3,3.0,3.2,3.9,,BYE,2.3,4.1,6.4,11.0,15.3,10.8,7.1,4.6,1.9,6.4,96.4
173,Carolina Panthers   CAR,DST,16,2.0,3.0,22.0,-3.0,3.0,0.0,17.0,-2.0,9.0,5.0,2.0,7.0,13.0,BYE,6.0,5.0,7.0,6.0,96.0
174,Khalil Shakir   BUF,WR,16,6.4,1.2,10.5,12.9,5.0,3.3,BYE,14.8,4.3,5.8,-0.3,9.0,0.5,7.6,6.5,3.4,3.5,5.9,94.4
175,AJ Barner   SEA,TE,16,0.2,8.8,2.3,9.2,17.3,7.1,0.9,BYE,8.5,0.3,7.1,1.8,3.7,2.7,2.7,11.0,10.3,5.9,93.9
176,Chuba Hubbard   CAR,RB,14,14.9,13.7,7.6,6.9,,,5.5,9.4,1.7,1.5,2.8,4.3,18.4,BYE,3.8,3.4,-0.2,6.7,93.7
177,Baltimore Ravens   BAL,DST,16,-3.0,15.0,-4.0,-3.0,-2.0,5.0,BYE,4.0,15.0,8.0,9.0,11.0,2.0,0.0,23.0,7.0,6.0,5.8,93.0
177,Detroit Lions   DET,DST,16,0.0,8.0,8.0,19.0,10.0,2.0,12.0,BYE,7.0,2.0,2.0,3.0,-1.0,10.0,0.0,4.0,7.0,5.8,93.0
179,Jordan Addison   MIN,WR,13,,,,11.4,10.1,BYE,12.8,8.6,6.4,3.5,8.0,0.0,3.6,6.2,6.6,2.6,12.5,7.1,92.3
180,Tampa Bay Buccaneers   TB,DST,16,2.0,4.0,14.0,4.0,0.0,11.0,8.0,26.0,BYE,2.0,2.0,0.0,7.0,5.0,2.0,2.0,3.0,5.8,92.0
180,Colston Loveland   CHI,TE,15,1.2,0.0,3.1,,BYE,1.1,2.4,3.8,23.8,5.5,4.0,10.9,2.8,8.9,6.1,3.0,15.4,6.1,92.0
182,Matt Gay   SF,K,12,3.0,6.0,14.0,18.0,9.0,8.0,2.0,,2.0,5.0,7.0,9.0,8.0,BYE,,,,7.6,91.0
183,Aaron Jones Sr.   MIN,RB,12,12.7,2.3,,,,BYE,,3.0,9.8,12.9,8.1,5.7,0.5,7.6,6.5,9.3,12.3,7.6,90.7
184,Shedeur Sanders   CLE,QB,7,,,,,,,,,BYE,,2.5,11.3,10.6,34.5,6.5,13.2,11.4,12.8,89.9
185,Tennessee Titans   TEN,DST,16,10.0,4.0,-4.0,2.0,15.0,5.0,4.0,-1.0,20.0,BYE,5.0,6.0,3.0,7.0,0.0,10.0,3.0,5.6,89.0
186,Kayshon Boutte   NE,WR,13,10.3,7.6,2.8,1.8,4.3,21.3,11.5,13.5,0.0,,,1.5,9.5,BYE,3.0,1.6,,6.8,88.7
187,Dalton Schultz   HOU,TE,16,2.8,2.9,3.9,3.0,6.0,BYE,9.8,2.4,7.7,11.3,5.1,0.8,5.5,2.2,13.6,9.5,1.9,5.5,88.4
188,Daniel Carlson   LV,K,16,11.0,12.0,4.0,6.0,6.0,10.0,0.0,BYE,5.0,1.0,11.0,5.0,2.0,6.0,0.0,3.0,5.0,5.4,87.0
189,Marvin Harrison Jr.   ARI,WR,12,13.1,2.7,4.4,12.6,9.8,3.2,5.8,BYE,15.6,11.3,,,6.9,,,1.4,0.0,7.2,86.8
190,Brian Thomas Jr.   JAC,WR,13,8.0,4.9,5.5,5.6,8.0,15.0,3.1,BYE,5.5,,,,2.8,8.7,13.1,1.8,3.9,6.6,85.9
191,Tucker Kraft   GB,TE,8,7.9,18.4,2.9,5.6,BYE,10.3,11.8,26.3,2.0,,,,,,,,,10.6,85.2
192,Sean Tucker   TB,RB,16,0.2,0.0,0.0,0.0,-0.1,8.5,0.6,10.2,BYE,5.1,32.0,4.6,0.0,8.9,6.7,6.3,0.8,5.2,83.8
193,Theo Johnson   NYG,TE,15,0.5,3.4,1.0,7.7,15.3,2.7,12.6,2.0,8.7,7.5,3.6,7.7,2.9,BYE,7.2,0.0,,5.5,82.8
194,Hollywood Brown   KC,WR,15,9.9,3.0,4.2,9.8,4.8,16.5,7.4,0.0,7.3,BYE,4.0,1.0,8.0,3.5,,2.2,0.7,5.5,82.3
194,Dalton Kincaid   BUF,TE,11,10.8,3.7,12.6,8.8,10.8,,BYE,2.3,16.1,3.7,,,,10.1,3.4,0.0,,7.5,82.3
196,Mark Andrews   BAL,TE,16,0.5,0.4,21.1,3.0,2.2,2.6,BYE,3.4,14.6,7.4,12.7,1.1,4.7,0.9,1.8,2.4,2.8,5.1,81.6
197,Kansas City Chiefs   KC,DST,16,3.0,3.0,12.0,8.0,7.0,2.0,13.0,10.0,2.0,BYE,2.0,1.0,1.0,4.0,7.0,2.0,4.0,5.1,81.0
198,Kyler Murray   ARI,QB,5,18.3,15.0,14.1,18.1,15.3,,,BYE,,,,,,,,,,16.2,80.8
199,Devin Singletary   NYG,RB,16,0.9,0.0,1.1,2.8,2.4,1.0,0.2,2.8,5.1,7.3,16.7,4.7,16.2,BYE,1.4,4.6,13.0,5.0,80.2
199,Jayden Higgins   HOU,WR,16,3.2,2.8,0.5,8.4,3.2,BYE,0.0,9.4,0.4,10.2,5.5,9.8,6.5,3.4,0.4,1.7,14.8,5.0,80.2
201,Oronde Gadsden II   LAC,TE,14,,,4.6,1.6,1.4,4.8,22.4,13.7,6.8,1.3,4.1,BYE,2.7,0.7,6.1,0.7,9.2,5.7,80.1
202,Arizona Cardinals   ARI,DST,16,5.0,13.0,6.0,5.0,7.0,2.0,1.0,BYE,15.0,6.0,-1.0,17.0,3.0,-4.0,-1.0,7.0,-1.0,5.0,80.0
202,Zane Gonzalez   ATL,K,8,,,,,BYE,,,,,6.0,12.0,15.0,8.0,10.0,6.0,10.0,13.0,10.0,80.0
204,Luther Burden III   CHI,WR,14,-0.3,0.5,16.8,-0.4,BYE,5.1,2.1,-0.1,,5.1,2.7,6.1,3.6,7.0,8.4,,19.8,5.5,76.4
204,Zach Ertz   WAS,TE,13,8.6,12.4,3.8,4.1,0.0,10.3,9.7,1.6,4.6,5.4,4.2,BYE,10.6,1.1,,,,5.9,76.4
206,Chimere Dike   TEN,WR,16,0.9,0.8,0.5,-0.4,1.7,0.8,12.9,9.4,6.5,BYE,1.4,16.4,-1.1,8.4,1.0,10.0,6.2,4.7,75.4
207,Carson Wentz   MIN,QB,5,,,15.3,23.2,14.7,BYE,13.3,8.8,,,,,,,,,,15.1,75.3
207,Nick Chubb   HOU,RB,15,6.0,13.2,4.0,6.2,12.1,BYE,1.1,6.9,3.4,5.2,1.7,1.5,9.4,0.3,,4.2,0.1,5.0,75.3
209,Emanuel Wilson   GB,RB,16,0.4,0.0,2.5,8.1,BYE,0.7,1.5,8.7,1.7,0.4,12.9,24.5,1.4,1.0,0.3,8.2,2.4,4.7,74.7
209,Chris Rodriguez Jr.   WAS,RB,12,,,3.9,5.9,0.7,0.0,7.2,0.2,12.5,7.6,8.5,BYE,10.1,5.2,,12.9,,6.2,74.7
211,Green Bay Packers   GB,DST,16,10.0,5.0,8.0,-3.0,BYE,2.0,8.0,5.0,4.0,6.0,7.0,18.0,3.0,3.0,1.0,0.0,-3.0,4.6,74.0
212,Jake Moody   WAS,K,8,5.0,,,,,16.0,14.0,,,,,BYE,8.0,0.0,13.0,4.0,13.0,9.1,73.0
213,Josh Downs   IND,WR,15,1.2,5.1,3.4,2.4,5.4,10.2,,9.9,9.7,0.3,BYE,1.0,4.4,2.3,7.3,6.8,3.4,4.9,72.8
214,Dillon Gabriel   CLE,QB,10,,4.8,,0.0,16.1,8.8,5.8,13.5,BYE,20.1,2.9,,0.0,,,0.0,,7.2,72.1
215,New York Giants   NYG,DST,16,3.0,1.0,2.0,7.0,1.0,8.0,1.0,0.0,3.0,0.0,2.0,4.0,2.0,BYE,5.0,15.0,18.0,4.5,72.0
215,San Francisco 49ers   SF,DST,16,9.0,5.0,5.0,0.0,7.0,0.0,8.0,2.0,2.0,-3.0,6.0,9.0,11.0,BYE,0.0,12.0,-1.0,4.5,72.0
217,Colby Parkinson   LAR,TE,14,-2.6,,0.0,1.7,0.0,,4.7,BYE,1.0,10.1,7.4,10.1,2.7,9.2,19.5,2.1,5.3,5.1,71.2
218,Bam Knight   ARI,RB,12,,0.0,,0.0,8.4,11.4,6.4,BYE,4.7,3.3,10.5,9.2,13.8,3.4,-0.2,,,5.9,70.9
219,Elic Ayomanor   TEN,WR,15,1.3,11.6,9.8,4.4,1.8,2.7,2.9,5.2,4.6,BYE,1.1,,0.5,7.4,1.7,5.8,9.7,4.7,70.5
219,Terry McLaurin   WAS,WR,9,2.7,4.8,7.4,,,,,11.4,,,,BYE,15.6,4.1,12.9,5.3,6.3,7.8,70.5
221,Bhayshul Tuten   JAC,RB,14,1.1,13.4,8.1,2.2,1.1,2.8,2.2,BYE,8.6,1.0,13.4,1.7,7.9,-1.5,8.3,,,5.0,70.3
222,Washington Commanders   WAS,DST,16,9.0,2.0,11.0,2.0,13.0,5.0,-1.0,6.0,-2.0,-2.0,4.0,BYE,3.0,3.0,9.0,3.0,5.0,4.4,70.0
223,Jerry Jeudy   CLE,WR,16,6.6,5.1,1.7,4.8,1.5,4.3,1.7,0.0,BYE,13.8,2.1,1.9,2.6,13.6,2.2,1.2,5.4,4.3,68.5
224,Isiah Pacheco   KC,RB,13,2.8,2.9,4.8,10.8,5.6,5.1,11.4,5.8,,BYE,,,3.3,3.0,2.1,7.5,3.2,5.3,68.3
225,Xavier Worthy   KC,WR,14,0.0,,,12.1,5.1,8.6,4.8,5.3,3.0,BYE,2.5,5.9,7.4,5.5,3.5,4.1,0.1,4.9,67.9
226,Chig Okonkwo   TEN,TE,16,1.9,3.5,6.6,0.4,4.8,4.6,0.0,5.3,1.0,BYE,5.6,4.0,2.9,2.0,3.3,10.4,11.5,4.2,67.8
227,Alvin Kamara   NO,RB,11,11.7,10.0,5.6,7.2,5.5,7.6,2.9,4.5,-0.3,11.5,BYE,1.5,,,,,,6.2,67.7
228,Pat Freiermuth   PIT,TE,16,2.8,3.1,0.6,0.0,BYE,1.1,23.1,1.3,8.7,3.3,1.9,7.9,0.0,0.9,4.5,2.0,6.3,4.2,67.5
229,Mack Hollins   NE,WR,15,0.3,6.8,2.7,6.4,0.0,2.8,5.3,8.9,0.9,10.6,6.4,3.0,2.3,BYE,4.1,6.9,,4.5,67.4
229,Cooper Kupp   SEA,WR,15,1.5,9.0,3.1,2.6,5.9,10.0,2.2,BYE,,7.4,2.3,2.4,2.4,9.5,4.6,3.9,0.6,4.5,67.4
231,Ryan Flournoy   DAL,WR,14,,0.0,2.1,2.6,12.4,3.3,0.0,0.7,7.2,BYE,6.2,0.0,3.4,17.5,4.0,7.8,,4.8,67.2
232,Cincinnati Bengals   CIN,DST,16,7.0,5.0,-1.0,1.0,2.0,3.0,3.0,-4.0,6.0,BYE,1.0,10.0,12.0,4.0,7.0,6.0,5.0,4.2,67.0
232,Harrison Mevis   LAR,K,8,,,,,,,,BYE,,6.0,3.0,13.0,4.0,9.0,12.0,14.0,6.0,8.4,67.0
232,Davis Mills   HOU,QB,5,,,,,1.2,BYE,,,6.2,28.7,16.4,14.5,,,,,,13.4,67.0
235,Sam LaPorta   DET,TE,9,7.9,2.6,3.3,3.9,15.2,11.5,1.5,BYE,15.7,5.3,,,,,,,,7.4,66.9
236,Jalen Nailor   MIN,WR,16,2.8,3.1,3.7,8.2,4.2,BYE,3.7,0.0,1.6,18.4,1.6,0.0,0.0,3.0,16.5,0.0,0.0,4.2,66.8
237,Darren Waller   MIA,TE,9,,,,14.7,13.8,7.2,0.0,,,,,BYE,4.7,1.7,18.6,4.0,0.0,7.2,64.7
238,Tyrod Taylor   NYJ,QB,6,,8.3,17.7,,,,4.1,,BYE,,,13.8,21.3,-0.8,,,,10.7,64.5
239,Tyjae Spears   TEN,RB,12,,,,,1.4,5.0,4.0,14.2,6.2,BYE,3.4,2.5,2.4,4.7,3.6,16.5,0.1,5.3,64.0
240,Garrett Wilson   NYJ,WR,7,15.5,5.0,14.4,14.2,13.1,1.3,,,BYE,0.0,,,,,,,,9.1,63.5
241,Tez Johnson   TB,WR,15,0.0,,0.0,1.3,6.1,10.5,11.8,4.3,BYE,16.2,0.6,9.3,0.5,0.0,0.0,-0.1,1.9,4.2,62.4
242,Michael Carter   ARI,RB,12,,,,0.1,13.3,6.4,3.6,BYE,,0.4,2.8,5.8,6.4,3.1,9.4,6.5,4.3,5.2,62.1
243,Michael Badgley   BUF,K,9,,,,,,8.0,6.0,9.0,12.0,8.0,,8.0,5.0,,,6.0,0.0,6.9,62.0
244,Malik Washington   MIA,WR,16,2.9,8.5,3.2,2.1,0.0,2.3,3.0,9.6,4.1,7.3,4.2,BYE,3.0,1.0,1.0,9.2,0.5,3.9,61.9
244,DeMario Douglas   NE,WR,16,6.2,0.8,0.7,0.0,1.7,13.1,1.7,4.7,16.0,3.4,3.1,5.1,3.3,BYE,0.5,0.6,1.0,3.9,61.9
246,Tyquan Thornton   KC,WR,14,4.1,11.9,13.1,7.1,9.0,0.0,3.9,0.0,0.0,BYE,6.1,0.0,0.0,1.9,4.7,,,4.4,61.8
246,T.J. Hockenson   MIN,TE,15,1.5,1.2,10.9,3.9,3.8,BYE,4.3,2.6,7.1,0.8,3.9,1.9,5.9,7.2,6.6,0.2,,4.1,61.8
248,Brenton Strange   JAC,TE,11,5.9,1.7,6.1,4.5,2.2,,,BYE,,,,9.3,10.5,2.7,2.6,9.9,5.4,5.5,60.8
249,Jake Tonges   SF,TE,16,7.5,3.1,2.1,11.8,10.1,5.8,0.0,6.2,0.0,0.0,0.0,0.0,0.0,BYE,0.0,0.7,12.0,3.7,59.3
249,Dawson Knox   BUF,TE,16,2.0,1.9,0.0,0.0,1.5,7.9,BYE,1.5,3.0,3.7,2.3,1.7,2.8,11.3,15.7,1.0,3.0,3.7,59.3
251,Ty Johnson   BUF,RB,16,2.4,0.6,2.1,0.0,1.0,1.6,BYE,0.6,8.0,2.6,13.0,5.2,2.5,3.9,2.8,7.6,4.8,3.7,58.7
252,Isaac TeSlaa   DET,WR,16,7.3,2.9,0.0,0.0,7.2,0.0,0.0,BYE,0.0,1.1,0.0,0.0,9.5,8.0,0.0,11.2,10.9,3.6,58.1
253,Joshua Karty   ARI,K,8,2.0,9.0,17.0,10.0,6.0,5.0,5.0,BYE,4.0,,,,,,,,,7.3,58.0
254,KaVontae Turpin   DAL,WR,14,2.7,11.3,6.8,3.4,,,1.7,-0.2,1.3,BYE,0.0,3.2,6.1,3.0,1.2,2.7,14.6,4.1,57.8
255,Keon Coleman   BUF,WR,12,17.2,2.6,2.0,4.5,6.3,1.1,BYE,3.0,1.7,10.6,,,6.9,1.6,0.0,,,4.8,57.5
256,Las Vegas Raiders   LV,DST,16,10.0,5.0,-1.0,3.0,-4.0,16.0,0.0,BYE,2.0,10.0,2.0,5.0,4.0,3.0,0.0,1.0,1.0,3.6,57.0
256,Spencer Shrader   IND,K,5,16.0,18.0,11.0,10.0,2.0,,,,,,BYE,,,,,,,11.4,57.0
258,Jake Browning   CIN,QB,5,,20.7,7.9,5.4,22.1,,,,,BYE,,0.6,,,,,,11.3,56.7
259,Darius Slayton   NYG,WR,13,0.0,6.1,3.0,4.4,1.1,,,2.6,6.2,8.9,,2.3,12.1,BYE,5.3,0.8,3.6,4.3,56.4
260,Andrei Iosivas   CIN,WR,16,0.0,1.2,0.0,2.7,8.2,0.5,4.9,0.0,13.0,BYE,2.0,6.6,8.9,1.7,0.0,2.1,4.1,3.5,55.9
261,Samaje Perine   CIN,RB,14,0.6,0.0,0.1,0.4,2.9,3.2,3.1,16.0,0.5,BYE,,,3.4,3.8,4.3,10.1,7.3,4.0,55.7
262,Kendrick Bourne   SF,WR,15,,3.2,3.8,1.7,14.2,14.2,1.4,4.4,3.4,1.9,0.0,0.0,0.0,BYE,1.7,2.7,2.5,3.7,55.1
263,Marvin Mims Jr.   DEN,WR,15,-0.8,8.4,0.4,14.5,1.9,2.8,9.8,1.8,0.0,,0.2,BYE,1.7,6.7,3.7,2.9,1.0,3.7,55.0
263,Charlie Smyth   NO,K,5,,,,,,,,,,,BYE,,5.0,6.0,10.0,20.0,14.0,11.0,55.0
265,Adonai Mitchell   NYJ,WR,15,2.1,2.0,0.0,7.6,0.0,,0.8,0.0,0.7,,1.0,4.2,16.2,2.4,11.4,4.3,2.2,3.7,54.9
266,Xavier Hutchinson   HOU,WR,16,3.5,2.9,1.6,1.7,13.8,BYE,1.3,12.9,3.0,0.0,4.2,0.9,3.9,0.0,1.6,0.4,2.9,3.4,54.6
267,Dallas Cowboys   DAL,DST,16,1.0,1.0,-1.0,1.0,7.0,2.0,15.0,-2.0,13.0,BYE,9.0,5.0,2.0,-1.0,1.0,-1.0,2.0,3.4,54.0
268,Brian Robinson Jr.   SF,RB,16,3.7,1.9,2.2,2.1,1.2,0.8,3.6,0.0,11.3,10.5,2.4,4.4,2.6,BYE,2.1,2.0,2.8,3.3,53.6
269,David Njoku   CLE,TE,12,3.7,4.0,4.0,1.1,12.7,2.8,,9.7,BYE,8.1,0.7,0.0,0.4,6.1,,,,4.4,53.3
270,Russell Wilson   NYG,QB,6,11.1,31.3,7.1,0.3,,0.0,,,,3.0,,,,BYE,,,,8.8,52.8
271,Ricky Pearsall   SF,WR,10,10.8,5.2,11.7,4.6,,,,,0.0,,0.0,0.8,1.4,BYE,9.6,,8.5,5.3,52.6
272,Xavier Legette   CAR,WR,14,1.0,-0.2,,,9.1,1.1,15.2,1.7,2.2,0.0,14.3,2.2,0.1,BYE,3.9,1.2,0.3,3.7,52.1
272,Tory Horton   SEA,WR,8,0.0,9.2,15.2,1.0,9.9,0.0,0.0,BYE,16.8,,,,,,,,,6.5,52.1
274,Mike Evans   TB,WR,7,5.1,5.6,9.3,,,,0.0,,BYE,,,,,,13.2,9.1,9.1,7.3,51.4
275,Malik Willis   GB,QB,4,,,,,BYE,,,,,,5.8,0.6,,,,13.2,31.5,12.8,51.2
276,New York Jets   NYJ,DST,16,3.0,0.0,9.0,0.0,-3.0,9.0,6.0,-3.0,BYE,19.0,1.0,1.0,4.0,6.0,-2.0,4.0,-3.0,3.2,51.0
277,Isaiah Davis   NYJ,RB,16,1.8,0.6,0.0,2.7,3.3,0.1,3.2,12.9,BYE,1.1,1.1,0.7,0.0,2.2,12.5,6.0,2.0,3.1,50.2
277,Dylan Sampson   CLE,RB,14,9.3,7.9,0.2,-0.2,0.2,2.4,1.7,2.9,BYE,-0.1,1.9,14.2,2.3,4.8,,,2.7,3.6,50.2
279,Chris Godwin Jr.   TB,WR,8,,,,2.6,2.6,,,,BYE,,,0.9,7.8,5.5,10.0,3.0,16.8,6.2,49.2
280,Evan Engram   DEN,TE,15,2.1,1.2,,2.9,9.3,4.9,4.2,3.6,0.0,1.2,3.3,BYE,7.9,0.8,1.2,3.6,2.1,3.2,48.3
280,Darnell Mooney   ATL,WR,14,,2.0,4.4,1.5,BYE,,6.8,1.1,1.5,1.7,3.4,13.4,2.5,0.6,3.5,2.4,3.5,3.4,48.3
282,Parker Romo   ATL,K,7,,18.0,0.0,10.0,BYE,6.0,4.0,5.0,5.0,,,,,,,,,6.9,48.0
283,Cade Otton   TB,TE,15,0.0,2.5,0.0,0.9,8.1,5.1,6.5,4.0,BYE,8.2,2.8,2.1,0.9,1.9,,1.5,3.3,3.2,47.8
284,Gunnar Helm   TEN,TE,16,1.6,0.9,2.7,1.2,3.4,1.5,3.6,8.3,1.5,BYE,2.9,5.1,2.3,0.8,10.9,0.9,0.1,3.0,47.7
285,Jonnu Smith   PIT,TE,16,7.5,2.7,2.3,0.6,BYE,2.8,8.8,1.7,2.5,0.4,0.0,2.8,0.6,0.0,8.6,2.8,2.7,2.9,46.8
286,Jalen Coker   CAR,WR,10,,,,,,,0.0,3.6,0.9,2.1,7.2,3.2,13.4,BYE,10.0,4.7,1.6,4.7,46.7
287,Jeremy McNichols   WAS,RB,16,2.5,0.0,13.8,0.3,1.8,3.5,4.5,6.8,0.0,2.9,2.9,BYE,3.0,0.2,0.2,3.2,1.0,2.9,46.6
288,Keaton Mitchell   BAL,RB,12,,,,,1.3,0.0,BYE,4.3,1.8,3.1,5.4,1.9,9.1,7.6,6.6,1.3,3.8,3.8,46.2
289,Greg Dortch   ARI,WR,12,-0.2,1.1,0.8,3.9,1.2,6.9,0.5,BYE,0.9,6.2,12.6,10.8,1.4,,,,,3.8,46.1
290,Ollie Gordon II   MIA,RB,16,0.3,1.3,9.8,1.0,-0.2,0.2,1.3,12.6,0.9,-0.3,10.5,BYE,1.0,7.7,0.0,-0.1,0.0,2.9,46.0
291,Dontayvion Wicks   GB,WR,14,3.0,4.4,2.1,1.9,BYE,1.5,0.5,,,3.8,0.9,3.2,22.0,0.0,0.6,1.2,0.7,3.3,45.8
291,Olamide Zaccheaus   CHI,WR,15,4.2,2.1,3.6,4.1,BYE,2.8,0.9,3.3,11.8,0.5,0.0,0.6,1.9,6.7,0.0,3.3,,3.1,45.8
293,Cole Kmet   CHI,TE,15,3.1,2.9,7.0,4.6,BYE,0.0,1.6,,1.0,0.5,4.5,0.3,9.6,4.2,2.8,1.4,1.6,3.0,45.1
294,DeAndre Hopkins   BAL,WR,16,9.5,12.4,1.3,0.0,4.6,2.0,BYE,1.4,0.0,1.6,1.1,1.3,2.5,0.0,3.2,4.1,0.0,2.8,45.0
295,Mason Taylor   NYJ,TE,13,2.0,0.5,1.8,6.5,8.7,0.2,3.1,9.4,BYE,0.4,3.0,2.1,2.1,5.1,,,,3.5,44.9
296,Jameis Winston   NYG,QB,3,,,,,,,,,,,12.0,32.2,,BYE,0.0,,,14.8,44.3
297,Justice Hill   BAL,RB,10,-1.1,2.5,4.5,23.7,1.2,4.4,BYE,0.2,1.5,7.3,,0.0,,,,,,4.4,44.2
298,Calvin Austin III   PIT,WR,13,13.0,2.2,9.4,1.3,BYE,,,2.8,5.6,1.4,0.5,3.6,0.0,3.1,0.0,0.8,,3.4,43.7
299,Sterling Shepard   TB,WR,13,3.9,3.4,8.0,2.0,7.9,5.1,0.5,0.8,BYE,3.1,6.1,1.2,0.5,0.5,,,,3.3,43.0
299,Devin Neal   NO,RB,9,0.9,,,,,,0.1,1.1,1.2,3.1,BYE,6.1,6.9,14.4,9.2,,,4.8,43.0
301,Darnell Washington   PIT,TE,16,0.0,2.0,0.0,2.0,BYE,6.2,6.2,0.0,4.3,1.5,6.7,2.2,4.5,1.2,2.5,1.6,1.5,2.7,42.4
302,Noah Fant   CIN,TE,14,8.6,2.8,0.6,,0.0,2.7,10.4,4.1,8.8,BYE,1.6,0.9,0.3,1.5,0.0,,0.0,3.0,42.3
303,Mike Gesicki   CIN,TE,12,1.4,1.8,0.6,0.8,1.5,0.0,,,,BYE,,3.5,1.9,14.6,1.1,9.5,4.7,3.5,41.4
304,Devaughn Vele   NO,WR,13,1.3,6.3,,0.0,1.3,0.0,0.0,1.0,0.0,1.5,BYE,3.7,15.3,4.0,6.9,,,3.2,41.3
305,Jaylen Wright   MIA,RB,10,,,,,,,0.0,2.8,0.0,1.7,0.4,BYE,1.6,16.7,1.1,11.3,5.6,4.1,41.2
306,Jaylin Noel   HOU,WR,16,0.7,0.0,0.4,0.0,7.8,BYE,7.7,6.3,-0.3,3.5,1.2,0.9,0.0,1.3,0.0,0.0,11.6,2.6,41.1
306,Terrance Ferguson   LAR,TE,13,,0.0,,,2.1,0.0,9.1,BYE,5.4,3.2,0.0,0.0,0.0,0.0,0.6,9.3,11.4,3.2,41.1
308,Van Jefferson   TEN,WR,16,0.0,1.0,0.8,0.6,0.0,7.5,4.1,0.6,2.1,BYE,8.2,1.1,2.0,1.7,4.3,2.4,4.6,2.6,41.0
309,Pat Bryant   DEN,WR,14,0.0,1.8,0.0,0.0,0.0,2.2,0.6,10.0,2.0,4.3,8.2,BYE,4.2,3.2,,4.2,,2.9,40.7
310,Tyler Lockett   LV,WR,16,0.0,0.9,3.7,0.0,6.6,0.0,1.8,BYE,0.0,4.4,3.3,6.2,1.1,4.1,1.0,0.6,6.9,2.5,40.6
311,Luke McCaffrey   WAS,WR,9,0.0,3.9,11.6,8.1,5.0,9.3,0.0,2.4,0.0,,,BYE,,,,,,4.5,40.3
312,Matthew Golden   GB,WR,13,1.6,1.5,6.1,6.3,BYE,10.2,3.7,0.4,0.9,,2.4,,,0.0,5.5,0.4,1.2,3.1,40.2
313,Tyler Huntley   BAL,QB,5,,,,,,6.6,BYE,16.7,,,,,,,-0.3,2.8,14.3,8.0,40.1
314,Emari Demercado   ARI,RB,12,0.0,0.0,0.0,8.1,6.1,0.1,,BYE,7.8,10.4,2.0,,,,0.1,3.0,2.0,3.3,39.6
315,JuJu Smith-Schuster   KC,WR,16,5.5,0.5,5.5,9.6,1.7,5.7,3.5,2.9,0.2,BYE,0.0,0.8,0.0,0.5,0.0,1.2,1.6,2.5,39.2
316,Malik Nabers   NYG,WR,4,7.1,28.7,1.3,2.0,,,,,,,,,,BYE,,,,9.8,39.1
317,Graham Gano   NYG,K,5,8.0,13.0,3.0,,,,,9.0,6.0,,,,,BYE,,,,7.8,39.0
318,Davis Allen   LAR,TE,16,7.3,6.8,0.3,0.0,2.4,0.7,0.4,BYE,3.7,6.8,0.0,2.9,0.4,2.1,1.6,3.4,0.0,2.4,38.8
319,Kyle Williams   NE,WR,16,1.2,0.0,0.8,-0.2,0.0,0.0,0.0,0.0,0.0,13.2,0.0,1.8,9.3,BYE,0.0,10.6,2.0,2.4,38.7
320,Malik Davis   DAL,RB,10,,,,,,,0.0,0.3,0.3,BYE,2.0,2.4,10.7,0.6,9.7,2.3,10.3,3.9,38.6
321,Austin Hooper   NE,TE,15,1.0,3.8,2.8,2.4,0.0,0.5,7.1,3.8,2.0,0.0,,3.9,0.0,BYE,0.0,3.4,7.1,2.5,37.8
322,Kalif Raymond   DET,WR,14,1.6,2.3,0.4,7.3,0.0,0.0,1.7,BYE,0.0,5.9,0.0,3.7,,,2.0,12.2,0.5,2.7,37.6
323,Josh Oliver   MIN,TE,14,0.5,0.0,7.2,0.0,9.5,BYE,0.9,0.0,,,-0.3,0.4,0.0,14.4,1.8,1.9,0.8,2.6,37.1
324,John Metchie III   NYJ,WR,15,0.0,0.0,0.8,1.0,0.0,0.0,,0.0,BYE,-0.4,10.5,12.5,1.7,3.4,2.9,0.4,4.1,2.5,36.9
325,Cedric Tillman   CLE,WR,12,11.2,8.2,2.6,0.6,,,,,BYE,1.1,5.2,0.5,0.0,2.3,0.0,0.8,4.2,3.1,36.7
325,Jackson Hawes   BUF,TE,16,2.9,0.5,6.5,1.5,0.0,0.0,BYE,1.5,1.8,8.6,0.0,2.6,1.0,6.3,0.9,2.6,0.0,2.3,36.7
327,Tre' Harris   LAC,WR,16,1.1,3.4,0.0,0.0,0.0,2.7,2.3,6.8,1.8,0.4,1.2,BYE,3.0,2.1,4.9,5.4,1.5,2.3,36.6
328,Rashod Bateman   BAL,WR,13,1.0,1.5,12.3,2.4,0.0,0.8,BYE,5.1,7.3,3.0,,,0.0,2.3,,0.0,0.7,2.8,36.4
329,Tim Patrick   JAC,WR,15,0.0,0.0,1.6,-0.1,0.0,8.6,2.2,BYE,,0.0,8.0,0.0,1.1,13.8,0.0,1.1,0.0,2.4,36.3
330,Travis Hunter   JAC,WR,7,3.3,2.2,2.1,4.2,6.4,1.5,16.1,BYE,,,,,,,,,,5.1,35.8
331,Isaiah Bond   CLE,WR,15,0.5,1.5,1.6,5.8,2.9,0.9,0.0,0.0,BYE,,0.8,5.8,2.7,0.0,8.9,2.0,1.6,2.3,35.0
332,Philip Rivers   IND,QB,3,,,,,,,,,,,BYE,,,,7.8,18.1,8.8,11.6,34.7
333,Tank Bigsby   PHI,RB,15,1.2,,0.0,0.0,0.0,0.0,1.0,10.4,BYE,0.7,3.4,0.8,0.0,0.4,5.7,9.7,0.9,2.3,34.2
334,Michael Mayer   LV,TE,12,3.8,0.9,0.0,,,11.0,1.0,BYE,2.6,2.2,1.3,1.4,,,0.0,1.0,8.9,2.8,34.1
335,Demarcus Robinson   SF,WR,13,,,,2.0,3.9,4.4,0.0,2.5,0.0,3.4,1.3,0.8,0.6,BYE,3.6,8.3,3.0,2.6,33.8
336,Greg Dulcich   MIA,TE,9,,,,,,,,0.0,4.9,2.2,1.8,BYE,2.4,4.1,4.6,2.6,11.1,3.7,33.7
337,Jaylin Lane   WAS,WR,15,1.1,0.2,5.8,1.8,1.6,4.4,6.0,0.0,0.9,4.1,1.3,BYE,0.0,0.0,6.0,0.0,,2.2,33.2
338,Younghoe Koo   NYG,K,6,9.0,,,,,,,,,8.0,2.0,10.0,1.0,BYE,3.0,,,5.5,33.0
339,Tyreek Hill   MIA,WR,4,4.0,10.9,10.9,6.7,,,,,,,,BYE,,,,,,8.1,32.5
339,Brashard Smith   KC,RB,16,0.0,0.2,1.3,3.6,3.6,2.1,8.1,0.8,0.7,BYE,0.8,3.6,0.0,0.7,0.1,0.4,6.5,2.0,32.5
339,Kyle Juszczyk   SF,RB,16,3.2,0.5,6.1,3.2,2.0,0.9,0.8,0.4,1.2,0.8,2.6,0.0,2.7,BYE,0.7,0.0,7.4,2.0,32.5
342,Isaiah Likely   BAL,TE,13,,,,0.0,1.2,0.6,BYE,0.8,6.0,1.7,1.5,1.0,7.5,8.5,0.0,0.0,2.7,2.4,31.5
343,Tyler Higbee   LAR,TE,9,0.0,3.7,0.0,2.5,,10.0,1.9,BYE,7.3,3.3,2.3,,,,,,,3.4,31.0
344,Daniel Bellinger   NYG,TE,15,1.4,0.0,0.6,1.3,5.2,0.0,14.8,2.1,,0.8,0.0,0.0,0.0,BYE,3.5,0.0,1.1,2.1,30.8
345,Ray Davis   BUF,RB,16,0.1,2.4,0.0,0.3,0.1,7.9,BYE,1.6,0.0,-0.2,0.0,6.0,6.2,0.0,1.3,3.4,1.6,1.9,30.7
346,Tyrell Shavers   BUF,WR,16,0.0,0.0,2.4,0.0,0.0,2.7,BYE,0.0,0.7,2.4,15.0,0.0,0.0,1.6,0.0,2.1,3.6,1.9,30.5
347,Calvin Ridley   TEN,WR,7,2.7,5.7,2.7,3.0,13.1,1.8,,,,BYE,1.3,,,,,,,4.3,30.3
347,Isaiah Williams   NYJ,WR,14,,0.0,0.0,-2.0,,0.0,0.0,5.6,BYE,6.4,0.6,0.0,0.0,8.4,5.3,2.5,3.5,2.2,30.3
349,Joshua Palmer   BUF,WR,11,6.1,4.7,0.5,2.5,3.6,6.0,BYE,,,,1.7,2.1,,,1.6,0.2,1.2,2.7,30.2
349,Christian Kirk   HOU,WR,12,,,2.5,2.0,6.4,BYE,,,2.6,0.3,0.6,11.4,0.0,0.6,0.0,3.7,0.1,2.5,30.2
351,David Sills V   ATL,WR,16,0.0,0.0,0.9,0.0,BYE,0.0,0.0,1.4,0.0,0.0,1.1,7.6,7.5,0.0,7.8,0.0,3.7,1.9,30.0
352,Xavier Smith   LAR,WR,15,3.6,0.0,0.0,0.0,0.0,0.0,1.5,BYE,1.2,1.4,0.8,,8.2,0.6,0.0,5.7,6.7,2.0,29.7
353,Jayden Reed   GB,WR,6,10.5,0.0,,,BYE,,,,,,,,,5.3,5.5,4.1,4.1,4.9,29.5
354,Dyami Brown   JAC,WR,14,5.8,12.6,0.7,,1.5,2.0,5.0,BYE,2.9,0.0,0.0,0.0,,0.0,-1.6,0.0,0.0,2.1,28.9
355,Tanner Hudson   CIN,TE,12,,,,0.0,0.0,7.0,,0.9,4.2,BYE,2.2,0.9,7.4,1.1,1.6,0.4,3.1,2.4,28.8
356,Mitchell Evans   CAR,TE,16,0.0,0.9,0.9,8.3,6.4,2.1,2.4,0.0,0.0,0.0,2.8,0.0,2.0,BYE,0.0,2.3,0.6,1.8,28.7
357,Jalen Tolbert   DAL,WR,12,0.0,1.6,4.4,6.1,0.0,0.8,1.6,10.7,0.0,BYE,0.0,,0.0,,,,3.1,2.4,28.3
357,Kendre Miller   NO,RB,7,2.4,1.0,3.6,12.5,4.9,3.2,0.7,,,,BYE,,,,,,,4.0,28.3
359,Jahan Dotson   PHI,WR,16,5.9,0.4,0.7,0.0,2.4,1.7,0.0,10.0,BYE,0.0,4.3,0.0,1.2,0.3,0.0,1.3,0.0,1.8,28.2
360,Brandin Cooks   BUF,WR,15,2.6,2.6,2.4,2.2,0.5,2.1,0.3,2.2,1.6,0.0,,,1.3,0.0,0.0,0.0,10.1,1.9,27.9
361,Chris Moore   WAS,WR,13,3.4,,2.5,0.9,0.0,10.6,5.9,0.0,0.0,0.0,2.8,BYE,0.0,,,0.0,1.5,2.1,27.6
361,Taysom Hill   NO,TE,12,,,,,0.7,6.1,0.8,1.2,3.0,2.0,BYE,1.7,0.7,-0.1,0.2,11.3,0.0,2.3,27.6
363,Tommy Tremble   CAR,TE,16,0.2,2.0,1.6,10.2,0.7,3.9,0.0,0.4,0.0,0.0,5.4,0.0,0.2,BYE,1.3,0.6,0.6,1.7,27.1
364,Roman Wilson   PIT,WR,14,0.0,0.7,0.0,0.0,BYE,1.2,1.7,13.4,-1.6,9.5,1.7,0.0,0.0,0.0,,,0.0,1.9,26.6
365,Brady Cook   NYJ,QB,4,,,,,,,,,BYE,,,,,4.5,11.9,4.7,5.2,6.6,26.4
366,Charlie Kolar   BAL,TE,16,0.0,0.0,2.2,0.0,1.0,0.0,BYE,7.0,8.3,2.3,0.0,0.0,1.7,1.9,0.0,1.8,0.0,1.6,26.2
367,Quinn Ewers   MIA,QB,3,,,,,,,2.1,,,,,BYE,,,,8.9,14.8,8.6,25.8
368,Tyler Johnson   NYJ,WR,12,3.1,0.0,3.2,,0.0,0.0,6.0,12.4,BYE,0.0,0.0,,0.0,,,0.7,0.3,2.1,25.7
369,Audric Estime   NO,RB,6,,,,,,,,,,0.0,BYE,,0.0,1.1,5.0,3.6,15.8,4.3,25.5
369,Adam Trautman   DEN,TE,16,0.5,7.0,0.0,3.2,1.1,0.0,0.0,0.0,2.5,0.2,0.8,BYE,4.7,1.7,0.0,1.4,2.4,1.6,25.5
371,James Conner   ARI,RB,4,10.4,11.2,3.7,,,,,BYE,,0.0,,,,,,,,6.3,25.3
371,Elijah Higgins   ARI,TE,16,0.3,4.5,0.7,0.0,1.0,3.4,0.3,BYE,3.0,1.9,-0.9,0.0,1.7,0.0,0.3,9.1,0.0,1.6,25.3
373,Luke Musgrave   GB,TE,16,0.4,3.2,0.0,0.6,BYE,0.7,0.0,0.5,3.4,2.3,-0.1,0.7,2.3,2.2,5.2,3.8,0.0,1.6,25.2
374,Ja'Tavion Sanders   CAR,TE,13,2.7,5.4,1.1,,,,0.0,1.9,0.5,3.2,2.2,0.6,0.0,BYE,0.5,6.9,0.0,1.9,25.0
375,Jeremy Ruckert   NYJ,TE,16,1.6,6.5,0.0,2.3,2.8,0.0,0.0,2.4,BYE,0.0,2.3,0.0,1.2,1.9,1.3,1.4,0.2,1.5,23.9
376,Mitch Tinsley   CIN,WR,12,0.0,7.3,0.0,0.9,,,,,2.7,BYE,0.0,8.9,2.2,0.0,1.6,0.0,0.0,2.0,23.6
377,Zavier Scott   MIN,RB,10,,,5.0,10.4,-0.2,BYE,0.6,2.4,0.0,,,,2.1,2.0,,1.2,0.0,2.4,23.5
378,Tutu Atwell   LAR,WR,9,0.4,0.0,0.0,14.8,7.2,,0.0,BYE,,,,,,,0.9,0.0,0.0,2.6,23.3
379,Brock Wright   DET,TE,11,0.0,8.8,0.0,0.0,6.9,0.0,2.3,BYE,1.1,0.0,0.8,2.9,,,,,,2.1,22.8
380,Jawhar Jordan   HOU,RB,3,,,,,,BYE,,,,,,,,,11.8,7.0,3.6,7.5,22.4
380,Jack Bech   LV,WR,15,2.3,0.0,1.0,0.0,2.7,0.0,1.3,BYE,0.0,0.0,1.9,0.0,2.2,5.0,1.7,4.3,,1.5,22.4
380,Trey Benson   ARI,RB,5,7.5,4.4,5.1,5.4,,,,BYE,,,0.0,,,,,,,4.5,22.4
380,Hunter Luepke   DAL,RB,16,0.0,0.0,0.0,0.6,1.0,6.7,0.3,0.2,0.0,BYE,4.1,0.7,0.0,0.0,3.0,1.4,4.4,1.4,22.4
384,Lucas Havrisik   GB,K,3,,,,,BYE,10.0,11.0,,,,1.0,,,,,,,7.3,22.0
384,Matthew Wright   HOU,K,4,,,,,,5.0,,1.0,,4.0,12.0,,,,,,,5.5,22.0
386,Elijah Arroyo   SEA,TE,13,0.7,3.1,0.0,4.4,1.0,0.6,2.2,BYE,8.9,0.5,0.0,0.5,0.0,0.0,,,,1.7,21.9
387,Jaleel McLaughlin   DEN,RB,7,,,,,,0.0,,,,,7.4,BYE,3.0,3.1,0.4,3.7,4.0,3.1,21.6
387,Lil'Jordan Humphrey   DEN,WR,9,,,,,,5.5,0.0,0.0,,,0.0,BYE,0.0,2.7,10.2,0.9,2.3,2.4,21.6
389,Antonio Gibson   NE,RB,5,0.3,8.8,0.8,8.7,2.6,,,,,,,,,BYE,,,,4.2,21.2
390,Devontez Walker   BAL,WR,10,,14.6,3.4,0.0,0.0,,BYE,,,,0.0,3.0,0.0,,0.0,0.0,0.0,2.1,21.0
391,Hunter Renfrow   CAR,WR,6,1.1,16.8,0.6,1.0,0.7,0.7,,,,,,,,BYE,,,,3.5,20.9
392,Hunter Long   JAC,TE,9,6.6,0.0,1.2,8.3,0.3,1.9,1.6,BYE,0.6,,,,,0.0,,,,2.3,20.5
393,Bo Melton   GB,WR,15,0.0,,0.0,0.0,BYE,0.3,0.0,0.0,0.0,2.8,1.7,0.0,1.5,10.5,0.0,0.0,3.4,1.3,20.2
394,Elijah Moore   DEN,WR,9,1.1,9.7,4.1,0.0,,0.0,,1.4,2.8,0.8,,-0.3,,,,,,2.2,19.6
395,Jaret Patterson   LAC,RB,5,,,,,,,,3.0,4.4,0.1,,BYE,11.4,,,,0.1,3.8,19.0
396,George Holani   SEA,RB,10,0.0,6.0,2.2,0.0,0.0,0.0,0.0,BYE,0.9,9.1,0.6,,,,,,,1.9,18.8
397,Miles Sanders   DAL,RB,4,3.0,7.9,5.3,2.5,,,,,,BYE,,,,,,,,4.7,18.7
398,Luke Farrell   SF,TE,16,0.4,7.5,0.0,0.0,0.8,0.0,1.1,0.0,0.9,7.5,0.0,0.3,0.0,BYE,0.0,0.0,0.0,1.2,18.5
399,Zay Jones   ARI,WR,8,0.4,0.0,2.5,,0.8,7.9,6.7,BYE,0.0,0.0,,,,,,,,2.3,18.3
399,Jordan Whittington   LAR,WR,16,0.5,4.2,1.4,0.7,3.3,2.3,0.9,BYE,0.0,0.0,0.9,1.7,0.0,0.5,0.0,1.9,0.0,1.1,18.3
401,Connor Heyward   PIT,TE,15,0.0,0.6,0.0,0.2,BYE,7.2,0.0,0.0,0.4,0.0,0.3,0.0,,0.2,6.4,0.0,2.6,1.2,17.9
402,Treylon Burks   WAS,WR,7,,,,,,,,,1.4,5.8,,BYE,6.5,0.0,0.0,3.0,1.1,2.5,17.8
403,Jerome Ford   CLE,RB,13,0.5,5.4,1.0,0.3,3.8,3.0,1.0,-0.1,BYE,0.1,0.2,-0.3,1.7,1.0,,,,1.4,17.6
404,Isaiah Hodgins   NYG,WR,6,,,,,,,,,,,5.7,10.2,0.4,BYE,0.4,0.0,0.8,2.9,17.5
405,Raheem Mostert   LV,RB,12,,,,7.3,2.2,-0.4,0.2,BYE,1.4,1.5,1.3,2.0,0.6,0.2,0.2,0.9,,1.5,17.4
405,Ameer Abdullah   IND,RB,12,,,,,6.6,1.6,2.7,0.8,0.5,0.8,BYE,0.0,0.0,0.9,4.7,-1.6,0.4,1.5,17.4
407,Ben Sinnott   WAS,TE,15,0.0,0.7,0.0,0.0,0.0,0.0,0.0,2.2,0.0,6.4,,BYE,0.0,0.8,3.6,0.5,2.9,1.1,17.1
408,Mason Rudolph   PIT,QB,5,,0.5,,,BYE,0.0,,,,,9.0,8.5,-1.0,,,,,3.4,17.0
408,Ben Sauls   NYG,K,2,,,,,,,,,,,,,,BYE,,7.0,10.0,8.5,17.0
410,Jalen McMillan   TB,WR,3,,,,,,,,,BYE,,,,,,3.8,1.6,11.4,5.6,16.8
410,Malachi Corley   CLE,WR,12,,,,,1.1,0.0,1.7,3.1,BYE,3.2,0.9,0.2,0.9,0.2,1.0,4.1,0.4,1.4,16.8
412,Adam Thielen   PIT,WR,15,2.0,2.6,0.0,1.1,0.0,,1.0,0.0,0.0,1.6,0.6,0.0,,0.4,0.7,4.9,1.4,1.1,16.3
412,Kevin Austin Jr.   NO,WR,7,,,0.0,,,,,,,,BYE,0.0,0.0,0.0,3.3,1.8,11.2,2.3,16.3
414,Jimmy Horn Jr.   CAR,WR,12,,,,,3.1,4.7,1.5,0.9,0.8,0.0,0.0,1.1,0.0,BYE,0.7,2.5,0.9,1.3,16.2
415,Mo Alie-Cox   IND,TE,16,2.0,0.8,0.0,0.0,0.0,1.6,0.6,0.0,0.0,0.0,BYE,0.9,0.0,0.0,0.0,1.6,8.0,1.0,15.5
415,Theo Wease Jr.   MIA,WR,2,,,,,,,,,,,,BYE,,,,3.2,12.3,7.8,15.5
415,Savion Williams   GB,WR,12,0.1,2.4,-0.1,2.3,BYE,0.3,0.0,6.9,-0.8,0.2,3.3,0.0,,,,0.9,,1.3,15.5
418,Drew Sample   CIN,TE,16,0.0,0.7,8.0,0.0,-0.1,-0.2,0.0,0.0,0.0,BYE,0.0,0.0,1.7,0.0,1.2,3.1,0.8,1.0,15.2
418,Julian Hill   MIA,TE,13,2.0,0.0,0.4,1.9,2.2,3.1,0.1,,,,1.4,BYE,0.0,0.0,2.5,0.0,1.6,1.2,15.2
418,Rasheen Ali   BAL,RB,14,0.5,0.0,0.0,0.0,0.0,0.0,BYE,0.0,0.0,,1.5,,1.7,1.3,9.2,0.2,0.8,1.1,15.2
418,Konata Mumpfield   LAR,WR,16,0.0,0.0,0.0,0.0,0.0,0.7,6.5,BYE,0.0,0.0,0.0,2.5,0.0,0.5,0.0,4.0,1.0,1.0,15.2
422,Cody White   SEA,WR,9,0.0,,,,,,,BYE,12.0,0.0,0.0,0.0,2.1,0.9,0.0,0.0,,1.7,15.0
422,Ashton Dulin   IND,WR,11,1.5,0.0,0.0,1.8,5.5,0.0,,-0.8,0.0,2.2,BYE,4.8,,,,,0.0,1.4,15.0
422,Jude McAtamney   NYG,K,4,,,,7.0,2.0,4.0,2.0,,,,,,,BYE,,,,3.8,15.0
425,LeQuint Allen Jr.   JAC,RB,16,1.1,1.3,0.9,0.7,0.0,1.2,0.4,BYE,1.1,0.6,3.6,0.2,0.0,0.8,1.6,1.0,0.3,0.9,14.8
425,Noah Gray   KC,TE,15,0.3,0.1,1.7,0.1,0.0,2.5,2.8,2.3,0.0,BYE,0.9,2.5,,1.4,0.0,0.0,0.2,1.0,14.8
427,Marquez Valdes-Scantling   PIT,WR,9,0.0,0.0,0.9,,0.9,2.2,,,,,,,,0.0,7.9,0.6,2.1,1.6,14.6
428,Terrell Jennings   NE,RB,6,,,,,,,1.8,1.5,10.4,0.5,,0.0,0.0,BYE,,,,2.4,14.2
429,Curtis Samuel   BUF,WR,6,,,,0.9,8.6,,BYE,0.0,0.6,2.1,1.9,,,,,,,2.4,14.1
430,Raheim Sanders   CLE,RB,4,6.3,,,,,,,,BYE,,,0.0,,,,4.6,3.1,3.5,14.0
431,Tyler Badie   DEN,RB,15,1.6,2.2,0.0,1.1,1.6,,1.9,0.6,0.6,0.0,0.0,BYE,1.8,2.1,0.1,0.2,0.0,0.9,13.8
432,Kameron Johnson   TB,WR,16,0.0,0.0,0.0,0.0,0.2,12.4,0.0,0.0,BYE,1.1,0.0,0.0,0.0,0.0,0.0,0.0,0.0,0.9,13.7
433,Gunner Olszewski   NYG,WR,15,0.0,0.0,0.0,0.0,0.0,0.0,0.0,0.0,8.4,0.0,0.0,5.3,-2.0,BYE,,0.0,1.9,0.9,13.6
433,Chris Brooks   GB,RB,16,0.3,2.7,0.0,0.1,BYE,0.1,0.0,0.0,2.4,0.0,0.8,2.6,0.9,0.6,1.6,0.4,1.1,0.9,13.6
435,Dont'e Thornton Jr.   LV,WR,14,4.5,2.0,2.9,0.0,0.0,0.0,0.0,BYE,,0.4,0.0,1.4,1.1,,0.0,0.0,1.2,1.0,13.5
436,Brycen Tremayne   CAR,WR,15,0.0,4.8,1.5,3.6,0.9,0.0,0.0,0.0,0.8,,1.7,0.0,0.0,BYE,0.0,0.0,0.0,0.9,13.3
436,Braelon Allen   NYJ,RB,4,6.9,1.1,4.7,0.6,,,,,BYE,,,,,,,,,3.3,13.3
438,Dare Ogunbowale   HOU,RB,16,0.6,0.0,0.0,0.0,0.0,BYE,0.0,1.7,0.2,0.0,0.9,0.0,0.0,6.5,3.4,-0.1,0.0,0.8,13.2
438,John FitzPatrick   GB,TE,15,0.2,0.0,7.2,0.0,BYE,0.0,0.6,0.4,0.0,0.0,0.5,1.1,0.0,1.4,1.8,0.0,,0.9,13.2
440,Allen Lazard   NYJ,WR,10,,0.0,7.3,0.8,0.3,,1.6,0.5,BYE,,,0.9,1.0,0.0,0.6,,,1.3,13.0
441,Ben Skowronek   PIT,WR,15,8.2,0.0,0.0,0.0,BYE,0.0,0.0,1.3,0.0,0.0,0.0,2.1,0.0,1.3,0.0,0.0,,0.9,12.9
441,Chris Oladokun   KC,QB,2,,,,,,,,,,BYE,,,,,,5.1,7.7,6.4,12.9
443,Josh Reynolds   NYJ,WR,5,1.8,,,0.0,4.9,2.5,2.9,,BYE,,,,,,,,,2.4,12.1
444,Luke Schoonmaker   DAL,TE,16,0.0,0.0,0.5,0.8,0.3,0.8,0.0,2.5,1.4,BYE,0.0,0.0,0.1,1.2,2.9,0.0,1.5,0.8,12.0
444,Brevyn Spann-Ford   DAL,TE,16,0.0,0.3,0.0,0.0,0.0,0.2,0.0,0.9,0.0,BYE,0.4,6.4,0.0,0.7,0.0,0.0,3.1,0.7,12.0
446,Ian Thomas   LV,TE,14,0.0,0.0,0.0,0.0,2.0,0.4,0.0,BYE,0.9,0.0,2.0,3.6,0.8,1.7,,,0.0,0.8,11.4
447,Jahdae Walker   CHI,WR,6,,,,0.0,BYE,,,0.0,0.0,,,,,0.0,,8.1,3.0,1.8,11.1
448,Nate Adkins   DEN,TE,8,,,0.0,0.5,0.0,8.3,2.0,0.0,,,,BYE,,,0.0,0.0,,1.4,10.8
448,Andrew Beck   NYJ,TE,16,0.0,0.0,0.0,0.0,6.1,0.6,0.0,0.9,BYE,0.0,0.0,1.0,0.0,1.7,0.5,0.0,0.0,0.7,10.8
450,Jamari Thrash   CLE,WR,9,0.6,0.5,0.7,0.0,2.2,1.3,2.3,3.1,BYE,0.0,,,,,,,,1.2,10.7
451,Jack Stoll   NO,TE,15,0.0,0.0,8.1,0.7,0.0,0.0,0.0,0.0,0.0,,BYE,0.7,0.0,0.0,0.7,0.4,0.0,0.7,10.6
452,Andy Dalton   CAR,QB,4,,,-0.1,6.3,,,2.2,2.1,,,,,,BYE,,,,2.6,10.5
452,Tylan Wallace   BAL,WR,13,0.0,8.5,0.0,1.4,0.0,0.0,BYE,0.6,0.0,0.0,0.0,0.0,,0.0,0.0,,,0.8,10.5
452,Shedrick Jackson   LV,WR,4,,,,,,,0.0,BYE,,,,,,8.5,0.0,,2.0,2.6,10.5
455,Riley Leonard   IND,QB,4,,,,,,,,0.1,,,BYE,,,11.3,,0.0,-1.0,2.6,10.4
456,Efton Chism III   NE,WR,7,,,,,,0.0,0.0,,0.0,0.0,0.0,,0.0,BYE,,,10.0,1.4,10.0
457,Skyy Moore   SF,WR,16,0.0,0.0,1.0,0.0,0.1,0.0,1.5,0.0,2.1,1.8,0.0,0.0,0.0,BYE,0.0,2.3,1.0,0.6,9.8
458,Adam Prentice   DEN,RB,16,0.4,0.0,0.0,0.4,0.8,0.3,0.0,0.0,0.2,1.3,1.4,BYE,1.4,3.3,-0.1,0.0,0.3,0.6,9.7
458,Kenny Pickett   LV,QB,5,,,,,,,-1.7,BYE,,0.0,,,,8.5,2.3,,0.6,1.9,9.7
458,Tyler Conklin   LAC,TE,9,5.2,0.0,0.0,0.3,3.0,0.0,,0.0,,1.2,,BYE,0.0,,,,,1.1,9.7
458,Brittain Brown   CHI,RB,2,,,,,BYE,,,,9.7,,,,,,0.0,,,4.9,9.7
462,Josh Johnson   WAS,QB,4,,,,,,,,,,0.0,0.0,BYE,,,,0.7,8.9,2.4,9.6
463,Johnny Mundt   JAC,TE,15,0.0,0.0,0.7,0.0,0.7,1.4,0.9,BYE,0.0,2.1,2.5,1.2,0.0,,0.0,0.0,0.0,0.6,9.5
464,Ryan Miller   NYG,WR,13,0.0,8.0,0.0,0.0,0.0,0.0,1.4,0.0,,0.0,0.0,0.0,0.0,0.0,,,,0.7,9.4
464,Casey Washington   ATL,WR,7,3.3,,,1.9,BYE,0.0,1.7,2.5,,0.0,0.0,,,,,,,1.3,9.4
464,Mason Tipton   NO,WR,13,,,0.0,0.0,0.0,0.0,0.0,0.0,0.0,0.0,BYE,3.3,1.9,0.0,0.1,4.1,,0.7,9.4
467,Josh Whyle   GB,TE,7,,,,,BYE,,,,,0.0,6.2,0.1,0.0,2.1,0.0,,0.8,1.3,9.2
468,Will Dissly   LAC,TE,8,1.8,0.7,,,,1.8,0.0,,,,,BYE,,0.1,0.0,2.8,1.9,1.1,9.1
468,Kene Nwangwu   NYJ,RB,9,0.0,,,,,0.0,0.0,,BYE,6.0,0.0,0.0,,0.0,,0.0,3.1,1.0,9.1
468,Tanner Conner   NYG,TE,9,2.0,0.0,1.3,0.0,1.6,0.8,2.8,0.6,0.0,,,,,BYE,,,,1.0,9.1
471,John Bates   WAS,TE,14,0.0,0.0,,,0.9,0.0,0.5,2.2,2.0,0.6,0.0,BYE,0.9,0.0,1.9,0.0,0.0,0.6,9.0
471,Michael Bandy   DEN,WR,4,,,,,,,,,-0.4,0.0,,BYE,,,8.0,,1.4,2.3,9.0
473,Nick Westbrook-Ikhine   MIA,WR,14,0.7,1.8,0.0,0.1,0.0,0.0,1.6,1.8,2.2,0.7,0.0,BYE,0.0,0.0,0.0,,,0.6,8.9
474,Gabe Davis   BUF,WR,5,,,,,,,BYE,,,,4.0,2.2,0.5,2.1,,,0.0,1.8,8.8
475,KeAndre Lambert-Smith   LAC,WR,9,0.0,0.0,,0.0,0.0,0.1,,,0.0,,,BYE,,,7.6,1.0,0.0,1.0,8.7
475,Trevor Etienne   CAR,RB,16,0.4,0.2,-2.0,3.3,2.9,1.7,0.0,1.6,0.0,0.0,0.2,0.0,0.4,BYE,0.0,0.0,0.0,0.5,8.7
475,Drew Ogletree   IND,TE,15,0.0,0.0,0.0,0.0,0.0,0.0,0.0,0.0,0.0,0.0,BYE,6.8,0.8,0.0,0.0,1.1,,0.6,8.7
478,Najee Harris   LAC,RB,3,1.0,4.8,2.8,,,,,,,,,BYE,,,,,,2.9,8.6
478,Malik Heath   ATL,WR,11,0.0,3.7,0.0,0.9,BYE,0.0,0.0,2.9,1.1,0.0,,0.0,0.0,,,,,0.8,8.6
480,Noah Brown   WAS,WR,4,2.7,0.9,,,,,,,,,,BYE,,1.9,2.8,,,2.1,8.3
481,Austin Ekeler   WAS,RB,3,5.7,2.4,,,,,,,0.0,,,BYE,,,,,,2.7,8.1
482,Max Brosmer   MIN,QB,6,,,1.2,,-0.1,BYE,,0.5,,,,,0.9,,,1.8,3.6,1.3,7.9
483,Kaleb Johnson   PIT,RB,10,-0.2,0.1,,2.2,BYE,1.5,,,1.3,0.3,1.5,,0.3,0.4,0.4,,,0.8,7.8
484,David Martin-Robinson   TEN,TE,14,0.0,,0.0,,0.0,6.1,0.0,0.0,0.0,BYE,0.0,0.0,0.0,0.6,0.0,0.0,0.9,0.5,7.6
485,Will Shipley   PHI,RB,14,2.6,,,0.0,0.4,0.0,0.7,0.2,BYE,3.4,0.0,0.0,1.1,0.3,0.0,-1.7,0.2,0.5,7.2
485,Cam Akers   SEA,RB,3,,,1.9,,5.3,,,BYE,,,,,,,,,0.0,2.4,7.2
487,Trayveon Williams   CLE,RB,6,,,,,,,,,BYE,0.0,-0.1,,,0.0,0.7,5.5,1.0,1.2,7.1
488,Cade Stover   HOU,TE,8,2.2,,,,,BYE,,,,,0.0,0.0,1.9,0.0,2.2,0.7,0.0,0.9,7.0
488,Jaydon Blue   DAL,RB,4,,,,,0.7,0.0,3.4,2.9,,BYE,,,,,,,,1.8,7.0
490,Ray-Ray McCloud III   NYG,WR,6,5.1,0.0,2.0,-0.7,,,,,0.5,0.0,,,,BYE,,,,1.2,6.9
490,C.J. Ham   MIN,RB,10,,,,,0.0,BYE,0.5,,,0.0,0.0,0.0,0.0,0.0,6.1,0.3,0.0,0.7,6.9
492,Xavier Weaver   ARI,WR,8,,,,0.0,,,0.0,BYE,0.0,,1.5,0.9,0.0,,,1.9,2.4,0.8,6.7
493,DJ Giddens   IND,RB,8,4.1,0.0,0.3,0.0,2.2,0.0,0.0,,,,BYE,,,,,,0.0,0.8,6.6
493,Devin Culp   TB,TE,11,,,,0.0,0.0,0.0,0.0,0.0,BYE,0.0,0.0,0.0,0.0,0.0,6.6,,,0.6,6.6
495,Arian Smith   NYJ,WR,15,0.0,-0.2,0.2,0.0,1.4,0.0,0.0,2.3,BYE,1.3,0.0,0.8,,0.0,0.0,0.0,0.5,0.4,6.3
496,Joe Milton III   DAL,QB,3,,,0.6,,,,,6.3,,BYE,,,,,,-0.9,,2.0,6.1
497,Charlie Jones   CIN,WR,14,0.0,0.0,0.0,0.0,0.0,0.0,0.0,0.0,6.0,BYE,0.0,0.0,0.0,0.0,0.0,,,0.4,6.0
497,James Proche II   TEN,WR,8,,,,,,,,0.0,0.0,BYE,,4.2,1.3,0.0,0.0,0.0,0.5,0.8,6.0
499,Darius Cooper   PHI,WR,12,0.0,0.0,0.0,,,,,0.0,BYE,0.0,0.0,0.7,0.0,1.9,2.9,0.0,0.4,0.5,5.9
499,Foster Moreau   NO,TE,11,,,,,0.0,0.9,0.0,0.0,0.0,1.6,BYE,0.0,1.3,1.6,0.0,0.5,,0.5,5.9
501,Alec Ingold   MIA,RB,16,0.1,1.3,0.0,0.0,0.0,2.5,0.0,0.0,0.0,0.6,0.0,BYE,0.0,0.0,0.4,0.9,0.0,0.4,5.8
501,AJ Dillon   PHI,RB,6,1.0,1.9,0.0,1.7,1.2,0.0,,,BYE,,,,,,,,,1.0,5.8
503,Cooper Rush   BAL,QB,4,,-0.4,,2.1,4.2,-0.1,BYE,,,,,,,,,,,1.4,5.7
503,Hassan Haskins   LAC,RB,12,0.0,0.0,0.0,0.0,1.5,2.3,0.5,,0.0,0.0,,BYE,,0.0,,1.4,0.0,0.5,5.7
505,Grant Calcaterra   PHI,TE,14,0.0,0.6,0.0,1.6,1.8,,,0.0,BYE,0.0,0.0,0.8,0.0,0.0,0.4,0.0,0.3,0.4,5.5
506,Tahj Brooks   CIN,RB,12,0.0,0.0,1.7,0.0,,,0.0,0.0,0.1,BYE,0.5,0.5,,,0.0,0.7,1.9,0.5,5.4
506,Gage Larvadain   CLE,WR,12,,,,,0.0,2.2,0.0,0.3,BYE,0.0,0.0,0.0,0.3,1.8,0.8,0.0,0.0,0.4,5.4
508,Scotty Miller   PIT,WR,12,0.0,0.0,0.0,0.0,BYE,0.0,0.9,,,,0.0,0.0,,0.0,0.0,1.9,2.5,0.4,5.3
508,Robbie Chosen   WAS,WR,3,,,,,,,3.6,,,1.7,0.0,BYE,,,,,,1.8,5.3
510,Stone Smartt   NYJ,TE,8,,,,0.0,,0.0,,,BYE,0.0,,,0.0,0.0,0.0,3.4,1.8,0.7,5.2
510,Trey Lance   LAC,QB,3,,,,,2.9,,,,,,1.6,BYE,0.8,,,,,1.7,5.2
512,Anthony Firkser   DET,TE,6,,,,,,,,BYE,,,,0.0,0.4,0.7,0.0,4.0,0.0,0.9,5.1
513,Quintin Morris   JAC,TE,12,,0.0,,0.0,0.0,0.0,,BYE,,0.0,1.1,0.0,1.4,0.0,2.0,0.5,0.0,0.4,5.0
514,Charlie Woerner   ATL,TE,16,0.0,0.0,-0.5,0.0,BYE,0.0,0.0,0.0,0.0,1.4,0.0,2.4,0.0,0.0,1.2,0.3,0.0,0.3,4.8
514,Dareke Young   SEA,WR,8,,0.0,1.2,0.0,3.6,0.0,0.0,BYE,,,,,,,,0.0,0.0,0.6,4.8
514,Mason Kinsey   TEN,WR,9,,,,,,,0.0,0.0,0.0,BYE,1.4,0.0,,0.0,0.0,0.0,3.4,0.5,4.8
517,Dante Pettis   NO,WR,7,,,,,,,,,,0.0,BYE,1.4,0.0,0.0,0.0,0.0,3.3,0.7,4.7
518,Zamir White   LV,RB,4,0.8,1.3,2.3,,,,,BYE,,,,,,,,,0.2,1.2,4.6
518,Ronnie Rivers   LAR,RB,6,,,,,,,0.0,BYE,,,,,0.0,4.1,0.0,0.0,0.5,0.8,4.6
518,Austin Trammell   JAC,WR,6,,,,,,,,BYE,0.0,3.3,1.3,0.0,0.0,0.0,,,,0.8,4.6
521,Corey Kiner   ARI,RB,3,,,,,,,,BYE,,,,,,,1.1,3.2,0.2,1.5,4.5
522,Cedrick Wilson Jr.   MIA,WR,9,,,,,,,,0.2,0.7,0.0,0.0,BYE,1.6,0.0,0.0,1.1,0.8,0.5,4.4
523,Evan Hull   NO,RB,5,,,,,,,,,,,BYE,,1.5,1.0,1.2,0.3,0.3,0.9,4.3
524,Dee Eskridge   MIA,WR,13,0.9,0.8,0.0,0.0,0.0,0.0,2.5,0.0,0.0,,,BYE,0.0,0.0,0.0,0.0,,0.3,4.2
524,Dylan Drummond   ATL,WR,8,,,,,BYE,,,0.0,0.0,,,1.8,0.3,2.1,0.0,0.0,0.0,0.5,4.2
524,Brenden Bates   CLE,TE,8,,,,0.0,2.3,,0.0,,BYE,,0.0,0.0,,,0.0,0.0,1.9,0.5,4.2
527,Eric Saubert   SEA,TE,10,0.0,0.0,1.2,0.0,0.0,0.0,0.0,BYE,,,,,,,0.9,2.0,0.0,0.4,4.1
527,Xavier Restrepo   TEN,WR,2,,,,,,,,,,BYE,,2.6,1.5,,,,,2.1,4.1
529,Julius Chestnut   TEN,RB,16,0.2,0.0,2.6,0.0,0.3,0.0,0.0,0.5,0.0,BYE,0.0,0.3,0.0,0.0,0.0,0.1,0.0,0.3,4.0
529,Nathan Carter   ATL,RB,3,,0.0,2.6,,BYE,,,1.4,,,,,,,,,,1.3,4.0
531,Braxton Berrios   HOU,WR,4,,,,,,BYE,-0.1,3.8,0.0,0.0,,,,,,,,0.9,3.7
532,Albert Okwuegbunam Jr.   LV,TE,1,,,,,3.6,,,BYE,,,,,,,,,,3.6,3.6
532,Tom Kennedy   DET,WR,5,,,,,,,,BYE,,,,,3.6,0.0,0.0,0.0,0.0,0.7,3.6
534,Jalin Hyatt   NYG,WR,8,,,0.0,0.0,0.0,1.7,0.0,,0.0,,1.8,,,BYE,0.0,,,0.4,3.5
535,Velus Jones Jr.   SEA,WR,6,0.0,,0.0,0.0,0.0,,,BYE,,,,,,3.2,0.0,,,0.5,3.2
535,Nikko Remigio   KC,WR,14,0.0,2.1,1.1,0.0,0.0,0.0,0.0,0.0,0.0,BYE,0.0,0.0,0.0,,0.0,0.0,,0.2,3.2
535,Deven Thompkins   ATL,WR,6,,,,,BYE,0.0,,,,,,,2.8,0.4,0.0,0.0,0.0,0.5,3.2
538,KhaDarel Hodge   ATL,WR,11,0.0,0.0,0.0,,BYE,0.0,0.0,3.1,0.0,0.0,0.0,0.0,,,0.0,,,0.3,3.1
538,Jalen Brooks   ARI,WR,5,,,,,0.0,,,BYE,,,,,,3.2,-0.1,0.0,0.0,0.6,3.1
540,Justin Watson   HOU,WR,2,2.7,0.3,,,,BYE,,,,,,,,,,,,1.5,3.0
541,Tyler Goodson   IND,RB,10,,,0.6,0.0,,,,0.2,0.8,0.4,BYE,0.0,0.0,0.0,0.0,0.9,,0.3,2.9
541,Teddy Bridgewater   TB,QB,4,,,,,,,-0.1,0.0,BYE,,-0.1,3.1,,,,,,0.7,2.9
543,James Mitchell   CAR,TE,4,,,,1.7,1.1,0.0,,,,,,,0.0,BYE,,,,0.7,2.8
544,Dylan Laube   LV,RB,16,0.0,1.7,0.2,0.0,0.0,0.0,0.4,BYE,0.0,0.0,0.0,0.0,0.0,0.0,0.4,0.0,0.0,0.2,2.7
545,Dameon Pierce   KC,RB,4,0.5,,,,2.1,,,0.0,,0.0,,,,,,,,0.7,2.6
545,Devin Duvernay   CHI,WR,16,0.0,0.0,0.0,0.0,BYE,0.0,0.0,0.2,0.0,0.0,0.0,0.0,0.0,2.4,0.0,0.0,0.0,0.2,2.6
545,Jordan Watkins   SF,WR,5,,,,,,,,0.7,1.9,0.0,,,,BYE,0.0,0.0,,0.5,2.6
545,Tyson Bagent   CHI,QB,3,,1.8,,,BYE,,,,0.8,,0.0,,,,,,,0.9,2.6
549,Tai Felton   MIN,WR,13,0.0,,0.9,0.0,0.0,BYE,0.0,0.0,0.0,,0.0,0.0,0.0,1.0,0.0,0.6,,0.2,2.5
549,Beaux Collins   NYG,WR,9,0.0,0.0,0.0,0.0,0.7,0.0,0.0,1.8,0.0,,,,,BYE,,,,0.3,2.5
549,Durham Smythe   CHI,TE,16,0.0,0.0,0.0,0.0,BYE,0.0,0.0,0.0,0.0,0.0,0.8,0.4,0.0,0.2,0.0,0.0,1.1,0.2,2.5
549,Jonathan Mingo   DAL,WR,5,,,,,,,,,,BYE,,0.0,,0.0,2.5,0.0,0.0,0.5,2.5
553,Ty Chandler   MIN,RB,2,0.0,,,,,BYE,,,,,,,,,,,2.4,1.2,2.4
554,Tay Martin   WAS,WR,3,,,,1.4,0.9,0.0,,,,,,BYE,,,,,,0.8,2.3
554,Mitchell Trubisky   BUF,QB,3,,1.0,,,,,BYE,0.9,,0.4,,,,,,,,0.8,2.3
556,Clyde Edwards-Helaire   KC,RB,2,,,,,,,,,0.5,BYE,,1.7,,,,,,1.1,2.2
557,Trent Sherfield Sr.   ARI,WR,12,0.3,0.3,0.0,0.0,1.5,0.0,0.0,0.0,0.0,0.0,,,,0.0,0.0,,,0.2,2.1
557,DeeJay Dallas   JAC,RB,4,,,,,0.0,0.0,,BYE,,,,,,,,0.0,2.1,0.5,2.1
559,Shane Zylstra   DET,TE,4,0.0,,,,,,,BYE,,,,,,,0.0,2.0,0.0,0.5,2.0
559,Jake Bobo   SEA,WR,10,,0.0,0.0,1.7,0.0,0.0,0.3,BYE,,,,0.0,,0.0,0.0,,0.0,0.2,2.0
559,Jacardia Wright   SEA,RB,1,,,2.0,,,,,BYE,,,,,,,,,,2.0,2.0
559,Jared Wayne   HOU,WR,1,,,,,,BYE,,2.0,,,,,,,,,,2.0,2.0
563,Tucker Fisk   LAC,TE,10,,,0.0,0.0,0.0,0.0,0.0,0.0,1.2,0.7,0.0,BYE,0.0,,,,,0.2,1.9
564,Tanner McKee   PHI,QB,3,,,,,,,,-0.2,BYE,,,,,,2.2,-0.2,,0.6,1.8
564,Tip Reiman   ARI,TE,5,1.0,0.0,0.8,0.0,0.0,,,BYE,,,,,,,,,,0.4,1.8
564,Colson Yankoff   WAS,TE,13,0.0,0.0,0.0,0.0,0.0,0.0,0.0,,,0.0,0.4,BYE,1.4,0.0,0.0,,0.0,0.1,1.8
567,Roschon Johnson   CHI,RB,6,,0.0,0.0,0.0,BYE,0.6,1.1,,,,0.0,,,,,,,0.3,1.7
567,David Moore   CAR,WR,4,0.0,0.0,0.5,1.2,,,,,,,,,,BYE,,,,0.4,1.7
567,Zaire Mitchell-Paden   NO,TE,8,0.0,0.0,0.0,0.0,0.3,0.0,,,,1.4,BYE,0.0,,,,,,0.2,1.7
570,Will Mallory   IND,TE,2,,,,,0.0,,,,,,BYE,,,,,,1.6,0.8,1.6
571,Lucas Krull   DEN,TE,4,0.6,0.0,0.9,,,,,0.0,,,,BYE,,,,,,0.4,1.5
571,Tim Jones   JAC,WR,4,0.0,0.0,,,,,,BYE,1.5,0.0,,,,,,,,0.4,1.5
571,British Brooks   HOU,RB,12,,,,0.0,1.5,BYE,0.0,0.0,0.0,0.0,,0.0,0.0,0.0,0.0,0.0,0.0,0.1,1.5
574,Zach Wilson   MIA,QB,3,1.6,,,,,,,0.0,,,,BYE,,-0.2,,,,0.5,1.4
575,Alex Bachman   LV,WR,12,0.0,0.0,0.0,,0.9,0.0,0.0,BYE,0.0,0.0,,0.0,0.0,,,0.3,0.0,0.1,1.2
575,Ben Sims   MIN,TE,8,,,,,,0.0,,,,0.0,,0.0,0.0,0.9,0.0,0.0,0.3,0.2,1.2
575,D'Ernest Johnson   NE,RB,5,,,,,,,0.0,,,0.1,0.6,,,BYE,,0.0,0.5,0.2,1.2
575,Joshua Dobbs   NE,QB,3,,,,-0.2,,,0.3,,,,,,,BYE,,,1.1,0.4,1.2
575,Anthony Richardson Sr.   IND,QB,2,,,-0.1,,1.3,,,,,,BYE,,,,,,,0.6,1.2
580,Jacob Saylors   DET,RB,11,0.0,0.0,0.0,1.1,0.0,,0.0,BYE,0.0,,0.0,0.0,,0.0,,0.0,,0.1,1.1
580,Payne Durham   TB,TE,16,0.0,0.0,0.0,0.0,0.0,0.0,0.0,0.0,BYE,0.0,0.0,0.0,1.1,0.0,0.0,0.0,0.0,0.1,1.1
580,Josh Williams   TB,RB,2,,,,,0.0,,,1.1,BYE,,,,,,,,,0.6,1.1
580,Sal Cannella   CLE,TE,1,,,,,,,,,BYE,,,,,,,,1.1,1.1,1.1
584,Moliki Matavao   NO,TE,5,0.0,0.0,,0.0,,,,,,,BYE,,,,,0.0,1.0,0.2,1.0
584,Kylen Granson   PHI,TE,16,0.1,0.5,0.0,0.0,0.0,0.0,0.0,0.0,BYE,0.0,0.4,0.0,0.0,0.0,0.0,0.0,0.0,0.1,1.0
584,Khalil Herbert   NYJ,RB,4,,,,,0.0,,,,BYE,,,,,0.0,0.5,,0.5,0.3,1.0
587,Bryce Oliver   TEN,WR,2,0.8,0.0,,,,,,,,BYE,,,,,,,,0.4,0.8
587,Andre Baccellia   ARI,WR,5,,,,,,,,BYE,,,0.5,0.0,0.0,0.3,0.0,,,0.2,0.8
587,Amar Johnson   LAC,RB,1,,,,,,,,,,,0.8,BYE,,,,,,0.8,0.8
590,Chris Manhertz   NYG,TE,16,0.0,0.0,0.7,0.0,0.0,0.0,0.0,0.0,0.0,0.0,0.0,0.0,0.0,BYE,0.0,0.0,0.0,0.0,0.7
590,Harrison Bryant   HOU,TE,11,,0.0,0.0,0.0,0.5,BYE,0.0,0.0,0.2,0.0,,,,,0.0,0.0,0.0,0.1,0.7
590,Ross Dwelley   DET,TE,10,,,0.0,0.0,0.0,0.0,0.0,BYE,,0.0,0.0,0.0,0.3,0.4,,,,0.1,0.7
590,Cam Grandy   CIN,TE,5,,,0.6,0.0,,,0.0,,,BYE,,,,,0.0,0.1,,0.1,0.7
590,Kalel Mullings   TEN,RB,5,,,,,,,,,,BYE,,0.0,0.0,,0.3,0.0,0.4,0.1,0.7
590,Gardner Minshew II   KC,QB,4,,,,-0.3,,,-0.3,,,BYE,,,,,-0.1,1.4,,0.2,0.7
596,Anthony Gould   IND,WR,11,0.0,0.0,0.0,0.0,0.0,0.0,0.3,0.0,,,BYE,0.0,0.0,0.3,,,,0.1,0.6
596,Josiah Deguara   ARI,TE,11,,0.0,,,,,0.0,BYE,0.0,0.0,0.0,0.6,0.0,0.0,0.0,0.0,0.0,0.1,0.6
596,Owen Wright   TB,RB,3,,,,,,0.0,,,BYE,,0.0,0.6,,,,,,0.2,0.6
596,Myles Gaskin   SEA,RB,1,,,,,,,,BYE,,,,,0.6,,,,,0.6,0.6
600,Ben Yurosek   MIN,TE,11,0.0,0.0,0.0,,,BYE,0.0,0.5,0.0,0.0,0.0,,,,0.0,0.0,0.0,0.0,0.5
601,Craig Reynolds   NE,RB,6,0.0,0.4,,0.0,0.0,0.0,,,,0.0,,,,BYE,,,,0.1,0.4
601,Feleipe Franks   ATL,QB,11,0.0,,,0.0,BYE,0.2,,0.0,0.0,0.0,0.0,0.2,0.0,0.0,,0.0,,0.0,0.4
601,Blake Whiteheart   CLE,TE,15,0.0,0.0,0.0,0.0,0.0,0.0,0.4,0.0,BYE,0.0,,0.0,0.0,0.0,0.0,0.0,0.0,0.0,0.4
601,Jelani Woods   NYJ,TE,5,,0.0,,,,,,0.0,BYE,,,,,,0.0,0.0,0.4,0.1,0.4
601,Sione Vaki   DET,RB,7,,,0.0,,,,,BYE,0.0,0.4,,,0.0,0.0,0.0,,0.0,0.1,0.4
601,Keleki Latu   BUF,TE,4,,,,,,,BYE,,,,0.4,0.0,0.0,,,,0.0,0.1,0.4
601,Jared Wiley   KC,TE,3,,,,,,,,,,BYE,,,0.4,,,0.0,0.0,0.1,0.4
608,Carter Runyon   LV,TE,10,,,,,0.0,0.0,0.3,BYE,0.0,,0.0,0.0,0.0,0.0,,0.0,0.0,0.0,0.3
608,Patrick Ricard   BAL,RB,11,,,,,,0.0,BYE,0.0,0.0,0.3,0.0,0.0,0.0,0.0,0.0,0.0,0.0,0.0,0.3
610,Reggie Gilliam   BUF,RB,16,0.0,0.0,0.0,0.0,0.0,0.0,BYE,0.0,0.0,0.0,0.0,0.2,0.0,0.0,0.0,0.0,0.0,0.0,0.2
610,Kendall Milton   CIN,RB,1,,,,,,,,,,BYE,0.2,,,,,,,0.2,0.2
612,Robert Tonyan   KC,TE,15,0.0,0.0,0.0,0.0,0.0,0.0,0.0,0.0,0.0,BYE,0.1,0.0,0.0,0.0,0.0,0.0,,0.0,0.1
612,Pharaoh Brown   ARI,TE,6,,,,,,,,BYE,,,0.0,0.0,0.0,0.0,0.1,0.0,,0.0,0.1
612,Malik Cunningham   DET,QB,1,,,,,,,,BYE,,,,,,0.1,,,,0.1,0.1
612,Drew Lock   SEA,QB,5,,,0.5,,,,,BYE,0.0,-0.4,,,0.0,0.0,,,,0.0,0.1
616,Teagan Quitoriano   ATL,TE,14,0.0,0.0,0.0,0.0,BYE,0.0,,0.0,,0.0,0.0,0.0,0.0,0.0,0.0,0.0,0.0,0.0,0.0
616,Justin Shorter   LV,WR,5,0.0,,0.0,0.0,,0.0,0.0,BYE,,,,,,,,,,0.0,0.0
616,Jakob Johnson   HOU,RB,7,0.0,0.0,0.0,,,BYE,,,,,0.0,0.0,0.0,0.0,,,,0.0,0.0
616,Travis Vokolek   ARI,TE,3,0.0,0.0,,,0.0,,,BYE,,,,,,,,,,0.0,0.0
616,Jeremiah Webb   NE,WR,1,0.0,,,,,,,,,,,,,BYE,,,,0.0,0.0
616,Jack Westover   NE,TE,16,0.0,0.0,0.0,0.0,0.0,0.0,0.0,0.0,0.0,0.0,0.0,0.0,0.0,BYE,0.0,0.0,0.0,0.0,0.0
616,Russell Gage Jr.   SF,WR,1,0.0,,,,,,,,,,,,,BYE,,,,0.0,0.0
616,Patrick Murtagh   DEN,TE,1,0.0,,,,,,,,,,,BYE,,,,,,0.0,0.0
616,Jeff Wilson Jr.   MIA,RB,1,0.0,,,,,,,,,,,BYE,,,,,,0.0,0.0
616,DeAndre Carter   CLE,WR,5,0.0,0.0,0.0,0.0,,,,,BYE,,,0.0,,,,,,0.0,0.0
616,Brady Russell   SEA,TE,15,0.0,0.0,0.0,0.0,0.0,0.0,0.0,BYE,0.0,0.0,0.0,0.0,0.0,0.0,0.0,0.0,,0.0,0.0
616,Isaac Guerendo   SF,RB,8,0.0,0.0,0.0,,0.0,,0.0,,0.0,,0.0,,0.0,BYE,,,,0.0,0.0
616,Jason Brownlee   KC,WR,5,0.0,0.0,0.0,,0.0,0.0,,,,BYE,,,,,,,,0.0,0.0
616,Ulysses Bentley IV   IND,RB,1,0.0,,,,,,,,,,BYE,,,,,,,0.0,0.0
616,Ko Kieft   TB,TE,3,0.0,0.0,0.0,,,,,,BYE,,,,,,,,,0.0,0.0
616,Robbie Ouzts   SEA,TE,11,0.0,0.0,0.0,,,,,BYE,0.0,0.0,0.0,0.0,0.0,0.0,,0.0,0.0,0.0,0.0
616,Cameron Latu   PHI,TE,14,,0.0,0.0,0.0,0.0,0.0,0.0,0.0,BYE,0.0,0.0,0.0,0.0,0.0,0.0,,0.0,0.0,0.0
616,Jordan Mims   TEN,RB,1,,0.0,,,,,,,,BYE,,,,,,,,0.0,0.0
616,Brayden Willis   SF,TE,6,,0.0,0.0,0.0,0.0,0.0,,,,,,,,BYE,,,0.0,0.0,0.0
616,James Winchester   KC,TE,3,,0.0,0.0,,,,,,,BYE,,,,,,0.0,,0.0,0.0
616,Logan Woodside   ARI,QB,3,,0.0,0.0,0.0,,,,BYE,,,,,,,,,,0.0,0.0
616,Dominic Lovett   DET,WR,8,,0.0,0.0,0.0,0.0,0.0,,BYE,,0.0,0.0,,,0.0,,,,0.0,0.0
616,Treyton Welch   NO,TE,2,,,0.0,,,,,,,,BYE,,,,,,0.0,0.0,0.0
616,Xazavian Valladay   MIN,RB,1,,,0.0,,,BYE,,,,,,,,,,,,0.0,0.0
616,Dalevon Campbell   LAC,WR,2,,,0.0,0.0,,,,,,,,BYE,,,,,,0.0,0.0
616,Sincere McCormick   DEN,RB,1,,,0.0,,,,,,,,,BYE,,,,,,0.0,0.0
616,Simi Fehoko   ARI,WR,7,,,0.0,0.0,0.0,0.0,0.0,BYE,0.0,0.0,,,,,,,,0.0,0.0
616,Malik Turner   SF,WR,3,,,0.0,,0.0,,0.0,,,,,,,BYE,,,,0.0,0.0
616,Brett Rypien   MIN,QB,1,,,0.0,,,BYE,,,,,,,,,,,,0.0,0.0
616,Kaden Davis   CLE,WR,2,,,0.0,,,,,,BYE,,0.0,,,,,,,0.0,0.0
616,Jordan James   SF,RB,2,,,0.0,,,,,,,,,,,BYE,,0.0,,0.0,0.0
616,Jalen Moreno-Cropper   DAL,WR,4,,,0.0,0.0,0.0,0.0,,,,BYE,,,,,,,,0.0,0.0
616,Stephen Carlson   CHI,TE,2,,,,0.0,BYE,,,0.0,,,,,,,,,,0.0,0.0
616,Jalen Royals   KC,WR,6,,,,0.0,0.0,0.0,0.0,,,BYE,,,,,,0.0,0.0,0.0,0.0
616,Kenny Yeboah   DET,TE,1,,,,0.0,,,,BYE,,,,,,,,,,0.0,0.0
616,Trey Sermon   PIT,RB,3,,,,0.0,BYE,,,,0.0,0.0,,,,,,,,0.0,0.0
616,Jackson Meeks   DET,WR,2,,,,0.0,,,,BYE,,,0.0,,,,,,,0.0,0.0
616,Nick Vannett   LAR,TE,4,,,,0.0,0.0,,,BYE,0.0,,,,,0.0,,,,0.0,0.0
616,Avery Williams   NYJ,RB,1,,,,,0.0,,,,BYE,,,,,,,,,0.0,0.0
616,Jacob Cowing   SF,WR,1,,,,,0.0,,,,,,,,,BYE,,,,0.0,0.0
616,Ja'Corey Brooks   WAS,WR,1,,,,,,0.0,,,,,,BYE,,,,,,0.0,0.0
616,Lew Nichols III   PIT,RB,2,,,,,BYE,0.0,,,0.0,,,,,,,,,0.0,0.0
616,Parris Campbell   DAL,WR,1,,,,,,0.0,,,,BYE,,,,,,,,0.0,0.0
616,Thomas Fidone II   NYG,TE,2,,,,,,,0.0,,0.0,,,,,BYE,,,,0.0,0.0
616,Kye Robichaux   DET,RB,1,,,,,,,0.0,BYE,,,,,,,,,,0.0,0.0
616,Laquon Treadwell   IND,WR,8,,,,,,,0.0,,,0.0,BYE,0.0,0.0,0.0,0.0,0.0,0.0,0.0,0.0
616,Cade McDonald   CLE,WR,1,,,,,,,0.0,,BYE,,,,,,,,,0.0,0.0
616,E.J. Jenkins   PHI,TE,2,,,,,,,0.0,,BYE,,,,,,,0.0,,0.0,0.0
616,Quinton Bell   MIA,WR,4,,,,,,,0.0,,,0.0,,BYE,,,,0.0,0.0,0.0,0.0
616,Eric Gray   NYG,RB,3,,,,,,,0.0,,,,,0.0,,BYE,,,0.0,0.0,0.0
616,Hayden Rucci   MIA,TE,4,,,,,,,,0.0,0.0,0.0,0.0,BYE,,,,,,0.0,0.0
616,Michael Burton   DEN,RB,1,,,,,,,,0.0,,,,BYE,,,,,,0.0,0.0
616,Brandon Smith   NE,WR,1,,,,,,,,0.0,,,,,,BYE,,,,0.0,0.0
616,Raheem Blackshear   PIT,RB,1,,,,,BYE,,,0.0,,,,,,,,,,0.0,0.0
616,Princeton Fant   DAL,TE,1,,,,,,,,,0.0,BYE,,,,,,,,0.0,0.0
616,Marcedes Lewis   DEN,TE,5,,,,,,,,,0.0,0.0,0.0,BYE,,0.0,,,0.0,0.0,0.0
616,Stetson Bennett IV   LAR,QB,1,,,,,,,,BYE,0.0,,,,,,,,,0.0,0.0
616,Nick Kallerup   SEA,TE,9,,,,,,,,BYE,0.0,0.0,0.0,0.0,0.0,0.0,0.0,0.0,0.0,0.0,0.0
616,Ricky White III   SEA,WR,2,,,,,,,,BYE,0.0,0.0,,,,,,,,0.0,0.0
616,Dan Chisena   CAR,WR,1,,,,,,,,,,0.0,,,,BYE,,,,0.0,0.0
616,Dalen Cambre   NYG,WR,5,,,,,,,,,,,0.0,0.0,0.0,BYE,0.0,,0.0,0.0,0.0
616,Elijah Mitchell   NE,RB,1,,,,,,,,,,,0.0,,,BYE,,,,0.0,0.0
616,Chase Edmonds   WAS,RB,3,,,,,,,,,,,0.0,BYE,,,0.0,,0.0,0.0,0.0
616,Nikola Kalinic   CHI,TE,1,,,,,BYE,,,,,,,0.0,,,,,,0.0,0.0
616,Chris Collier   LV,RB,1,,,,,,,,BYE,,,,0.0,,,,,,0.0,0.0
616,Deion Hankins   CHI,RB,1,,,,,BYE,,,,,,,0.0,,,,,,0.0,0.0
616,Gary Brightwell   CIN,RB,2,,,,,,,,,,BYE,,0.0,0.0,,,,,0.0,0.0
616,Britain Covey   PHI,WR,5,,,,,,,,,BYE,,,,0.0,0.0,0.0,0.0,0.0,0.0,0.0
616,Zach Horton   DET,TE,1,,,,,,,,BYE,,,,,0.0,,,,,0.0,0.0
616,Keilan Robinson   NYJ,RB,1,,,,,,,,,BYE,,,,0.0,,,,,0.0,0.0
616,Jashaun Corbin   NE,RB,1,,,,,,,,,,,,,0.0,BYE,,,,0.0,0.0
616,DJ Turner   LV,WR,1,,,,,,,,BYE,,,,,,0.0,,,,0.0,0.0
616,Alexander Mattison   MIA,RB,2,,,,,,,,,,,,BYE,,0.0,0.0,,,0.0,0.0
616,Chandler Brayboy   JAC,WR,1,,,,,,,,BYE,,,,,,,0.0,,,0.0,0.0
616,Jordan Moore   CIN,WR,1,,,,,,,,,,BYE,,,,,0.0,,,0.0,0.0
616,Giovanni Ricci   DET,TE,3,,,,,,,,BYE,,,,,,,0.0,0.0,0.0,0.0,0.0
616,Chris Blair   ATL,WR,3,,,,,BYE,,,,,,,,,,0.0,0.0,0.0,0.0,0.0
616,Coleman Owen   IND,WR,2,,,,,,,,,,,BYE,,,,0.0,0.0,,0.0,0.0
616,Kristian Wilkerson   TEN,WR,1,,,,,,,,,,BYE,,,,,0.0,,,0.0,0.0
616,Lawrence Cager   WAS,WR,1,,,,,,,,,,,,BYE,,,,0.0,,0.0,0.0
616,Steven Sims Jr.   ARI,WR,2,,,,,,,,BYE,,,,,,,,0.0,0.0,0.0,0.0
616,Bryson Green   ARI,WR,1,,,,,,,,BYE,,,,,,,,0.0,,0.0,0.0
616,Maurice Alexander   CHI,WR,1,,,,,BYE,,,,,,,,,,,0.0,,0.0,0.0
616,Keaontay Ingram   KC,RB,1,,,,,,,,,,BYE,,,,,,0.0,,0.0,0.0
616,River Cracraft   WAS,WR,1,,,,,,,,,,,,BYE,,,,,0.0,0.0,0.0
616,Will Grier   DAL,QB,1,,,,,,,,,,BYE,,,,,,,0.0,0.0,0.0
616,Drake Dabney   GB,TE,1,,,,,BYE,,,,,,,,,,,,0.0,0.0,0.0
616,Ronnie Bell   NO,WR,1,,,,,,,,,,,BYE,,,,,,0.0,0.0,0.0
616,Zach Davidson   NYG,TE,1,,,,,,,,,,,,,,BYE,,,0.0,0.0,0.0
616,CJ Dippre   NE,TE,1,,,,,,,,,,,,,,BYE,,,0.0,0.0,0.0
706,Kedon Slovis   ARI,QB,2,,,,,,,,BYE,,0.0,,-0.1,,,,,,0.0,-0.1
706,Jarrett Stidham   DEN,QB,1,,,,,,,,-0.1,,,,BYE,,,,,,-0.1,-0.1
706,Adrian Martinez   SF,QB,1,,,,,,,,,-0.1,,,,,BYE,,,,-0.1,-0.1
709,Nyheim Miller-Hines   NO,RB,3,,,,,,0.0,0.0,-0.2,,,BYE,,,,,,,-0.1,-0.2
709,Travis Homer   CHI,RB,7,,,,,BYE,,0.0,0.0,0.0,,-0.2,,0.0,0.0,,,0.0,0.0,-0.2
711,Kyle Allen   DET,QB,4,,0.0,,-0.2,,,,BYE,,-0.1,,,,,,,0.0,-0.1,-0.3
712,Nick Mullens   JAC,QB,4,,,,,,,,BYE,,,0.0,,-0.3,0.0,-0.2,,,-0.1,-0.5
713,Clayton Tune   GB,QB,1,,,,,BYE,,,,,,,,,,,,-0.7,-0.7,-0.7
713,Jimmy Garoppolo   LAR,QB,4,,0.0,,0.0,,,-0.3,BYE,,,,,,-0.4,,,,-0.2,-0.7
715,Tahj Washington   MIA,WR,5,,,,,0.0,,,,-0.9,0.0,0.0,BYE,,,,,0.0,-0.2,-0.9
716,Derius Davis   LAC,WR,10,0.3,0.0,-1.8,,,,0.0,0.0,0.0,0.3,0.0,BYE,0.0,0.0,,,,-0.1,-1.2
717,Ke'Shawn Williams   CIN,WR,10,,,,,,0.0,0.0,0.0,0.0,-2.0,0.0,0.0,0.0,,,0.1,0.5,-0.1,-1.4
718,Jalen Milroe   SEA,QB,4,0.1,,0.3,,-2.0,,,BYE,,,,0.0,,,,,,-0.4,-1.6
719,Jamal Agnew   ATL,WR,11,0.0,,,0.0,BYE,0.0,0.0,0.0,0.0,0.0,0.0,0.0,-2.0,0.0,,,,-0.2,-2.0
719,LaJohntay Wester   BAL,WR,15,0.0,0.0,0.0,0.0,0.0,0.0,BYE,,0.0,0.0,-2.0,0.0,0.0,0.0,0.0,0.0,0.0,-0.1,-2.0
719,Mecole Hardman Jr.   BUF,WR,2,,,,,,,BYE,,,,-2.0,,,,,0.0,,-1.0,-2.0
722,Xavier Gipson   NYG,WR,6,-2.0,,,,,,0.0,0.3,,0.0,0.0,-1.7,,BYE,,,,-0.6,-3.4
723,Myles Price   MIN,WR,16,0.0,-2.0,0.0,0.0,0.0,BYE,0.0,0.0,0.0,-2.0,0.0,-2.0,0.0,0.0,0.0,0.0,0.0,-0.4,-6.0