RK,Name,POS,GP,REC,TGTS,YDS,AVG,TD,LNG,BIG,YDS/G,FUM,LST,YAC,FD
1,Jaxon Smith-NjigbaSEA,WR,17,119,163,"1,793",15.1,10,63,27,105.5,3,1,528,79
2,Puka NacuaLAR,WR,16,129,166,"1,715",13.3,10,58,27,107.2,1,1,666,80
3,George PickensDAL,WR,17,93,137,"1,429",15.4,9,45,22,84.1,4,0,479,73
4,Ja'Marr ChaseCIN,WR,16,125,185,"1,412",11.3,8,64,15,88.3,1,1,640,73
5,Amon-Ra St. BrownDET,WR,17,117,172,"1,401",12,11,52,19,82.4,1,0,570,71
6,Trey McBrideARI,TE,17,126,169,"1,239",9.8,11,31,12,72.9,0,0,583,63
7,Zay FlowersBAL,WR,17,86,118,"1,211",14.1,5,64,19,71.2,3,3,458,48
8,Chris OlaveNO,WR,16,100,156,"1,163",11.6,9,62,11,72.7,0,0,289,53
9,Nico CollinsHOU,WR,15,71,120,"1,117",15.7,6,57,18,74.5,1,1,324,48
9,Jameson WilliamsDET,WR,17,65,102,"1,117",17.2,7,64,23,65.7,0,0,441,49
11,CeeDee LambDAL,WR,14,75,117,"1,077",14.4,3,74,16,76.9,0,0,323,43
12,Justin JeffersonMIN,WR,17,84,141,"1,048",12.5,2,50,12,61.6,0,0,451,47
13,Courtland SuttonDEN,WR,17,74,124,"1,017",13.7,7,52,17,59.8,0,0,222,52
14,Wan'Dale RobinsonNYG,WR,16,92,140,"1,014",11,4,50,14,63.4,1,0,386,39
14,Tetairoa McMillanCAR,WR,17,70,122,"1,014",14.5,7,43,17,59.6,1,1,269,55
16,Stefon DiggsNE,WR,17,85,102,"1,013",11.9,4,34,17,59.6,0,0,354,51
17,DeVonta SmithPHI,WR,17,77,113,"1,008",13.1,4,79,14,59.3,0,0,293,44
18,Michael WilsonARI,WR,17,78,126,"1,006",12.9,7,50,14,59.2,0,0,273,51
19,A.J. BrownPHI,WR,15,78,121,"1,003",12.9,7,45,14,66.9,0,0,268,47
19,Alec PierceIND,WR,15,47,84,"1,003",21.3,6,66,17,66.9,0,0,174,41
21,Emeka EgbukaTB,WR,17,63,127,938,14.9,6,77,20,55.2,0,0,335,34
22,Kyle Pitts Sr.ATL,TE,17,88,118,928,10.5,5,36,12,54.6,0,0,400,51
23,Christian McCaffreySF,RB,17,102,129,924,9.1,7,39,7,54.4,1,0,720,49
24,Drake LondonATL,WR,12,68,112,919,13.5,7,43,13,76.6,1,1,229,46
25,Jaylen WaddleMIA,WR,16,64,100,910,14.2,6,46,14,56.9,1,0,228,48
26,Juwan JohnsonNO,TE,17,77,102,889,11.5,3,52,11,52.3,2,2,362,41
27,Travis KelceKC,TE,17,76,108,851,11.2,5,44,9,50.1,1,0,424,46
28,DK MetcalfPIT,WR,15,59,99,850,14.4,6,80,15,56.7,0,0,414,37
29,Parker WashingtonJAX,WR,16,58,95,847,14.6,5,63,17,52.9,0,0,265,37
30,Tee HigginsCIN,WR,15,59,98,846,14.3,11,44,14,56.4,0,0,166,41
31,Jakobi MeyersLV/JAX,WR,16,75,110,835,11.1,3,50,10,52.2,1,1,282,43
32,Bijan RobinsonATL,RB,17,79,103,820,10.4,4,69,10,48.2,1,1,857,34
33,Tyler WarrenIND,TE,17,76,112,817,10.8,4,41,10,48.1,0,0,474,42
34,Davante AdamsLAR,WR,14,60,114,789,13.1,14,44,14,56.4,0,0,117,51
34,Ladd McConkeyLAC,WR,16,66,106,789,12,6,58,8,49.3,0,0,310,35
36,Michael Pittman Jr.IND,WR,17,80,111,784,9.8,7,27,5,46.1,0,0,259,47
37,Keenan AllenLAC,WR,17,81,122,777,9.6,4,31,6,45.7,2,0,231,49
37,Dalton SchultzHOU,TE,17,82,106,777,9.5,3,47,5,45.7,1,0,358,39
39,Hunter HenryNE,TE,17,60,87,768,12.8,7,36,11,45.2,0,0,335,42
40,Quentin JohnstonLAC,WR,14,51,85,735,14.4,8,60,13,52.5,1,1,221,27
41,Harold Fannin Jr.CLE,TE,16,72,107,731,10.2,6,35,8,45.7,0,0,352,32
42,Deebo Samuel Sr.WSH,WR,16,72,99,727,10.1,5,41,10,45.4,1,0,466,32
43,Romeo DoubsGB,WR,16,55,85,724,13.2,6,48,12,45.3,1,0,163,41
44,Khalil ShakirBUF,WR,16,72,95,719,10,4,54,8,44.9,1,1,541,29
45,Colston LovelandCHI,TE,16,58,82,713,12.3,6,58,10,44.6,0,0,250,35
46,Troy FranklinDEN,WR,17,65,104,709,10.9,6,48,9,41.7,1,1,282,32
47,Brian Thomas Jr.JAX,WR,14,48,91,707,14.7,2,46,11,50.5,0,0,159,33
48,Tre TuckerLV,WR,17,57,92,696,12.2,5,61,9,40.9,0,0,291,32
49,Rashid ShaheedSEA/NO,WR,18,59,92,687,11.6,2,87,6,38.2,1,1,177,29
50,DJ MooreCHI,WR,17,50,85,682,13.6,6,46,12,40.1,1,1,222,32
51,Brock BowersLV,TE,12,64,86,680,10.6,7,38,8,56.7,0,0,303,36
52,Oronde GadsdenLAC,TE,15,49,69,664,13.6,3,53,11,44.3,1,1,221,28
53,Rome OdunzeCHI,WR,12,44,90,661,15,6,37,13,55.1,0,0,214,37
54,Luther Burden IIICHI,WR,15,47,60,652,13.9,2,65,11,43.5,0,0,334,27
55,Jauan JenningsSF,WR,15,55,90,643,11.7,9,42,9,42.9,1,1,181,36
56,George KittleSF,TE,11,57,69,628,11,7,33,9,57.1,0,0,252,38
57,Jahmyr GibbsDET,RB,17,77,94,616,8,5,42,7,36.2,0,0,615,28
58,Christian WatsonGB,WR,10,35,55,611,17.5,6,52,11,61.1,0,0,118,28
59,Jordan AddisonMIN,WR,14,42,79,610,14.5,3,81,11,43.6,0,0,134,26
60,Marvin Harrison Jr.ARI,WR,12,41,73,608,14.8,4,45,9,50.7,0,0,119,30
61,Jerry JeudyCLE,WR,17,50,106,602,12,2,60,6,35.4,1,1,166,31
62,Jake FergusonDAL,TE,17,82,102,600,7.3,8,26,2,35.3,3,2,311,30
63,Cooper KuppSEA,WR,16,47,70,593,12.6,2,67,8,37.1,1,1,293,26
64,Dallas GoedertPHI,TE,15,60,82,591,9.9,11,36,7,39.4,0,0,234,34
65,Hollywood BrownKC,WR,16,49,74,587,12,5,51,7,36.7,1,0,190,29
66,Terry McLaurinWSH,WR,10,38,60,582,15.3,3,56,7,58.2,0,0,93,33
67,Cade OttonTB,TE,16,59,81,572,9.7,1,27,7,35.8,0,0,309,25
68,Dalton KincaidBUF,TE,12,39,49,571,14.6,5,47,13,47.6,1,0,259,27
68,Rashee RiceKC,WR,8,53,78,571,10.8,5,47,9,71.4,1,0,414,28
70,Josh DownsIND,WR,16,58,88,566,9.8,4,34,4,35.4,0,0,144,36
71,Chig OkonkwoTEN,TE,17,56,79,560,10,2,43,6,32.9,0,0,342,24
72,Kendrick BourneSF,WR,16,37,53,551,14.9,0,56,5,34.4,0,0,165,27
72,Kayshon BoutteNE,WR,14,33,46,551,16.7,6,39,10,39.4,0,0,38,27
74,Mack HollinsNE,WR,15,46,65,550,12,2,54,8,36.7,1,0,108,28
75,Brenton StrangeJAX,TE,12,46,60,540,11.7,3,30,9,45,0,0,247,28
76,Darius SlaytonNYG,WR,14,37,63,538,14.5,1,52,7,38.4,1,1,198,23
77,Xavier WorthyKC,WR,14,42,73,532,12.7,1,42,9,38,0,0,193,22
78,Ricky PearsallSF,WR,9,36,53,528,14.7,0,45,9,58.7,0,0,74,27
78,Theo JohnsonNYG,TE,15,45,74,528,11.7,5,42,8,35.2,0,0,187,25
80,Jayden HigginsHOU,WR,17,41,68,525,12.8,6,75,5,30.9,0,0,123,28
81,AJ BarnerSEA,TE,17,52,68,519,10,6,61,3,30.5,2,0,271,26
82,Elic AyomanorTEN,WR,16,41,89,515,12.6,4,39,8,32.2,0,0,115,30
83,Zach Ertz,-,13,50,72,504,10.1,4,30,5,38.8,1,0,123,25
84,Sam LaPortaDET,TE,9,40,49,489,12.2,3,40,6,54.3,0,0,274,23
84,Tucker KraftGB,TE,8,32,44,489,15.3,6,59,6,61.1,0,0,344,22
86,De'Von AchaneMIA,RB,16,67,85,488,7.3,4,29,4,30.5,0,0,552,23
87,Pat FreiermuthPIT,TE,17,41,54,486,11.9,4,68,6,28.6,0,0,255,21
87,Kenny GainwellPIT,RB,17,73,85,486,6.7,3,45,3,28.6,1,1,528,23
89,Ryan FlournoyDAL,WR,16,40,56,475,11.9,4,46,5,29.7,0,0,204,29
90,Evan EngramDEN,TE,16,50,76,461,9.2,1,41,4,28.8,0,0,302,19
91,Adonai MitchellIND/NYJ,WR,16,33,74,453,13.7,2,75,6,28.3,1,1,80,15
92,DeMario DouglasNE,WR,17,31,46,447,14.4,3,58,7,26.3,0,0,214,17
93,Jalen NailorMIN,WR,17,29,53,444,15.3,4,62,9,26.1,0,0,112,23
94,Darnell MooneyATL,WR,15,32,72,443,13.8,1,49,5,29.5,2,0,73,25
95,T.J. HockensonMIN,TE,15,51,66,438,8.6,3,29,3,29.2,0,0,219,22
95,Tyquan ThorntonKC,WR,14,19,37,438,23.1,3,61,11,31.3,0,0,59,15
97,Chase BrownCIN,RB,17,69,88,437,6.3,5,23,2,25.7,1,0,450,18
98,Andrei IosivasCIN,WR,17,33,58,435,13.2,2,37,7,25.6,0,0,103,24
99,Xavier HutchinsonHOU,WR,17,35,57,428,12.2,3,33,7,25.2,0,0,146,19
100,Chimere DikeTEN,WR,17,48,74,423,8.8,4,38,6,24.9,0,0,220,20
101,Mark AndrewsBAL,TE,17,48,70,422,8.8,5,27,3,24.8,1,0,101,24
102,Dawson KnoxBUF,TE,17,36,49,417,11.6,4,32,5,24.5,0,0,183,23
103,Colby ParkinsonLAR,TE,15,43,56,408,9.5,8,26,4,27.2,1,1,271,24
104,Keon ColemanBUF,WR,13,38,59,404,10.6,4,37,5,31.1,1,1,88,25
105,KaVontae TurpinDAL,WR,15,26,38,396,15.2,2,86,5,26.4,0,0,214,16
106,Garrett WilsonNYJ,WR,7,36,59,395,11,4,33,4,56.4,1,0,100,18
107,Jalen CokerCAR,WR,11,33,43,394,11.9,3,34,6,35.8,1,1,102,22
108,Jonathan TaylorIND,RB,17,46,55,378,8.2,2,43,3,22.2,1,0,434,15
108,Pat BryantDEN,WR,15,31,49,378,12.2,1,48,4,25.2,0,0,147,22
110,Calvin Austin IIIPIT,WR,14,31,55,372,12,3,31,5,26.6,0,0,128,15
111,Sterling ShepardTB,WR,13,39,53,371,9.5,1,36,5,28.5,1,1,152,18
112,Mason TaylorNYJ,TE,13,44,65,369,8.4,1,27,2,28.4,0,0,133,23
113,Mike EvansTB,WR,8,30,61,368,12.3,3,45,5,46,0,0,37,23
114,Darnell WashingtonPIT,TE,16,31,43,364,11.7,1,36,3,22.8,2,1,229,16
115,Xavier LegetteCAR,WR,15,35,64,363,10.4,3,36,7,24.2,1,0,75,18
116,Matthew GoldenGB,WR,14,29,44,361,12.4,0,46,7,25.8,0,0,101,16
117,Chris Godwin Jr.TB,WR,9,33,51,360,10.9,2,59,5,40,0,0,206,21
118,Gunnar HelmTEN,TE,16,44,55,357,8.1,2,34,2,22.3,0,0,159,17
119,RJ HarveyDEN,RB,17,47,58,356,7.6,5,32,2,20.9,0,0,360,18
120,Van JeffersonTEN,WR,16,29,52,350,12.1,1,43,6,21.9,0,0,83,17
120,Breece HallNYJ,RB,16,36,48,350,9.7,1,42,4,21.9,0,0,321,13
122,Cole KmetCHI,TE,16,30,48,347,11.6,2,31,5,21.7,0,0,149,17
123,Ashton JeantyLV,RB,17,55,73,346,6.3,5,60,3,20.4,1,0,452,13
124,JuJu Smith-SchusterKC,WR,17,33,45,345,10.5,1,30,3,20.3,0,0,191,19
124,Rhamondre StevensonNE,RB,14,32,37,345,10.8,2,55,5,24.6,1,1,263,11
126,Isaiah BondCLE,WR,16,18,44,338,18.8,0,52,6,21.1,0,0,79,12
127,Greg DulcichMIA,TE,10,26,33,335,12.9,1,29,7,33.5,1,1,199,14
128,Jaylen WarrenPIT,RB,16,40,45,333,8.3,2,65,2,20.8,0,0,429,13
129,Dontayvion WicksGB,WR,14,30,46,332,11.1,2,30,3,23.7,0,0,67,21
130,DeAndre HopkinsBAL,WR,17,22,39,330,15,2,41,5,19.4,0,0,65,15
131,Michael MayerLV,TE,13,35,50,328,9.4,1,23,3,25.2,1,0,196,18
132,Tre' HarrisLAC,WR,17,30,43,324,10.8,1,37,3,19.1,0,0,139,18
133,Tez JohnsonTB,WR,16,28,44,322,11.5,5,45,3,20.1,0,0,110,16
133,Marvin Mims Jr.DEN,WR,15,37,51,322,8.7,1,31,6,21.5,0,0,231,14
135,Malik WashingtonMIA,WR,17,46,65,317,6.9,3,28,2,18.6,0,0,253,16
136,Olamide ZaccheausCHI,WR,16,39,65,313,8,2,27,1,19.6,0,0,138,15
137,Mike GesickiCIN,TE,13,28,42,307,11,2,37,2,23.6,0,0,63,19
137,Isaiah LikelyBAL,TE,14,27,37,307,11.4,1,43,4,21.9,2,1,117,11
139,Calvin RidleyTEN,WR,7,17,36,303,17.8,0,47,7,43.3,0,0,84,13
139,Joshua PalmerBUF,WR,12,22,37,303,13.8,0,45,4,25.3,0,0,54,13
139,Xavier SmithLAR,WR,16,18,24,303,16.8,0,51,5,18.9,0,0,107,11
142,Elijah HigginsARI,TE,17,30,37,301,10,0,27,4,17.7,1,1,209,15
143,D'Andre SwiftCHI,RB,16,34,48,299,8.8,1,55,3,18.7,0,0,357,12
144,Travis HunterJAX,WR,7,28,45,298,10.6,1,44,5,42.6,1,0,140,12
145,Rico DowdleCAR,RB,17,39,50,297,7.6,1,36,3,17.5,1,0,350,14
146,David NjokuCLE,TE,12,33,48,293,8.9,4,23,2,24.4,0,0,160,11
146,Jake TongesSF,TE,17,34,46,293,8.6,5,23,2,17.2,0,0,143,21
146,Devaughn VeleNO,WR,13,25,39,293,11.7,2,17,0,22.5,0,0,34,19
149,Travis Etienne Jr.JAX,RB,17,36,52,292,8.1,6,45,2,17.2,0,0,339,14
149,Jaylin NoelHOU,WR,17,26,35,292,11.2,2,44,6,17.2,0,0,99,13
151,Tyler LockettLV/TEN,WR,17,32,55,291,9.1,1,33,2,17.1,0,0,79,14
151,James Cook IIIBUF,RB,17,33,40,291,8.8,2,51,4,17.1,0,0,272,11
153,Kalif RaymondDET,WR,15,24,30,289,12,1,30,4,19.3,0,0,157,14
154,Noah FantCIN,TE,15,34,41,288,8.5,3,25,3,19.2,3,3,174,13
154,Tyrone Tracy Jr.NYG,RB,15,36,48,288,8,2,42,4,19.2,1,1,314,14
156,Daniel BellingerNYG,TE,16,19,26,286,15.1,2,44,4,17.9,0,0,132,14
157,Darren WallerMIA,TE,9,24,34,283,11.8,6,34,5,31.4,0,0,73,19
158,Josh JacobsGB,RB,15,36,44,282,7.8,1,31,4,18.8,0,0,304,8
158,Kenneth Walker IIISEA,RB,17,31,36,282,9.1,0,46,5,16.6,1,0,339,12
160,Tyler HigbeeLAR,TE,10,25,36,281,11.2,3,24,6,28.1,0,0,140,17
160,Kyren WilliamsLAR,RB,17,36,50,281,7.8,3,30,2,16.5,0,0,155,12
162,Brandin CooksBUF/NO,WR,15,24,36,279,11.6,0,50,4,18.6,0,0,43,14
163,Bucky IrvingTB,RB,10,30,35,277,9.2,3,72,5,27.7,0,0,360,11
164,Demarcus RobinsonSF,WR,14,22,35,276,12.5,1,31,5,19.7,0,0,36,15
165,John Metchie IIINYJ/PHI,WR,16,33,48,274,8.3,2,22,1,17.1,0,0,140,15
166,Saquon BarkleyPHI,RB,16,37,50,273,7.4,2,47,2,17.1,1,1,296,11
167,Malik NabersNYG,WR,4,18,35,271,15.1,2,48,5,67.8,0,0,52,11
167,Dylan SampsonCLE,RB,15,33,40,271,8.2,2,66,2,18.1,1,1,318,8
169,Cedric TillmanCLE,WR,13,21,39,270,12.9,2,42,6,20.8,0,0,62,13
170,Michael CarterARI,RB,13,33,45,267,8.1,0,18,0,20.5,0,0,257,12
171,Tyreek HillMIA,WR,4,21,29,265,12.6,1,47,4,66.3,0,0,57,17
172,Tyjae SpearsTEN,RB,13,45,50,264,5.9,0,34,3,20.3,0,0,361,10
173,Austin HooperNE,TE,16,21,26,263,12.5,2,31,6,16.4,0,0,86,13
173,Ty JohnsonBUF,RB,17,24,33,263,11,2,52,3,15.5,1,0,301,13
175,Jahan DotsonPHI,WR,17,18,36,262,14.6,1,51,4,15.4,0,0,50,10
176,Luke MusgraveGB,TE,17,24,31,252,10.5,0,26,5,14.8,1,0,69,11
177,Tommy TrembleCAR,TE,17,27,37,249,9.2,2,54,1,14.6,0,0,164,10
178,Tyrell ShaversBUF,WR,17,15,23,245,16.3,1,43,6,14.4,0,0,64,10
179,Christian KirkHOU,WR,13,28,52,239,8.5,1,47,3,18.4,0,0,115,12
179,Isaac TeSlaaDET,WR,17,16,27,239,14.9,6,29,3,14.1,0,0,55,14
181,Terrance FergusonLAR,TE,14,11,25,231,21,3,36,7,16.5,0,0,40,9
182,Dyami BrownJAX,WR,14,20,37,227,11.4,1,39,2,16.2,0,0,31,13
183,Jaylin LaneWSH,WR,15,16,32,225,14.1,0,41,3,15,0,0,39,10
184,Rashod BatemanBAL,WR,13,19,38,224,11.8,2,36,3,17.2,0,0,39,12
184,Jack BechLV,WR,16,20,29,224,11.2,0,37,2,14,0,0,68,11
186,Chuba HubbardCAR,RB,15,30,39,223,7.4,3,35,3,14.9,0,0,291,12
187,Jonnu SmithPIT,TE,17,38,54,222,5.8,2,21,1,13.1,1,0,179,10
188,TreVeyon HendersonNE,RB,17,35,42,221,6.3,1,19,0,13,0,0,244,7
189,Rachaad WhiteTB,RB,17,40,45,218,5.4,0,18,0,12.8,0,0,329,10
190,Kyle JuszczykSF,FB,17,24,28,213,8.9,2,25,3,12.5,0,0,109,10
191,Kyle WilliamsNE,WR,17,10,21,209,20.9,3,72,3,12.3,0,0,79,7
192,Davis AllenLAR,TE,17,24,33,208,8.7,3,27,2,12.2,0,0,137,12
192,Woody MarksHOU,RB,16,24,36,208,8.7,3,50,3,13,0,0,223,7
194,Chris MooreWSH,WR,14,11,23,207,18.8,1,44,3,14.8,0,0,53,10
194,Jayden ReedGB,WR,7,19,22,207,10.9,1,31,4,29.6,0,0,85,8
194,Cam SkatteboNYG,RB,8,24,32,207,8.6,2,21,1,25.9,0,0,209,11
197,Tony PollardTEN,RB,17,33,41,206,6.2,0,29,1,12.1,1,1,203,11
197,Greg DortchARI,WR,12,29,33,206,7.1,3,39,1,17.2,0,0,194,10
199,Jalen TolbertDAL,WR,13,18,34,203,11.3,1,35,2,15.6,0,0,46,12
199,Luke McCaffreyWSH,WR,9,11,15,203,18.5,3,50,3,22.6,0,0,69,6
201,Aaron Jones Sr.MIN,RB,12,28,41,199,7.1,1,27,1,16.6,2,1,227,9
202,Tyler JohnsonNYJ,WR,12,12,18,197,16.4,1,35,5,16.4,0,0,64,8
203,Jeremy McNicholsWSH,RB,17,25,31,196,7.8,0,24,1,11.5,0,0,222,10
204,Adam TrautmanDEN,TE,17,20,23,195,9.8,1,26,3,11.5,0,0,104,11
205,Isaiah WilliamsNYJ,WR,15,26,36,193,7.4,0,25,1,12.9,0,0,119,10
206,David MontgomeryDET,RB,17,24,29,192,8,0,23,1,11.3,0,0,199,11
206,Tutu AtwellLAR,WR,10,6,15,192,32,1,88,3,19.2,0,0,67,4
206,Omarion HamptonLAC,RB,9,32,35,192,6,1,22,1,21.3,1,0,245,7
209,David Sills VATL,WR,17,18,36,191,10.6,2,21,3,11.2,0,0,56,9
210,Ja'Tavion SandersCAR,TE,13,29,34,190,6.6,1,18,0,14.6,0,0,86,8
211,Tim PatrickJAX,WR,16,15,24,187,12.5,3,37,4,11.7,0,0,54,10
211,Jackson HawesBUF,TE,17,16,19,187,11.7,3,29,2,11,0,0,91,13
213,Adam ThielenPIT/MIN,WR,16,19,35,186,9.8,0,28,1,11.6,0,0,44,10
213,Alvin KamaraNO,RB,11,33,39,186,5.6,0,26,2,16.9,1,1,202,7
213,Isaiah DavisNYJ,RB,16,21,28,186,8.9,0,26,2,11.6,0,0,189,8
216,Zay JonesARI,WR,8,12,18,183,15.3,0,43,4,22.9,0,0,36,7
217,Jeremy RuckertNYJ,TE,17,23,29,179,7.8,1,24,1,10.5,0,0,99,8
217,Elijah ArroyoSEA,TE,13,15,26,179,11.9,1,32,4,13.8,1,1,78,7
219,Noah GrayKC,TE,16,21,37,178,8.5,0,28,1,11.1,0,0,107,9
219,Jalen McMillanTB,WR,4,12,15,178,14.8,0,33,2,44.5,0,0,59,8
221,Brashard SmithKC,RB,17,25,35,172,6.9,1,17,0,10.1,0,0,232,7
222,Jordan WhittingtonLAR,WR,17,18,25,171,9.5,0,40,2,10.1,0,0,88,7
222,Mitchell EvansCAR,TE,17,19,25,171,9,2,25,2,10.1,0,0,108,9
222,Quinshon JudkinsCLE,RB,14,26,36,171,6.6,0,58,1,12.2,0,0,194,7
225,Justice HillBAL,RB,10,21,27,169,8,1,37,1,16.9,0,0,184,6
226,Tanner HudsonCIN,TE,15,19,24,168,8.8,2,33,1,11.2,0,0,83,8
227,Roman WilsonPIT,WR,13,12,20,166,13.8,2,45,3,12.8,1,1,66,7
228,Kyle MonangaiCHI,RB,17,18,30,164,9.1,0,34,2,9.6,0,0,162,7
229,Tory HortonSEA,WR,8,13,22,161,12.4,5,25,3,20.1,0,0,33,7
230,Josh OliverMIN,TE,15,15,19,160,10.7,4,32,2,10.7,0,0,102,9
230,Brycen TremayneCAR,WR,16,14,18,160,11.4,0,26,3,10,1,0,58,7
230,Bam KnightARI,RB,12,22,31,160,7.3,1,20,1,13.3,0,0,151,10
233,Lil'Jordan HumphreyDEN/NYG,WR,10,13,25,156,12,1,34,2,15.6,0,0,29,9
234,Devin SingletaryNYG,RB,17,18,19,151,8.4,0,41,2,8.9,0,0,162,4
235,Derrick HenryBAL,RB,17,15,21,150,10,0,44,1,8.8,0,0,135,4
236,Gunner OlszewskiNYG,WR,16,10,13,145,14.5,1,28,3,9.1,0,0,74,7
237,Zach CharbonnetSEA,RB,16,20,24,144,7.2,0,21,1,9,0,0,123,7
238,Kareem HuntKC,RB,17,18,25,143,7.9,1,22,1,8.4,0,0,153,8
239,Charlie KolarBAL,TE,17,10,15,142,14.2,2,23,2,8.4,0,0,52,9
240,Tyler BadieDEN,RB,16,19,31,141,7.4,0,19,0,8.8,0,0,200,9
241,Julian HillMIA,TE,14,15,20,140,9.3,0,20,1,10,0,0,111,6
241,Kevin Austin Jr.NO,WR,8,13,23,140,10.8,1,36,1,17.5,0,0,56,7
243,Theo Wease Jr.MIA,WR,3,6,10,139,23.2,1,63,2,46.3,0,0,63,6
244,Javonte WilliamsDAL,RB,16,35,51,137,3.9,2,14,0,8.6,1,1,206,7
245,Kimani VidalLAC,RB,13,16,22,136,8.5,1,60,1,10.5,0,0,170,6
245,Devontez WalkerBAL,WR,12,6,8,136,22.7,3,38,4,11.3,0,0,23,5
247,Dont'e Thornton Jr.LV,WR,15,10,30,135,13.5,0,36,3,9,0,0,38,7
248,Luke SchoonmakerDAL,TE,17,14,23,132,9.4,0,29,1,7.8,0,0,82,7
249,Treylon BurksWSH,WR,8,10,22,130,13,1,37,2,16.3,0,0,34,7
250,Gabe DavisBUF,WR,6,12,18,129,10.8,1,22,2,21.5,0,0,30,8
251,Dante PettisNO,WR,8,9,11,127,14.1,0,32,3,15.9,1,1,86,4
252,Marquez Valdes-ScantlingPIT/SF,WR,10,14,29,120,8.6,1,19,0,12,1,0,28,6
253,Mo Alie-CoxIND,TE,17,13,20,117,9,1,20,1,6.9,0,0,77,4
254,Mitchell TinsleyCIN,WR,17,8,24,116,14.5,2,27,1,6.8,0,0,16,6
255,Isaiah HodginsNYG,WR,7,10,19,115,11.5,1,30,2,16.4,0,0,17,6
256,Ian ThomasLV,TE,15,13,13,114,8.8,0,20,1,7.6,0,0,72,5
256,Ben SinnottWSH,TE,16,11,13,114,10.4,1,36,2,7.1,0,0,63,5
258,Elijah MooreBUF,WR,9,9,17,112,12.4,0,31,3,12.4,0,0,58,4
259,Johnny MundtJAX,TE,16,9,19,111,12.3,0,21,1,6.9,0,0,76,6
260,Hunter LuepkeDAL,FB,17,13,15,109,8.4,1,15,0,6.4,0,0,119,6
261,Brock WrightDET,TE,11,14,22,108,7.7,2,20,1,9.8,0,0,86,7
261,Jimmy Horn Jr.CAR,WR,13,11,15,108,9.8,0,34,1,8.3,0,0,71,4
263,Bo MeltonGB,WR,16,4,13,107,26.8,1,45,2,6.7,0,0,7,4
263,Jamari ThrashCLE,WR,9,10,15,107,10.7,0,23,3,11.9,0,0,39,5
265,Drew SampleCIN,TE,17,15,20,106,7.1,1,27,1,6.2,0,0,109,5
265,Ashton DulinIND,WR,12,5,10,106,21.2,0,48,3,8.8,0,0,53,4
267,Devin NealNO,RB,10,17,19,104,6.1,0,18,0,10.4,0,0,138,4
268,John BatesWSH,TE,15,11,16,103,9.4,1,22,1,6.9,0,0,68,6
268,Jerome FordCLE,RB,13,26,32,103,4,0,17,0,7.9,0,0,154,4
268,Audric EstimeNO,RB,7,12,13,103,8.6,0,19,0,14.7,0,0,108,3
271,Josh ReynoldsNYJ,WR,5,11,21,101,9.2,0,13,0,20.2,0,0,14,4
271,Tyler ConklinLAC,TE,13,7,10,101,14.4,0,33,2,7.8,1,0,57,3
271,Isiah PachecoKC,RB,13,19,26,101,5.3,1,31,1,7.8,0,0,121,4
271,Emari DemercadoARI,RB,13,13,20,101,7.8,1,34,2,7.8,0,0,84,3
275,Ameer AbdullahIND,RB,13,16,17,99,6.2,0,15,0,7.6,0,0,105,4
275,Emanuel WilsonGB,RB,17,15,17,99,6.6,0,25,1,5.8,1,0,133,5
277,Zavier ScottMIN,RB,16,14,16,98,7,1,20,1,6.1,0,0,105,7
278,Will DisslyLAC,TE,9,11,16,97,8.8,0,18,0,10.8,0,0,66,5
279,Tyler AllgeierATL,RB,17,14,16,96,6.9,0,31,2,5.6,0,0,120,3
280,Casey WashingtonATL,WR,7,6,14,94,15.7,0,25,1,13.4,0,0,12,6
281,Konata MumpfieldLAR,WR,17,10,23,92,9.2,1,19,0,5.4,0,0,25,7
281,Darius CooperPHI,WR,13,9,11,92,10.2,0,19,0,7.1,0,0,22,6
283,Taysom HillNO,QB,13,11,16,91,8.3,0,17,0,7,0,0,86,2
283,Chris BrooksGB,RB,17,13,17,91,7,0,16,0,5.4,0,0,106,3
283,Tanner ConnerMIA,TE,9,9,15,91,10.1,0,28,1,10.1,0,0,39,3
286,Cody WhiteSEA,WR,10,3,4,90,30,1,60,2,9,0,0,58,2
286,Brevyn Spann-FordDAL,TE,17,9,13,90,10,1,31,2,5.3,0,0,33,4
288,Hunter RenfrowCAR,WR,6,15,26,89,5.9,2,15,0,14.8,0,0,24,8
288,Nick Westbrook-IkhineMIA,WR,15,11,20,89,8.1,0,18,0,5.9,0,0,28,8
290,Samaje PerineCIN,RB,15,17,21,87,5.1,0,16,0,5.8,0,0,109,5
290,Skyy MooreSF,WR,17,5,7,87,17.4,0,23,2,5.1,0,0,29,5
290,Jahdae WalkerCHI,WR,9,6,10,87,14.5,2,25,1,9.7,0,0,8,4
293,Ray DavisBUF,RB,17,10,13,86,8.6,2,21,1,5.1,0,0,99,7
293,Malik HeathGB,WR,11,6,7,86,14.3,0,37,1,7.8,0,0,29,4
295,Luke FarrellSF,TE,17,11,14,85,7.7,2,11,0,5,1,1,52,6
295,Hunter LongJAX,TE,9,12,17,85,7.1,2,11,0,9.4,1,0,31,5
297,Noah BrownWSH,WR,4,5,10,83,16.6,0,28,1,20.8,0,0,11,3
298,Curtis SamuelBUF,WR,6,7,9,81,11.6,1,21,2,13.5,0,0,27,5
299,Malachi CorleyCLE,WR,13,11,14,79,7.2,0,19,0,6.1,0,0,68,4
299,Bhayshul TutenJAX,RB,15,10,14,79,7.9,2,24,1,5.3,0,0,80,3
301,Savion WilliamsGB,WR,12,10,10,78,7.8,1,33,1,6.5,0,0,61,3
302,Dare OgunbowaleHOU,RB,17,10,13,76,7.6,0,18,0,4.5,1,1,56,3
302,Grant CalcaterraPHI,TE,15,9,13,76,8.4,1,16,0,5.1,0,0,31,4
302,Cade StoverHOU,TE,9,12,16,76,6.3,0,11,0,8.4,0,0,52,4
302,Mason TiptonNO,WR,14,11,17,76,6.9,0,12,0,5.4,0,0,37,4
306,Efton Chism IIINE,WR,8,3,3,75,25,1,35,2,9.4,0,0,40,3
307,John FitzPatrickGB,TE,15,12,15,72,6,1,11,0,4.8,0,0,57,4
308,Gage LarvadainCLE,WR,13,7,14,71,10.1,0,14,0,5.5,0,0,28,3
309,Raheem MostertLV,RB,12,12,12,70,5.8,0,18,0,5.8,0,0,86,6
309,Allen LazardNYJ,WR,10,10,18,70,7,1,10,0,7,0,0,33,4
311,Ray-Ray McCloud IIIATL/NYG,WR,6,7,15,69,9.9,0,24,1,11.5,0,0,51,4
311,Ben SkowronekPIT,WR,17,4,6,69,17.3,1,22,2,4.1,0,0,23,4
313,Jacory Croskey-MerrittWSH,RB,17,9,13,68,7.6,0,28,1,4,0,0,77,3
313,Rasheen AliBAL,RB,15,9,11,68,7.6,1,30,1,4.5,0,0,83,2
315,Nick ChubbHOU,RB,15,13,20,67,5.2,0,27,1,4.5,0,0,63,1
315,Xavier WeaverARI,WR,10,7,13,67,9.6,0,23,1,6.7,0,0,20,2
317,James Proche IITEN,WR,9,6,12,65,10.8,0,23,1,7.2,0,0,2,2
318,Trey BensonARI,RB,4,13,16,64,4.9,0,12,0,16,0,0,73,2
318,Kameron JohnsonTB,WR,17,4,7,64,16,1,34,1,3.8,0,0,20,3
320,Keaton MitchellBAL,RB,13,9,12,63,7,0,17,0,4.8,0,0,85,2
321,Scotty MillerPIT,WR,13,9,14,62,6.9,0,15,0,4.8,0,0,31,4
321,Dee EskridgeMIA,WR,13,4,7,62,15.5,0,40,1,4.8,0,0,9,3
323,Foster MoreauNO,TE,11,7,10,59,8.4,0,16,0,5.4,0,0,44,2
324,Shedrick JacksonLV,WR,5,4,5,56,14,1,25,1,11.2,0,0,4,2
324,Will ShipleyPHI,RB,15,9,12,56,6.2,0,12,0,3.7,0,0,63,2
326,Trayveon WilliamsLAC/CLE,RB,7,8,9,55,6.9,0,26,1,7.9,0,0,83,2
326,Quintin MorrisJAX,TE,14,6,9,55,9.2,1,14,0,3.9,0,0,21,4
328,LeQuint Allen Jr.JAX,RB,17,10,11,54,5.4,0,10,0,3.2,0,0,61,0
329,Robbie ChosenWSH,WR,3,5,9,53,10.6,0,17,0,17.7,0,0,5,2
329,Anthony FirkserDET,TE,7,8,10,53,6.6,0,18,0,7.6,0,0,12,4
329,Adam PrenticeDEN,FB,17,6,8,53,8.8,0,14,0,3.1,0,0,43,3
332,Alec IngoldMIA,FB,17,8,11,52,6.5,0,22,1,3.1,0,0,45,4
332,Stone SmarttNYJ,TE,15,7,9,52,7.4,0,17,0,3.5,0,0,27,3
332,Arian SmithNYJ,WR,16,7,16,52,7.4,0,23,1,3.3,0,0,33,4
335,Jordan MasonMIN,RB,16,14,16,51,3.6,0,13,0,3.2,1,0,102,1
335,KeAndre Lambert-SmithLAC,WR,10,5,12,51,10.2,1,18,0,5.1,0,0,21,3
335,Jalen BrooksARI/DAL,WR,6,3,6,51,17,0,20,1,8.5,0,0,19,3
338,Michael BandyDEN,WR,4,4,4,50,12.5,1,20,1,12.5,0,0,26,3
339,Charlie WoernerATL,TE,17,8,9,48,6,0,18,0,2.8,0,0,35,2
339,Mason KinseyTEN,WR,10,2,4,48,24,0,34,1,4.8,0,0,3,2
339,Brenden BatesHOU/CLE,TE,9,4,5,48,12,0,19,0,5.3,0,0,10,3
339,Nate AdkinsDEN,TE,9,6,11,48,8,1,16,0,5.3,0,0,26,3
339,Dareke YoungSEA,WR,9,2,3,48,24,0,36,1,5.3,0,0,0,2
344,Jack StollNO,TE,15,6,11,46,7.7,1,13,0,3.1,0,0,17,2
344,Austin TrammellJAX,WR,6,3,10,46,15.3,0,18,0,7.7,0,0,2,2
346,Andrew BeckNYJ,FB,17,6,9,45,7.5,2,17,0,2.6,0,0,20,4
346,Tylan WallaceBAL,WR,14,4,8,45,11.3,1,15,0,3.2,0,0,17,3
348,Cedrick Wilson Jr.MIA,WR,10,5,9,44,8.8,0,16,0,4.4,0,0,25,3
348,Jaylen WrightMIA,RB,10,5,9,44,8.8,0,18,0,4.4,0,0,60,2
350,Dylan DrummondATL,WR,9,7,11,42,6,0,15,0,4.7,0,0,14,2
351,Xavier RestrepoTEN,WR,2,3,7,41,13.7,0,15,0,20.5,0,0,9,3
352,Kylen GransonPHI,TE,17,7,9,40,5.7,0,12,0,2.4,0,0,13,3
353,James ConnerARI,RB,3,8,9,38,4.8,1,18,0,12.7,0,0,68,4
353,Austin EkelerWSH,RB,2,5,7,38,7.6,0,15,0,19,0,0,49,2
355,Braxton BerriosHOU,WR,4,6,8,37,6.2,0,14,0,9.3,0,0,18,3
355,J.K. DobbinsDEN,RB,10,11,14,37,3.4,0,9,0,3.7,0,0,56,0
355,Tahj WashingtonMIA,WR,6,3,5,37,12.3,0,19,0,6.2,1,1,8,1
358,Tom KennedyDET,WR,6,4,4,36,9,0,23,1,6,0,0,4,2
358,Albert Okwuegbunam Jr.LV,TE,1,5,6,36,7.2,0,16,0,36,0,0,34,2
358,Josh WhyleGB,TE,8,5,6,36,7.2,1,21,1,4.5,0,0,21,2
358,Blake CorumLAR,RB,17,8,14,36,4.5,0,14,0,2.1,0,0,37,2
362,Keleki LatuBUF,TE,5,4,4,35,8.8,0,14,0,7,0,0,23,3
362,Jalin HyattNYG,WR,8,5,14,35,7,0,14,0,4.4,0,0,2,2
364,Ryan MillerTB,WR,13,2,4,34,17,1,20,1,2.6,0,0,0,1
364,Jawhar JordanHOU,RB,4,7,7,34,4.9,0,14,0,8.5,0,0,40,2
364,Sean TuckerTB,RB,17,8,11,34,4.3,1,28,1,2,0,0,49,1
367,Jameis WinstonNYG,QB,3,1,1,33,33,1,33,1,11,0,0,20,1
368,Tank BigsbyJAX/PHI,RB,17,3,4,32,10.7,0,31,1,1.9,0,0,39,1
368,Ollie Gordon IIMIA,RB,17,7,9,32,4.6,1,20,1,1.9,0,0,57,1
370,Eric SaubertSEA,TE,11,4,7,31,7.8,0,12,0,2.8,0,0,16,2
370,KhaDarel HodgeATL,WR,12,3,10,31,10.3,0,16,0,2.6,0,0,9,2
372,Justin WatsonHOU,WR,3,3,4,30,10,0,15,0,10,0,0,14,1
372,Miles SandersDAL,RB,4,8,8,30,3.8,0,9,0,7.5,0,0,44,0
372,David Martin-RobinsonTEN,TE,17,4,6,30,7.5,1,14,0,1.8,0,0,16,3
372,Chris Rodriguez Jr.WSH,RB,13,3,4,30,10,0,18,0,2.3,0,0,26,1
372,Ben SimsMIN/GB,TE,11,3,6,30,10,0,18,0,2.7,0,0,5,2
372,Kendre MillerNO,RB,7,5,5,30,6,0,11,0,4.3,0,0,35,1
378,James MitchellCAR,TE,5,3,3,28,9.3,0,11,0,5.6,0,0,21,2
379,Deven ThompkinsATL,WR,7,3,3,27,9,0,19,0,3.9,0,0,20,1
379,Jaleel McLaughlinDEN,RB,8,4,6,27,6.8,0,17,0,3.4,0,0,39,2
379,Drew OgletreeIND,TE,15,4,6,27,6.8,1,11,0,1.8,0,0,9,2
382,Devin DuvernayCHI,WR,17,2,5,26,13,0,24,1,1.5,0,0,0,1
382,Jordan WatkinsSF,WR,4,2,3,26,13,0,19,0,6.5,0,0,1,1
384,Durham SmytheCHI,TE,17,4,6,25,6.3,0,11,0,1.5,0,0,15,1
384,Najee HarrisLAC,RB,3,3,3,25,8.3,0,11,0,8.3,0,0,15,1
384,Brian Robinson Jr.SF,RB,17,8,12,25,3.1,0,6,0,1.5,0,0,35,1
384,Jonathan MingoDAL,WR,6,1,5,25,25,0,25,1,4.2,0,0,4,1
384,Beaux CollinsNYG,WR,9,2,6,25,12.5,0,18,0,2.8,0,0,6,1
384,Tai FeltonMIN,WR,17,3,3,25,8.3,0,10,0,1.5,0,0,14,2
384,Jacoby JonesWSH,WR,1,1,1,25,25,0,25,1,25,0,0,22,1
391,Reggie GilliamBUF,FB,17,2,2,24,12,0,22,1,1.4,0,0,2,1
391,Zamir WhiteLV,RB,6,4,6,24,6,0,9,0,4,0,0,24,0
393,Tay MartinWSH,WR,3,2,2,23,11.5,0,14,0,7.7,0,0,5,1
393,Ronnie BellNO,WR,2,2,4,23,11.5,1,16,0,11.5,0,0,1,1
395,Caleb WilliamsCHI,QB,17,2,2,22,11,1,20,1,1.3,0,0,25,2
396,Trent SherfieldARI/DEN,WR,12,3,5,21,7,0,15,0,1.8,0,0,14,1
396,Cody FordCIN,OT,17,1,1,21,21,0,21,1,1.2,0,0,17,1
396,Josiah DeguaraARI,TE,12,3,5,21,7,1,8,0,1.8,0,0,5,2
396,AJ DillonPHI,RB,7,3,3,21,7,0,11,0,3,1,1,9,0
396,Connor HeywardPIT,FB,17,3,4,21,7,1,12,0,1.2,0,0,5,1
396,Nikko RemigioKC,WR,14,1,1,21,21,0,21,1,1.5,0,0,3,1
396,Raheim SandersCLE,RB,4,3,4,21,7,0,10,0,5.3,0,0,14,0
403,Britain CoveyPHI,WR,6,2,4,20,10,0,12,0,3.3,0,0,20,2
403,Jake BoboSEA,WR,11,2,2,20,10,0,17,0,1.8,0,0,6,1
403,Jared WayneHOU,WR,1,2,2,20,10,0,17,0,20,0,0,3,1
403,Shane ZylstraDET,TE,6,3,5,20,6.7,0,11,0,3.3,0,0,2,1
407,Tucker FiskLAC,TE,10,2,4,19,9.5,0,12,0,1.9,0,0,21,1
408,Colson YankoffWSH,TE,14,2,3,18,9,0,14,0,1.3,0,0,4,2
408,Dylan LaubeLV,RB,17,3,4,18,6,0,13,0,1.1,0,0,24,1
408,Tip ReimanARI,TE,4,3,5,18,6,0,10,0,4.5,0,0,7,1
411,Braelon AllenNYJ,RB,4,2,3,17,8.5,0,12,0,4.3,0,0,9,1
411,Zaire Mitchell-PadenBAL/NO,TE,8,2,3,17,8.5,0,14,0,2.1,0,0,5,1
413,Malik DavisDAL,RB,10,2,5,16,8,0,10,0,1.6,0,0,6,0
413,Will MalloryIND,TE,2,1,1,16,16,0,16,0,8,0,0,0,1
415,Tim JonesMIN/JAX,WR,4,1,1,15,15,0,15,0,3.8,0,0,11,1
415,Lucas KrullDEN,TE,3,2,4,15,7.5,0,9,0,5,0,0,4,0
415,George HolaniSEA,RB,11,2,2,15,7.5,0,11,0,1.4,0,0,16,1
415,Corey KinerARI,RB,4,2,3,15,7.5,0,11,0,3.8,0,0,6,1
415,Jakobie Keeney-JamesGB,WR,1,2,2,15,7.5,0,8,0,15,0,0,0,0
420,Ben YurosekMIN,TE,12,2,3,14,7,0,9,0,1.2,0,0,9,1
421,Hassan HaskinsLAC,RB,12,4,4,13,3.3,0,9,0,1.1,0,0,16,0
421,Trevor EtienneCAR,RB,17,3,3,13,4.3,0,7,0,0.8,0,0,11,1
423,Alex BachmanLV,WR,13,2,3,12,6,0,9,0,0.9,0,0,2,2
423,Scott MatlockLAC,FB,16,4,4,12,3,1,5,0,0.8,0,0,12,1
425,C.J. HamMIN,FB,11,2,2,11,5.5,0,6,0,1,0,0,9,1
425,Ty ChandlerMIN,RB,3,3,4,11,3.7,0,11,0,3.7,0,0,27,1
425,Sal CannellaCLE,TE,2,2,5,11,5.5,0,6,0,5.5,0,0,5,1
425,Payne DurhamTB,TE,17,1,4,11,11,0,11,0,0.6,0,0,11,1
425,Phil MafahDAL,RB,1,2,2,11,5.5,0,10,0,11,0,0,22,1
430,Derius DavisLAC,WR,11,2,3,10,5,0,7,0,0.9,0,0,8,0
430,Moliki MatavaoNO,TE,6,2,2,10,5,0,6,0,1.7,0,0,5,0
430,Quentin SkinnerNYJ,WR,1,1,1,10,10,0,10,0,10,0,0,6,1
433,Clyde Edwards-HelaireKC,RB,2,2,2,9,4.5,0,7,0,4.5,0,0,13,0
433,Terrell JenningsNE,RB,7,1,1,9,9,0,9,0,1.3,0,0,7,0
433,Anthony Richardson Sr.IND,QB,2,1,1,9,9,0,9,0,4.5,0,0,7,1
433,Tahj BrooksCIN,RB,16,1,2,9,9,0,9,0,0.6,0,0,11,0
433,Kaleb JohnsonPIT,RB,10,1,2,9,9,0,9,0,0.9,0,0,14,0
438,Patrick RicardBAL,FB,11,1,2,8,8,0,8,0,0.7,0,0,2,0
438,Andre BaccelliaARI,WR,5,2,4,8,4,0,5,0,1.6,0,0,7,0
438,Jaret PattersonLAC,RB,6,3,4,8,2.7,0,4,0,1.3,0,0,8,1
438,Bryce OliverTEN,WR,3,1,1,8,8,0,8,0,2.7,0,0,2,0
438,Tyler GoodsonIND,RB,11,2,3,8,4,0,8,0,0.7,0,0,10,0
443,Chris ManhertzNYG,TE,17,1,2,7,7,0,7,0,0.4,0,0,6,0
443,Ross DwelleyDET,TE,11,2,5,7,3.5,0,4,0,0.6,0,0,7,0
443,Harrison BryantHOU,TE,12,2,6,7,3.5,0,5,0,0.6,0,0,0,1
443,Cam GrandyCIN,TE,5,2,2,7,3.5,0,6,0,1.4,1,0,13,0
447,Antonio GibsonNE,RB,5,2,3,6,3,0,5,0,1.2,0,0,16,0
447,Devin CulpTB,TE,13,1,1,6,6,1,6,0,0.5,0,0,0,1
447,Xavier GipsonNYG/NYJ/PHI,WR,7,2,2,6,3,0,3,0,0.9,0,0,15,0
447,Anthony GouldIND,WR,11,2,2,6,3,0,3,0,0.5,0,0,8,0
,,,,,,,,BIG,YDS/G,FUM,LST,YAC,FD,,
,,,,,,,,27,105.5,3,1,528,79,,
,,,,,,,,27,107.2,1,1,666,80,,
,,,,,,,,22,84.1,4,0,479,73,,
,,,,,,,,15,88.3,1,1,640,73,,
,,,,,,,,19,82.4,1,0,570,71,,
,,,,,,,,12,72.9,0,0,583,63,,
,,,,,,,,19,71.2,3,3,458,48,,
,,,,,,,,11,72.7,0,0,289,53,,
,,,,,,,,18,74.5,1,1,324,48,,
,,,,,,,,23,65.7,0,0,441,49,,
,,,,,,,,16,76.9,0,0,323,43,,
,,,,,,,,12,61.6,0,0,451,47,,
,,,,,,,,17,59.8,0,0,222,52,,
,,,,,,,,14,63.4,1,0,386,39,,
,,,,,,,,17,59.6,1,1,269,55,,
,,,,,,,,17,59.6,0,0,354,51,,
,,,,,,,,14,59.3,0,0,293,44,,
,,,,,,,,14,59.2,0,0,273,51,,
,,,,,,,,14,66.9,0,0,268,47,,
,,,,,,,,17,66.9,0,0,174,41,,
,,,,,,,,20,55.2,0,0,335,34,,
,,,,,,,,12,54.6,0,0,400,51,,
,,,,,,,,7,54.4,1,0,720,49,,
,,,,,,,,13,76.6,1,1,229,46,,
,,,,,,,,14,56.9,1,0,228,48,,
,,,,,,,,11,52.3,2,2,362,41,,
,,,,,,,,9,50.1,1,0,424,46,,
,,,,,,,,15,56.7,0,0,414,37,,
,,,,,,,,17,52.9,0,0,265,37,,
,,,,,,,,14,56.4,0,0,166,41,,
,,,,,,,,10,52.2,1,1,282,43,,
,,,,,,,,10,48.2,1,1,857,34,,
,,,,,,,,10,48.1,0,0,474,42,,
,,,,,,,,14,56.4,0,0,117,51,,
,,,,,,,,8,49.3,0,0,310,35,,
,,,,,,,,5,46.1,0,0,259,47,,
,,,,,,,,6,45.7,2,0,231,49,,
,,,,,,,,5,45.7,1,0,358,39,,
,,,,,,,,11,45.2,0,0,335,42,,
,,,,,,,,13,52.5,1,1,221,27,,
,,,,,,,,8,45.7,0,0,352,32,,
,,,,,,,,10,45.4,1,0,466,32,,
,,,,,,,,12,45.3,1,0,163,41,,
,,,,,,,,8,44.9,1,1,541,29,,
,,,,,,,,10,44.6,0,0,250,35,,
,,,,,,,,9,41.7,1,1,282,32,,
,,,,,,,,11,50.5,0,0,159,33,,
,,,,,,,,9,40.9,0,0,291,32,,
,,,,,,,,6,38.2,1,1,177,29,,
,,,,,,,,12,40.1,1,1,222,32,,
,,,,,,,,8,56.7,0,0,303,36,,
,,,,,,,,11,44.3,1,1,221,28,,
,,,,,,,,13,55.1,0,0,214,37,,
,,,,,,,,11,43.5,0,0,334,27,,
,,,,,,,,9,42.9,1,1,181,36,,
,,,,,,,,9,57.1,0,0,252,38,,
,,,,,,,,7,36.2,0,0,615,28,,
,,,,,,,,11,61.1,0,0,118,28,,
,,,,,,,,11,43.6,0,0,134,26,,
,,,,,,,,9,50.7,0,0,119,30,,
,,,,,,,,6,35.4,1,1,166,31,,
,,,,,,,,2,35.3,3,2,311,30,,
,,,,,,,,8,37.1,1,1,293,26,,
,,,,,,,,7,39.4,0,0,234,34,,
,,,,,,,,7,36.7,1,0,190,29,,
,,,,,,,,7,58.2,0,0,93,33,,
,,,,,,,,7,35.8,0,0,309,25,,
,,,,,,,,13,47.6,1,0,259,27,,
,,,,,,,,9,71.4,1,0,414,28,,
,,,,,,,,4,35.4,0,0,144,36,,
,,,,,,,,6,32.9,0,0,342,24,,
,,,,,,,,5,34.4,0,0,165,27,,
,,,,,,,,10,39.4,0,0,38,27,,
,,,,,,,,8,36.7,1,0,108,28,,
,,,,,,,,9,45,0,0,247,28,,
,,,,,,,,7,38.4,1,1,198,23,,
,,,,,,,,9,38,0,0,193,22,,
,,,,,,,,9,58.7,0,0,74,27,,
,,,,,,,,8,35.2,0,0,187,25,,
,,,,,,,,5,30.9,0,0,123,28,,
,,,,,,,,3,30.5,2,0,271,26,,
,,,,,,,,8,32.2,0,0,115,30,,
,,,,,,,,5,38.8,1,0,123,25,,
,,,,,,,,6,54.3,0,0,274,23,,
,,,,,,,,6,61.1,0,0,344,22,,
,,,,,,,,4,30.5,0,0,552,23,,
,,,,,,,,6,28.6,0,0,255,21,,
,,,,,,,,3,28.6,1,1,528,23,,
,,,,,,,,5,29.7,0,0,204,29,,
,,,,,,,,4,28.8,0,0,302,19,,
,,,,,,,,6,28.3,1,1,80,15,,
,,,,,,,,7,26.3,0,0,214,17,,
,,,,,,,,9,26.1,0,0,112,23,,
,,,,,,,,5,29.5,2,0,73,25,,
,,,,,,,,3,29.2,0,0,219,22,,
,,,,,,,,11,31.3,0,0,59,15,,
,,,,,,,,2,25.7,1,0,450,18,,
,,,,,,,,7,25.6,0,0,103,24,,
,,,,,,,,7,25.2,0,0,146,19,,
,,,,,,,,6,24.9,0,0,220,20,,
,,,,,,,,3,24.8,1,0,101,24,,
,,,,,,,,5,24.5,0,0,183,23,,
,,,,,,,,4,27.2,1,1,271,24,,
,,,,,,,,5,31.1,1,1,88,25,,
,,,,,,,,5,26.4,0,0,214,16,,
,,,,,,,,4,56.4,1,0,100,18,,
,,,,,,,,6,35.8,1,1,102,22,,
,,,,,,,,3,22.2,1,0,434,15,,
,,,,,,,,4,25.2,0,0,147,22,,
,,,,,,,,5,26.6,0,0,128,15,,
,,,,,,,,5,28.5,1,1,152,18,,
,,,,,,,,2,28.4,0,0,133,23,,
,,,,,,,,5,46,0,0,37,23,,
,,,,,,,,3,22.8,2,1,229,16,,
,,,,,,,,7,24.2,1,0,75,18,,
,,,,,,,,7,25.8,0,0,101,16,,
,,,,,,,,5,40,0,0,206,21,,
,,,,,,,,2,22.3,0,0,159,17,,
,,,,,,,,2,20.9,0,0,360,18,,
,,,,,,,,6,21.9,0,0,83,17,,
,,,,,,,,4,21.9,0,0,321,13,,
,,,,,,,,5,21.7,0,0,149,17,,
,,,,,,,,3,20.4,1,0,452,13,,
,,,,,,,,3,20.3,0,0,191,19,,
,,,,,,,,5,24.6,1,1,263,11,,
,,,,,,,,6,21.1,0,0,79,12,,
,,,,,,,,7,33.5,1,1,199,14,,
,,,,,,,,2,20.8,0,0,429,13,,
,,,,,,,,3,23.7,0,0,67,21,,
,,,,,,,,5,19.4,0,0,65,15,,
,,,,,,,,3,25.2,1,0,196,18,,
,,,,,,,,3,19.1,0,0,139,18,,
,,,,,,,,3,20.1,0,0,110,16,,
,,,,,,,,6,21.5,0,0,231,14,,
,,,,,,,,2,18.6,0,0,253,16,,
,,,,,,,,1,19.6,0,0,138,15,,
,,,,,,,,2,23.6,0,0,63,19,,
,,,,,,,,4,21.9,2,1,117,11,,
,,,,,,,,7,43.3,0,0,84,13,,
,,,,,,,,4,25.3,0,0,54,13,,
,,,,,,,,5,18.9,0,0,107,11,,
,,,,,,,,4,17.7,1,1,209,15,,
,,,,,,,,3,18.7,0,0,357,12,,
,,,,,,,,5,42.6,1,0,140,12,,
,,,,,,,,3,17.5,1,0,350,14,,
,,,,,,,,2,24.4,0,0,160,11,,
,,,,,,,,2,17.2,0,0,143,21,,
,,,,,,,,0,22.5,0,0,34,19,,
,,,,,,,,2,17.2,0,0,339,14,,
,,,,,,,,6,17.2,0,0,99,13,,
,,,,,,,,2,17.1,0,0,79,14,,
,,,,,,,,4,17.1,0,0,272,11,,
,,,,,,,,4,19.3,0,0,157,14,,
,,,,,,,,3,19.2,3,3,174,13,,
,,,,,,,,4,19.2,1,1,314,14,,
,,,,,,,,4,17.9,0,0,132,14,,
,,,,,,,,5,31.4,0,0,73,19,,
,,,,,,,,4,18.8,0,0,304,8,,
,,,,,,,,5,16.6,1,0,339,12,,
,,,,,,,,6,28.1,0,0,140,17,,
,,,,,,,,2,16.5,0,0,155,12,,
,,,,,,,,4,18.6,0,0,43,14,,
,,,,,,,,5,27.7,0,0,360,11,,
,,,,,,,,5,19.7,0,0,36,15,,
,,,,,,,,1,17.1,0,0,140,15,,
,,,,,,,,2,17.1,1,1,296,11,,
,,,,,,,,5,67.8,0,0,52,11,,
,,,,,,,,2,18.1,1,1,318,8,,
,,,,,,,,6,20.8,0,0,62,13,,
,,,,,,,,0,20.5,0,0,257,12,,
,,,,,,,,4,66.3,0,0,57,17,,
,,,,,,,,3,20.3,0,0,361,10,,
,,,,,,,,6,16.4,0,0,86,13,,
,,,,,,,,3,15.5,1,0,301,13,,
,,,,,,,,4,15.4,0,0,50,10,,
,,,,,,,,5,14.8,1,0,69,11,,
,,,,,,,,1,14.6,0,0,164,10,,
,,,,,,,,6,14.4,0,0,64,10,,
,,,,,,,,3,18.4,0,0,115,12,,
,,,,,,,,3,14.1,0,0,55,14,,
,,,,,,,,7,16.5,0,0,40,9,,
,,,,,,,,2,16.2,0,0,31,13,,
,,,,,,,,3,15,0,0,39,10,,
,,,,,,,,3,17.2,0,0,39,12,,
,,,,,,,,2,14,0,0,68,11,,
,,,,,,,,3,14.9,0,0,291,12,,
,,,,,,,,1,13.1,1,0,179,10,,
,,,,,,,,0,13,0,0,244,7,,
,,,,,,,,0,12.8,0,0,329,10,,
,,,,,,,,3,12.5,0,0,109,10,,
,,,,,,,,3,12.3,0,0,79,7,,
,,,,,,,,2,12.2,0,0,137,12,,
,,,,,,,,3,13,0,0,223,7,,
,,,,,,,,3,14.8,0,0,53,10,,
,,,,,,,,4,29.6,0,0,85,8,,
,,,,,,,,1,25.9,0,0,209,11,,
,,,,,,,,1,12.1,1,1,203,11,,
,,,,,,,,1,17.2,0,0,194,10,,
,,,,,,,,2,15.6,0,0,46,12,,
,,,,,,,,3,22.6,0,0,69,6,,
,,,,,,,,1,16.6,2,1,227,9,,
,,,,,,,,5,16.4,0,0,64,8,,
,,,,,,,,1,11.5,0,0,222,10,,
,,,,,,,,3,11.5,0,0,104,11,,
,,,,,,,,1,12.9,0,0,119,10,,
,,,,,,,,1,11.3,0,0,199,11,,
,,,,,,,,3,19.2,0,0,67,4,,
,,,,,,,,1,21.3,1,0,245,7,,
,,,,,,,,3,11.2,0,0,56,9,,
,,,,,,,,0,14.6,0,0,86,8,,
,,,,,,,,4,11.7,0,0,54,10,,
,,,,,,,,2,11,0,0,91,13,,
,,,,,,,,1,11.6,0,0,44,10,,
,,,,,,,,2,16.9,1,1,202,7,,
,,,,,,,,2,11.6,0,0,189,8,,
,,,,,,,,4,22.9,0,0,36,7,,
,,,,,,,,1,10.5,0,0,99,8,,
,,,,,,,,4,13.8,1,1,78,7,,
,,,,,,,,1,11.1,0,0,107,9,,
,,,,,,,,2,44.5,0,0,59,8,,
,,,,,,,,0,10.1,0,0,232,7,,
,,,,,,,,2,10.1,0,0,88,7,,
,,,,,,,,2,10.1,0,0,108,9,,
,,,,,,,,1,12.2,0,0,194,7,,
,,,,,,,,1,16.9,0,0,184,6,,
,,,,,,,,1,11.2,0,0,83,8,,
,,,,,,,,3,12.8,1,1,66,7,,
,,,,,,,,2,9.6,0,0,162,7,,
,,,,,,,,3,20.1,0,0,33,7,,
,,,,,,,,2,10.7,0,0,102,9,,
,,,,,,,,3,10,1,0,58,7,,
,,,,,,,,1,13.3,0,0,151,10,,
,,,,,,,,2,15.6,0,0,29,9,,
,,,,,,,,2,8.9,0,0,162,4,,
,,,,,,,,1,8.8,0,0,135,4,,
,,,,,,,,3,9.1,0,0,74,7,,
,,,,,,,,1,9,0,0,123,7,,
,,,,,,,,1,8.4,0,0,153,8,,
,,,,,,,,2,8.4,0,0,52,9,,
,,,,,,,,0,8.8,0,0,200,9,,
,,,,,,,,1,10,0,0,111,6,,
,,,,,,,,1,17.5,0,0,56,7,,
,,,,,,,,2,46.3,0,0,63,6,,
,,,,,,,,0,8.6,1,1,206,7,,
,,,,,,,,1,10.5,0,0,170,6,,
,,,,,,,,4,11.3,0,0,23,5,,
,,,,,,,,3,9,0,0,38,7,,
,,,,,,,,1,7.8,0,0,82,7,,
,,,,,,,,2,16.3,0,0,34,7,,
,,,,,,,,2,21.5,0,0,30,8,,
,,,,,,,,3,15.9,1,1,86,4,,
,,,,,,,,0,12,1,0,28,6,,
,,,,,,,,1,6.9,0,0,77,4,,
,,,,,,,,1,6.8,0,0,16,6,,
,,,,,,,,2,16.4,0,0,17,6,,
,,,,,,,,1,7.6,0,0,72,5,,
,,,,,,,,2,7.1,0,0,63,5,,
,,,,,,,,3,12.4,0,0,58,4,,
,,,,,,,,1,6.9,0,0,76,6,,
,,,,,,,,0,6.4,0,0,119,6,,
,,,,,,,,1,9.8,0,0,86,7,,
,,,,,,,,1,8.3,0,0,71,4,,
,,,,,,,,2,6.7,0,0,7,4,,
,,,,,,,,3,11.9,0,0,39,5,,
,,,,,,,,1,6.2,0,0,109,5,,
,,,,,,,,3,8.8,0,0,53,4,,
,,,,,,,,0,10.4,0,0,138,4,,
,,,,,,,,1,6.9,0,0,68,6,,
,,,,,,,,0,7.9,0,0,154,4,,
,,,,,,,,0,14.7,0,0,108,3,,
,,,,,,,,0,20.2,0,0,14,4,,
,,,,,,,,2,7.8,1,0,57,3,,
,,,,,,,,1,7.8,0,0,121,4,,
,,,,,,,,2,7.8,0,0,84,3,,
,,,,,,,,0,7.6,0,0,105,4,,
,,,,,,,,1,5.8,1,0,133,5,,
,,,,,,,,1,6.1,0,0,105,7,,
,,,,,,,,0,10.8,0,0,66,5,,
,,,,,,,,2,5.6,0,0,120,3,,
,,,,,,,,1,13.4,0,0,12,6,,
,,,,,,,,0,5.4,0,0,25,7,,
,,,,,,,,0,7.1,0,0,22,6,,
,,,,,,,,0,7,0,0,86,2,,
,,,,,,,,0,5.4,0,0,106,3,,
,,,,,,,,1,10.1,0,0,39,3,,
,,,,,,,,2,9,0,0,58,2,,
,,,,,,,,2,5.3,0,0,33,4,,
,,,,,,,,0,14.8,0,0,24,8,,
,,,,,,,,0,5.9,0,0,28,8,,
,,,,,,,,0,5.8,0,0,109,5,,
,,,,,,,,2,5.1,0,0,29,5,,
,,,,,,,,1,9.7,0,0,8,4,,
,,,,,,,,1,5.1,0,0,99,7,,
,,,,,,,,1,7.8,0,0,29,4,,
,,,,,,,,0,5,1,1,52,6,,
,,,,,,,,0,9.4,1,0,31,5,,
,,,,,,,,1,20.8,0,0,11,3,,
,,,,,,,,2,13.5,0,0,27,5,,
,,,,,,,,0,6.1,0,0,68,4,,
,,,,,,,,1,5.3,0,0,80,3,,
,,,,,,,,1,6.5,0,0,61,3,,
,,,,,,,,0,4.5,1,1,56,3,,
,,,,,,,,0,5.1,0,0,31,4,,
,,,,,,,,0,8.4,0,0,52,4,,
,,,,,,,,0,5.4,0,0,37,4,,
,,,,,,,,2,9.4,0,0,40,3,,
,,,,,,,,0,4.8,0,0,57,4,,
,,,,,,,,0,5.5,0,0,28,3,,
,,,,,,,,0,5.8,0,0,86,6,,
,,,,,,,,0,7,0,0,33,4,,
,,,,,,,,1,11.5,0,0,51,4,,
,,,,,,,,2,4.1,0,0,23,4,,
,,,,,,,,1,4,0,0,77,3,,
,,,,,,,,1,4.5,0,0,83,2,,
,,,,,,,,1,4.5,0,0,63,1,,
,,,,,,,,1,6.7,0,0,20,2,,
,,,,,,,,1,7.2,0,0,2,2,,
,,,,,,,,0,16,0,0,73,2,,
,,,,,,,,1,3.8,0,0,20,3,,
,,,,,,,,0,4.8,0,0,85,2,,
,,,,,,,,0,4.8,0,0,31,4,,
,,,,,,,,1,4.8,0,0,9,3,,
,,,,,,,,0,5.4,0,0,44,2,,
,,,,,,,,1,11.2,0,0,4,2,,
,,,,,,,,0,3.7,0,0,63,2,,
,,,,,,,,1,7.9,0,0,83,2,,
,,,,,,,,0,3.9,0,0,21,4,,
,,,,,,,,0,3.2,0,0,61,0,,
,,,,,,,,0,17.7,0,0,5,2,,
,,,,,,,,0,7.6,0,0,12,4,,
,,,,,,,,0,3.1,0,0,43,3,,
,,,,,,,,1,3.1,0,0,45,4,,
,,,,,,,,0,3.5,0,0,27,3,,
,,,,,,,,1,3.3,0,0,33,4,,
,,,,,,,,0,3.2,1,0,102,1,,
,,,,,,,,0,5.1,0,0,21,3,,
,,,,,,,,1,8.5,0,0,19,3,,
,,,,,,,,1,12.5,0,0,26,3,,
,,,,,,,,0,2.8,0,0,35,2,,
,,,,,,,,1,4.8,0,0,3,2,,
,,,,,,,,0,5.3,0,0,10,3,,
,,,,,,,,0,5.3,0,0,26,3,,
,,,,,,,,1,5.3,0,0,0,2,,
,,,,,,,,0,3.1,0,0,17,2,,
,,,,,,,,0,7.7,0,0,2,2,,
,,,,,,,,0,2.6,0,0,20,4,,
,,,,,,,,0,3.2,0,0,17,3,,
,,,,,,,,0,4.4,0,0,25,3,,
,,,,,,,,0,4.4,0,0,60,2,,
,,,,,,,,0,4.7,0,0,14,2,,
,,,,,,,,0,20.5,0,0,9,3,,
,,,,,,,,0,2.4,0,0,13,3,,
,,,,,,,,0,12.7,0,0,68,4,,
,,,,,,,,0,19,0,0,49,2,,
,,,,,,,,0,9.3,0,0,18,3,,
,,,,,,,,0,3.7,0,0,56,0,,
,,,,,,,,0,6.2,1,1,8,1,,
,,,,,,,,1,6,0,0,4,2,,
,,,,,,,,0,36,0,0,34,2,,
,,,,,,,,1,4.5,0,0,21,2,,
,,,,,,,,0,2.1,0,0,37,2,,
,,,,,,,,0,7,0,0,23,3,,
,,,,,,,,0,4.4,0,0,2,2,,
,,,,,,,,1,2.6,0,0,0,1,,
,,,,,,,,0,8.5,0,0,40,2,,
,,,,,,,,1,2,0,0,49,1,,
,,,,,,,,1,11,0,0,20,1,,
,,,,,,,,1,1.9,0,0,39,1,,
,,,,,,,,1,1.9,0,0,57,1,,
,,,,,,,,0,2.8,0,0,16,2,,
,,,,,,,,0,2.6,0,0,9,2,,
,,,,,,,,0,10,0,0,14,1,,
,,,,,,,,0,7.5,0,0,44,0,,
,,,,,,,,0,1.8,0,0,16,3,,
,,,,,,,,0,2.3,0,0,26,1,,
,,,,,,,,0,2.7,0,0,5,2,,
,,,,,,,,0,4.3,0,0,35,1,,
,,,,,,,,0,5.6,0,0,21,2,,
,,,,,,,,0,3.9,0,0,20,1,,
,,,,,,,,0,3.4,0,0,39,2,,
,,,,,,,,0,1.8,0,0,9,2,,
,,,,,,,,1,1.5,0,0,0,1,,
,,,,,,,,0,6.5,0,0,1,1,,
,,,,,,,,0,1.5,0,0,15,1,,
,,,,,,,,0,8.3,0,0,15,1,,
,,,,,,,,0,1.5,0,0,35,1,,
,,,,,,,,1,4.2,0,0,4,1,,
,,,,,,,,0,2.8,0,0,6,1,,
,,,,,,,,0,1.5,0,0,14,2,,
,,,,,,,,1,25,0,0,22,1,,
,,,,,,,,1,1.4,0,0,2,1,,
,,,,,,,,0,4,0,0,24,0,,
,,,,,,,,0,7.7,0,0,5,1,,
,,,,,,,,0,11.5,0,0,1,1,,
,,,,,,,,1,1.3,0,0,25,2,,
,,,,,,,,0,1.8,0,0,14,1,,
,,,,,,,,1,1.2,0,0,17,1,,
,,,,,,,,0,1.8,0,0,5,2,,
,,,,,,,,0,3,1,1,9,0,,
,,,,,,,,0,1.2,0,0,5,1,,
,,,,,,,,1,1.5,0,0,3,1,,
,,,,,,,,0,5.3,0,0,14,0,,
,,,,,,,,0,3.3,0,0,20,2,,
,,,,,,,,0,1.8,0,0,6,1,,
,,,,,,,,0,20,0,0,3,1,,
,,,,,,,,0,3.3,0,0,2,1,,
,,,,,,,,0,1.9,0,0,21,1,,
,,,,,,,,0,1.3,0,0,4,2,,
,,,,,,,,0,1.1,0,0,24,1,,
,,,,,,,,0,4.5,0,0,7,1,,
,,,,,,,,0,4.3,0,0,9,1,,
,,,,,,,,0,2.1,0,0,5,1,,
,,,,,,,,0,1.6,0,0,6,0,,
,,,,,,,,0,8,0,0,0,1,,
,,,,,,,,0,3.8,0,0,11,1,,
,,,,,,,,0,5,0,0,4,0,,
,,,,,,,,0,1.4,0,0,16,1,,
,,,,,,,,0,3.8,0,0,6,1,,
,,,,,,,,0,15,0,0,0,0,,
,,,,,,,,0,1.2,0,0,9,1,,
,,,,,,,,0,1.1,0,0,16,0,,
,,,,,,,,0,0.8,0,0,11,1,,
,,,,,,,,0,0.9,0,0,2,2,,
,,,,,,,,0,0.8,0,0,12,1,,
,,,,,,,,0,1,0,0,9,1,,
,,,,,,,,0,3.7,0,0,27,1,,
,,,,,,,,0,5.5,0,0,5,1,,
,,,,,,,,0,0.6,0,0,11,1,,
,,,,,,,,0,11,0,0,22,1,,
,,,,,,,,0,0.9,0,0,8,0,,
,,,,,,,,0,1.7,0,0,5,0,,
,,,,,,,,0,10,0,0,6,1,,
,,,,,,,,0,4.5,0,0,13,0,,
,,,,,,,,0,1.3,0,0,7,0,,
,,,,,,,,0,4.5,0,0,7,1,,
,,,,,,,,0,0.6,0,0,11,0,,
,,,,,,,,0,0.9,0,0,14,0,,
,,,,,,,,0,0.7,0,0,2,0,,
,,,,,,,,0,1.6,0,0,7,0,,
,,,,,,,,0,1.3,0,0,8,1,,
,,,,,,,,0,2.7,0,0,2,0,,
,,,,,,,,0,0.7,0,0,10,0,,
,,,,,,,,0,0.4,0,0,6,0,,
,,,,,,,,0,0.6,0,0,7,0,,
,,,,,,,,0,0.6,0,0,0,1,,
,,,,,,,,0,1.4,1,0,13,0,,
,,,,,,,,0,1.2,0,0,16,0,,
,,,,,,,,0,0.5,0,0,0,1,,
,,,,,,,,0,0.9,0,0,15,0,,
,,,,,,,,0,0.5,0,0,8,0,,