RK,Name,POS,GP,ATT,YDS,AVG,LNG,BIG,TD,YDS/G,FUM,LST,FD
1,James Cook IIIBUF,RB,17,309,"1,621",5.2,64,9,12,95.4,6,3,68
2,Derrick HenryBAL,RB,17,307,"1,595",5.2,59,17,16,93.8,4,3,79
3,Jonathan TaylorIND,RB,17,323,"1,585",4.9,83,9,18,93.2,1,1,84
4,Bijan RobinsonATL,RB,17,287,"1,478",5.2,93,8,7,86.9,3,2,63
5,De'Von AchaneMIA,RB,16,238,"1,350",5.7,59,13,8,84.4,1,0,56
6,Kyren WilliamsLAR,RB,17,259,"1,252",4.8,34,6,10,73.6,2,2,74
7,Jahmyr GibbsDET,RB,17,243,"1,223",5,78,10,13,71.9,2,1,56
8,Christian McCaffreySF,RB,17,311,"1,202",3.9,41,3,10,70.7,1,0,71
9,Javonte WilliamsDAL,RB,16,252,"1,201",4.8,66,6,11,75.1,1,1,67
10,Saquon BarkleyPHI,RB,16,280,"1,140",4.1,65,4,7,71.3,0,0,48
11,Travis Etienne Jr.JAX,RB,17,260,"1,107",4.3,71,7,7,65.1,0,0,48
12,D'Andre SwiftCHI,RB,16,223,"1,087",4.9,25,5,9,67.9,2,2,62
13,Tony PollardTEN,RB,17,242,"1,082",4.5,65,6,5,63.6,3,2,48
14,Rico DowdleCAR,RB,17,236,"1,076",4.6,53,5,6,63.3,1,1,51
15,Breece HallNYJ,RB,16,243,"1,065",4.4,59,8,4,66.6,2,2,57
16,Kenneth Walker IIISEA,RB,17,221,"1,027",4.6,55,10,5,60.4,0,0,46
17,Chase BrownCIN,RB,17,232,"1,019",4.4,37,6,6,59.9,1,0,52
18,Ashton JeantyLV,RB,17,266,975,3.7,64,3,5,57.4,1,1,44
19,Jaylen WarrenPIT,RB,16,211,958,4.5,45,6,6,59.9,1,0,52
20,Josh JacobsGB,RB,15,234,929,4,40,3,13,61.9,3,2,55
21,TreVeyon HendersonNE,RB,17,180,911,5.1,69,6,9,53.6,1,1,45
22,Quinshon JudkinsCLE,RB,14,230,827,3.6,46,4,7,59.1,0,0,50
23,Jacory Croskey-MerrittWSH,RB,17,175,805,4.6,72,3,8,47.4,3,2,41
24,Kyle MonangaiCHI,RB,17,169,783,4.6,39,3,5,46.1,0,0,40
25,J.K. DobbinsDEN,RB,10,153,772,5,41,5,4,77.2,0,0,37
26,Jordan MasonMIN,RB,16,159,758,4.8,24,4,6,47.4,2,1,45
27,Blake CorumLAR,RB,17,145,746,5.1,48,5,6,43.9,0,0,44
28,Tyrone Tracy Jr.NYG,RB,15,176,740,4.2,31,3,2,49.3,0,0,39
29,Zach CharbonnetSEA,RB,16,184,730,4,30,5,12,45.6,0,0,48
30,David MontgomeryDET,RB,17,158,716,4.5,72,3,8,42.1,2,1,41
31,Woody MarksHOU,RB,16,196,703,3.6,23,2,2,43.9,1,0,39
32,Kimani VidalLAC,RB,13,155,643,4.1,59,4,3,49.5,1,0,32
33,Kareem HuntKC,RB,17,163,611,3.7,33,1,8,35.9,2,1,55
34,Rhamondre StevensonNE,RB,14,130,603,4.6,56,7,7,43.1,2,2,29
35,Bucky IrvingTB,RB,10,173,588,3.4,32,1,1,58.8,1,1,27
36,Josh AllenBUF,QB,17,112,579,5.2,40,5,14,34.1,6,2,46
37,Rachaad WhiteTB,RB,17,132,572,4.3,39,2,4,33.6,0,0,37
38,Aaron Jones Sr.MIN,RB,12,132,548,4.2,31,1,2,45.7,0,0,28
39,Omarion HamptonLAC,RB,9,124,545,4.4,54,3,4,60.6,0,0,31
40,RJ HarveyDEN,RB,17,146,540,3.7,50,3,7,31.8,1,1,28
41,Kenny GainwellPIT,RB,17,114,537,4.7,55,2,5,31.6,1,0,34
42,Tyler AllgeierATL,RB,17,143,514,3.6,21,1,8,30.2,0,0,36
43,Chuba HubbardCAR,RB,15,134,511,3.8,14,0,1,34.1,1,1,31
44,Nick ChubbHOU,RB,15,122,506,4.1,30,3,3,33.7,0,0,20
45,Chris Rodriguez Jr.WSH,RB,13,112,500,4.5,48,2,6,38.5,0,0,32
46,Justin HerbertLAC,QB,16,83,498,6,41,5,2,31.1,4,1,34
47,Emanuel WilsonGB,RB,17,125,496,4,15,0,3,29.2,0,0,32
48,Jaxson DartNYG,QB,14,86,487,5.7,29,4,9,34.8,3,1,38
49,Alvin KamaraNO,RB,11,131,471,3.6,18,0,1,42.8,1,1,21
50,Isiah PachecoKC,RB,13,118,462,3.9,16,0,1,35.5,0,0,27
51,D. MayeNE,QB,17,103,450,4.4,28,2,4,26.5,2,0,38
52,D. SingletaryNYG,RB,17,119,437,3.7,29,2,5,25.7,0,0,27
53,P. MahomesKC,QB,14,64,422,6.6,22,1,5,30.1,0,0,27
54,J. HurtsPHI,QB,16,105,421,4,29,2,8,26.3,4,2,40
55,C. SkatteboNYG,RB,8,101,410,4.1,24,1,5,51.3,1,1,27
56,B. Robinson Jr.SF,RB,17,92,400,4.3,19,0,2,23.5,0,0,20
57,C. WilliamsCHI,QB,17,77,388,5,29,2,3,22.8,7,0,28
58,J. FieldsNYJ,QB,9,71,383,5.4,43,2,4,42.6,2,2,26
59,B. MayfieldTB,QB,17,55,382,6.9,33,5,1,22.5,3,0,27
59,S. PerineCIN,RB,15,84,382,4.5,32,2,3,25.5,3,2,32
61,T. LawrenceJAX,QB,17,82,359,4.4,21,2,9,21.1,2,1,40
62,B. NixDEN,QB,17,83,356,4.3,25,3,5,20.9,2,1,25
62,T. BigsbyJAX/PHI,RB,17,63,356,5.7,29,2,2,20.9,0,0,18
64,L. JacksonBAL,QB,13,67,349,5.2,19,0,2,26.8,2,0,24
65,K. MitchellBAL,RB,13,59,341,5.8,55,4,1,26.2,1,0,16
66,M. CarterARI,RB,13,92,333,3.6,22,2,1,25.6,0,0,19
67,S. TuckerTB,RB,17,86,320,3.7,43,1,7,18.8,1,0,22
68,E. DemercadoARI,RB,13,44,312,7.1,71,2,0,24,1,1,9
69,B. TutenJAX,RB,15,83,307,3.7,15,0,5,20.5,1,1,23
70,M. MariotaWSH,QB,11,50,297,5.9,44,4,1,27,3,2,12
71,J. WrightMIA,RB,10,70,288,4.1,32,1,2,28.8,2,1,17
72,T. SpearsTEN,RB,13,72,283,3.9,41,2,2,21.8,0,0,16
73,J. DanielsWSH,QB,7,58,278,4.8,18,0,2,39.7,1,1,14
74,R. DavisBUF,RB,17,58,275,4.7,23,1,0,16.2,0,0,15
75,B. KnightARI,RB,12,82,269,3.3,17,0,4,22.4,1,1,21
76,M. DavisDAL,RB,10,52,250,4.8,43,3,2,25,0,0,11
77,I. DavisNYJ,RB,16,43,236,5.5,50,2,1,14.8,0,0,7
78,J. McNicholsWSH,RB,17,44,221,5,60,1,1,13,1,1,13
79,B. YoungCAR,QB,16,54,216,4,24,2,2,13.5,3,2,16
80,C.J. StroudHOU,QB,14,48,209,4.4,30,1,1,14.9,2,0,18
81,D. NealNO,RB,10,57,206,3.6,21,1,2,20.6,0,0,11
82,T. JohnsonBUF,RB,17,50,200,4,23,1,3,11.8,0,0,13
83,J. LoveGB,QB,15,47,199,4.2,25,2,0,13.3,3,0,14
83,O. Gordon IIMIA,RB,17,70,199,2.8,20,1,3,11.7,0,0,21
85,A. EstimeNO,RB,7,46,198,4.3,32,1,1,28.3,0,0,12
86,J. JordanHOU,RB,4,43,193,4.5,50,1,0,48.3,0,0,8
86,K. MillerNO,RB,7,47,193,4.1,18,0,1,27.6,0,0,9
88,J. McLaughlinDEN,RB,8,37,187,5.1,16,0,1,23.4,0,0,8
89,T. ShoughNO,QB,11,45,186,4.1,34,2,3,16.9,1,1,11
90,J.J. McCarthyMIN,QB,10,37,181,4.9,26,1,4,18.1,3,0,12
91,D. PrescottDAL,QB,17,53,177,3.3,14,0,2,10.4,4,1,15
92,D. SampsonCLE,RB,15,65,175,2.7,26,1,0,11.7,0,0,12
93,K. MurrayARI,QB,5,29,173,6,30,2,1,34.6,1,1,10
94,S. SandersCLE,QB,8,21,169,8,16,0,1,21.1,0,0,7
95,J. BrissettARI,QB,14,38,168,4.4,15,0,1,12,1,0,16
96,S. RattlerNO,QB,9,31,167,5.4,15,0,0,18.6,1,1,17
97,D. JonesIND,QB,13,45,164,3.6,19,0,5,12.6,3,0,19
98,T. BensonARI,RB,4,29,160,5.5,52,2,0,40,0,0,4
99,J. PattersonLAC,RB,6,41,159,3.9,22,1,1,26.5,0,0,7
99,C. WardTEN,QB,17,39,159,4.1,20,1,2,9.4,2,0,15
101,T. HuntleyBAL,QB,5,24,151,6.3,29,2,0,30.2,0,0,11
101,B. SmithKC,RB,17,44,151,3.4,14,0,0,8.9,1,0,5
103,B. PurdySF,QB,9,33,147,4.5,26,1,3,16.3,0,0,16
104,T. TaylorNYJ,QB,6,27,143,5.3,15,0,1,23.8,0,0,10
105,J. BlueDAL,RB,5,38,129,3.4,27,1,1,25.8,1,0,7
106,M. CorleyCLE,WR,13,13,127,9.8,31,1,0,9.8,0,0,6
107,M. WillisGB,QB,4,22,123,5.6,22,1,2,30.8,2,1,9
108,M. SandersDAL,RB,4,20,117,5.8,49,1,1,29.3,1,1,5
109,T. HillNO,QB,13,52,114,2.2,29,1,1,8.8,2,1,16
109,Z. ScottMIN,RB,16,32,114,3.6,11,0,0,7.1,2,1,6
111,M. WashingtonMIA,WR,17,17,110,6.5,18,0,1,6.5,1,1,5
112,G. SmithLV,QB,15,41,109,2.7,20,1,0,7.3,1,0,13
113,R. WilsonNYG,QB,6,18,106,5.9,15,0,0,17.7,1,0,6
113,C. BrooksGB,RB,17,27,106,3.9,12,0,0,6.2,0,0,5
113,A. GibsonNE,RB,5,25,106,4.2,21,1,1,21.2,1,1,6
116,P. NacuaLAR,WR,16,10,105,10.5,45,1,1,6.6,0,0,5
117,R. MostertLV,RB,12,22,104,4.7,37,1,0,8.7,0,0,5
118,D. GiddensIND,RB,9,26,96,3.7,12,0,0,10.7,0,0,5
119,J. ConnerARI,RB,3,32,95,3,12,0,1,31.7,1,0,7
119,S. DarnoldSEA,QB,17,35,95,2.7,24,1,0,5.6,3,1,10
121,T. EtienneCAR,RB,17,20,94,4.7,22,1,0,5.5,0,0,6
121,L. Allen Jr.JAX,RB,17,23,94,4.1,12,0,0,5.5,0,0,5
123,J. HillBAL,RB,10,18,93,5.2,71,1,2,9.3,1,0,4
124,R. SandersCLE,RB,4,27,92,3.4,14,0,1,23,0,0,7
125,K. TurpinDAL,WR,15,17,89,5.2,25,1,0,5.9,1,1,3
126,X. WorthyKC,WR,14,11,87,7.9,35,1,0,6.2,0,0,4
127,D. GabrielCLE,QB,10,14,86,6.1,19,0,0,8.6,0,0,4
128,T. LanceLAC,QB,4,17,85,5,22,1,0,21.3,0,0,5
129,J. AddisonMIN,WR,14,2,81,40.5,65,1,1,5.8,0,0,2
130,D. MooreCHI,WR,17,15,79,5.3,17,0,1,4.6,0,0,5
131,B. BrooksHOU,RB,15,17,78,4.6,20,1,0,5.2,0,0,5
131,M. Mims Jr.DEN,WR,15,12,78,6.5,16,0,1,5.2,1,0,3
133,B. AllenNYJ,RB,4,18,76,4.2,15,0,1,19,1,1,4
134,D. Samuel Sr.WSH,WR,16,17,75,4.4,29,1,1,4.7,1,0,4
135,J. FordCLE,RB,13,24,73,3,12,0,0,5.6,0,0,5
135,T. JenningsNE,RB,7,23,73,3.2,11,0,1,10.4,0,0,8
135,G. HolaniSEA,RB,11,22,73,3.3,9,0,1,6.6,1,1,5
138,H. LuepkeDAL,FB,17,16,71,4.4,9,0,0,4.2,0,0,6
139,J. SmithPIT,TE,17,9,70,7.8,20,1,1,4.1,0,0,3
139,M. Penix Jr.ATL,QB,9,21,70,3.3,15,0,1,7.8,1,0,5
141,R. ShaheedSEA/NO,WR,18,9,69,7.7,31,1,0,3.8,0,0,3
141,J. Horn Jr.CAR,WR,13,8,69,8.6,25,1,0,5.3,0,0,3
141,K. JohnsonPIT,RB,10,28,69,2.5,9,0,0,6.9,0,0,2
144,Z. FlowersBAL,WR,17,10,62,6.2,18,0,1,3.6,0,0,3
145,A. RodgersPIT,QB,16,21,61,2.9,20,1,1,3.8,1,0,4
145,N. HarrisLAC,RB,3,15,61,4.1,7,0,0,20.3,0,0,3
147,A. AbdullahIND,RB,13,14,60,4.3,14,0,1,4.6,0,0,3
147,A. DillonPHI,RB,7,12,60,5,11,0,0,8.6,0,0,4
147,M. JonesSF,QB,11,36,60,1.7,13,0,0,5.5,1,0,11
147,D. MillsHOU,QB,6,13,60,4.6,14,0,1,10,1,0,2
147,N. CarterATL,RB,7,9,60,6.7,12,0,0,8.6,1,1,3
152,C. KinerARI,RB,4,12,58,4.8,9,0,0,14.5,0,0,4
153,C. WentzMIN,QB,5,11,57,5.2,16,0,0,11.4,1,0,3
154,J. JohnsonWSH,QB,5,12,55,4.6,13,0,1,11,2,1,4
155,K. HerbertNYJ,RB,7,16,52,3.3,7,0,0,7.4,0,0,2
156,T. TuckerLV,WR,17,11,51,4.6,10,0,0,3,0,0,1
157,J. Milton IIIDAL,QB,4,5,50,10,23,1,0,12.5,1,1,1
158,K. NwangwuNYJ,RB,12,13,49,3.8,16,0,0,4.1,0,0,2
158,B. CookNYJ,QB,5,13,49,3.8,12,0,0,9.8,1,0,4
158,W. ShipleyPHI,RB,15,14,49,3.5,20,1,0,3.3,0,0,4
158,M. GoldenGB,WR,14,10,49,4.9,9,0,0,3.5,0,0,3
162,M. AndrewsBAL,TE,17,10,48,4.8,35,1,1,2.8,0,0,7
162,E. HullNO,RB,6,19,48,2.5,8,0,0,8,0,0,2
164,T. ChandlerMIN,RB,3,17,47,2.8,5,0,0,15.7,0,0,1
164,H. HaskinsLAC,RB,12,17,47,2.8,10,0,0,3.9,0,0,4
166,R. RiversLAR,RB,11,9,46,5.1,9,0,0,4.2,0,0,3
167,J. GoffDET,QB,17,19,45,2.4,24,1,0,2.6,3,2,5
167,T. BrooksCIN,RB,16,16,45,2.8,7,0,0,2.8,0,0,1
169,A. PrenticeDEN,FB,17,10,44,4.4,18,0,0,2.6,0,0,7
169,A. DulinIND,WR,12,3,44,14.7,22,1,0,3.7,0,0,2
171,A. EkelerWSH,RB,2,14,43,3.1,6,0,0,21.5,0,0,3
171,T. TagovailoaMIA,QB,14,20,43,2.2,8,0,0,3.1,6,0,1
171,C. HeywardPIT,FB,17,15,43,2.9,29,1,2,2.5,0,0,11
174,J. BurrowCIN,QB,8,14,41,2.9,9,0,0,5.1,0,0,5
175,J. ChestnutTEN,RB,17,11,40,3.6,27,1,0,2.4,0,0,4
176,J. BrowningCIN,QB,5,9,39,4.3,13,0,1,7.8,0,0,5
177,B. BrownCHI,RB,3,5,37,7.4,22,1,1,12.3,0,0,2
177,S. WilliamsGB,WR,12,11,37,3.4,16,0,0,3.1,1,1,1
177,L. Burden IIICHI,WR,15,6,37,6.2,15,0,0,2.5,0,0,3
180,T. WilliamsLAC/CLE,RB,7,10,36,3.6,11,0,0,5.1,0,0,3
180,D. PierceHOU/KC,RB,5,14,36,2.6,10,0,0,7.2,0,0,1
180,J. Smith-NjigbaSEA,WR,17,7,36,5.1,11,0,0,2.1,0,0,2
183,J. FlaccoCIN/CLE,QB,13,21,35,1.7,13,0,1,2.7,0,0,9
183,B. MeltonGB,WR,16,5,35,7,17,0,0,2.2,0,0,2
185,I. WilliamsNYJ,WR,15,3,34,11.3,25,1,0,2.3,0,0,1
186,V. Jones Jr.SEA/NO,WR,8,4,32,8,25,1,0,4,0,0,1
186,Z. WhiteLV,RB,6,12,32,2.7,9,0,0,5.3,0,0,1
188,D. BrownJAX,WR,14,6,30,5,9,0,0,2.1,1,1,2
189,I. BondCLE,WR,16,5,29,5.8,9,0,0,1.8,0,0,1
190,J. ReedGB,WR,7,3,28,9.3,15,0,0,4,0,0,1
190,J. WaddleMIA,WR,16,2,28,14,21,1,0,1.8,0,0,1
192,R. LeonardIND,QB,5,6,27,4.5,11,0,2,5.4,0,0,4
193,D. OgunbowaleHOU,RB,17,11,25,2.3,9,0,1,1.5,0,0,1
193,D. JohnsonARI/NE,RB,8,14,25,1.8,5,0,0,3.1,0,0,0
193,O. ZaccheausCHI,WR,16,4,25,6.3,12,0,0,1.6,0,0,1
193,R. FlournoyDAL,WR,16,4,25,6.3,12,0,0,1.6,0,0,2
197,E. MooreBUF,WR,9,6,24,4,11,0,1,2.7,0,0,3
197,T. GoodsonIND,RB,11,9,24,2.7,6,0,0,2.2,0,0,0
197,R. AliBAL,RB,15,7,24,3.4,9,0,0,1.6,0,0,1
200,J. WinstonNYG,QB,3,7,23,3.3,11,0,1,7.7,0,0,3
200,C. TuneGB,QB,2,5,23,4.6,16,0,0,11.5,0,0,2
200,T. BadieDEN,RB,16,8,23,2.9,7,0,0,1.4,0,0,1
203,K. PickettLV,QB,6,5,22,4.4,9,0,0,3.7,1,1,3
203,T. JohnsonTB,WR,16,7,22,3.1,6,0,0,1.4,0,0,0
203,X. HutchinsonHOU,WR,17,3,22,7.3,9,0,0,1.3,0,0,2
206,D. DallasCAR/JAX,RB,6,3,21,7,17,0,0,3.5,0,0,1
206,D. DouglasNE,WR,17,7,21,3,14,0,0,1.2,0,0,2
206,B. Thomas Jr.JAX,WR,14,3,21,7,9,0,1,1.5,0,0,2
209,R. RiceKC,WR,8,5,20,4,7,0,1,2.5,1,0,2
209,J. WrightSEA,RB,1,5,20,4,10,0,0,20,0,0,1
211,K. RaymondDET,WR,15,2,19,9.5,10,0,0,1.3,0,0,1
211,S. ShepardTB,WR,13,4,19,4.8,11,0,0,1.5,0,0,1
211,C. AkersSEA/MIN,RB,6,5,19,3.8,14,0,0,3.2,0,0,1
211,Q. EwersMIA,QB,4,8,19,2.4,9,0,0,4.8,2,0,1
215,C. OladokunKC,QB,3,5,18,3.6,7,0,0,6,2,1,0
215,C. DikeTEN,WR,17,11,18,1.6,9,0,0,1.1,0,0,0
215,P. MafahDAL,RB,1,5,18,3.6,8,0,1,18,0,0,2
215,M. TiptonNO,WR,14,4,18,4.5,12,0,0,1.3,1,0,2
219,R. JohnsonCHI,RB,7,2,17,8.5,11,0,0,2.4,0,0,1
220,G. DortchARI,WR,12,7,15,2.1,9,0,1,1.3,0,0,1
220,N. CollinsHOU,WR,15,2,15,7.5,8,0,1,1,0,0,1
222,J. ChaseCIN,WR,16,3,14,4.7,9,0,0,0.9,0,0,0
222,A. IosivasCIN,WR,17,3,14,4.7,5,0,0,0.8,0,0,0
222,A. BarnerSEA,TE,17,10,14,1.4,2,0,1,0.8,0,0,9
225,J. MeyersLV/JAX,WR,16,5,13,2.6,4,0,0,0.8,0,0,1
225,C. Edwards-HelaireKC,RB,2,7,13,1.9,7,0,0,6.5,0,0,1
225,J. NailorMIN,WR,17,2,13,6.5,15,0,0,0.8,0,0,1
225,A. SmithNYJ,WR,16,4,13,3.3,13,0,0,0.8,0,0,1
225,H. Fannin Jr.CLE,TE,16,7,13,1.9,4,0,1,0.8,1,1,2
225,K. JohnsonTB,WR,17,2,13,6.5,11,0,0,0.8,0,0,1
231,D. MetcalfPIT,WR,15,2,12,6,6,0,1,0.8,0,0,1
231,D. MooreCAR,WR,4,1,12,12,12,0,0,3,0,0,1
231,J. WilliamsDET,WR,17,6,12,2,9,0,0,0.7,0,0,0
231,T. FranklinDEN,WR,17,5,12,2.4,11,0,0,0.7,0,0,2
231,J. WhittingtonLAR,WR,17,3,12,4,6,0,0,0.7,0,0,0
231,J. NoelHOU,WR,17,6,12,2,5,0,0,0.7,0,0,0
237,N. RemigioKC,WR,14,1,11,11,11,0,0,0.8,0,0,1
237,J. SaylorsDET,RB,16,2,11,5.5,9,0,0,0.7,0,0,1
237,S. MooreSF,WR,17,2,11,5.5,10,0,0,0.6,0,0,1
237,J. WilliamsTB,RB,3,4,11,2.8,4,0,0,3.7,0,0,0
237,M. BrosmerMIN,QB,8,7,11,1.6,11,0,0,1.4,0,0,1
242,K. WilliamsPIT/CIN,WR,11,2,10,5,9,0,0,0.9,0,0,0
242,T. HarrisLAC,WR,17,2,10,5,7,0,0,0.6,0,0,0
244,C. MooreWSH,WR,14,1,9,9,9,0,0,0.6,0,0,0
244,A. IngoldMIA,FB,17,2,9,4.5,6,0,0,0.5,0,0,1
244,D. LaubeLV,RB,17,7,9,1.3,3,0,0,0.5,0,0,0
244,A. St. BrownDET,WR,17,3,9,3,6,0,0,0.5,0,0,1
244,E. EgbukaTB,WR,17,2,9,4.5,9,0,0,0.5,0,0,0
249,T. WarrenIND,TE,17,6,8,1.3,3,0,1,0.5,1,0,3
249,T. McKeePHI,QB,4,8,8,1,9,0,0,2,0,0,1
249,A. JohnsonLAC,RB,2,2,8,4,6,0,0,4,0,0,0
252,K. CousinsATL,QB,10,14,7,0.5,6,0,1,0.7,1,1,4
252,E. EngramDEN,TE,16,1,7,7,7,0,0,0.4,0,0,0
252,A. O'ConnellLV,QB,1,1,7,7,7,0,0,7,0,0,0
252,J. JeffersonMIN,WR,17,2,7,3.5,4,0,0,0.4,0,0,0
252,Q. JohnstonLAC,WR,14,2,7,3.5,9,0,0,0.5,0,0,0
252,K. MullingsTEN,RB,9,3,7,2.3,4,0,0,0.8,0,0,2
252,T. BagentCHI,QB,3,2,7,3.5,7,0,0,2.3,1,0,0
252,J. LaneWSH,WR,15,1,7,7,7,0,0,0.5,0,0,0
260,M. TrubiskyBUF,QB,4,9,6,0.7,9,0,0,1.5,0,0,0
260,D. RobinsonSF,WR,14,1,6,6,6,0,0,0.4,0,0,0
260,M. RudolphPIT,QB,5,7,6,0.9,3,0,0,1.2,0,0,2
260,M. GaskinSEA,RB,1,3,6,2,3,0,0,6,0,0,0
260,B. AubreyDAL,PK,17,1,6,6,6,0,0,0.4,0,0,1
260,O. WrightTB,RB,3,3,6,2,4,0,0,2,0,0,0
260,D. WicksGB,WR,14,1,6,6,6,0,0,0.4,0,0,0
267,A. BeckNYJ,FB,17,1,5,5,5,0,0,0.3,0,0,1
267,C.J. HamMIN,FB,11,3,5,1.7,3,0,2,0.5,0,0,2
267,J. JeudyCLE,WR,17,1,5,5,5,0,0,0.3,0,0,1
267,D. DavisLAC,WR,11,2,5,2.5,3,0,0,0.5,0,0,0
267,K. ShakirBUF,WR,16,1,5,5,5,0,0,0.3,0,0,0
267,D. ThompkinsATL,WR,7,1,5,5,5,0,0,0.7,0,0,0
267,W. RobinsonNYG,WR,16,3,5,1.7,3,0,0,0.3,0,0,1
274,T. BridgewaterDET/TB,QB,4,3,4,1.3,6,0,0,1,0,0,0
274,D. WallerMIA,TE,9,1,4,4,4,0,0,0.4,0,0,1
274,M. HollinsNE,WR,15,1,4,4,4,0,0,0.3,0,0,0
274,F. FranksATL,TE,17,2,4,2,2,0,0,0.2,0,0,2
274,S. BuecheleKC,QB,1,1,4,4,4,0,0,4,0,0,0
274,R. GilliamBUF,FB,17,2,4,2,5,0,0,0.2,0,0,1
274,C. ReynoldsDET,RB,7,3,4,1.3,3,0,0,0.6,0,0,0
274,J. MilroeSEA,QB,3,3,4,1.3,3,0,0,1.3,1,1,0
274,S. VakiDET,RB,11,1,4,4,4,0,0,0.4,0,0,0
283,P. RicardBAL,FB,11,1,3,3,3,0,0,0.3,0,0,1
283,D. SampleCIN,TE,17,1,3,3,3,0,0,0.2,0,0,0
283,R. Thomas IIIND,S,17,1,3,3,3,0,0,0.2,0,0,1
283,C. WatsonGB,WR,10,1,3,3,3,0,0,0.3,0,0,0
283,I. Pola-MaoLV,S,17,1,3,3,3,0,0,0.2,0,0,0
283,S. JacksonLV,WR,5,1,3,3,3,0,0,0.6,0,0,0
283,C. StoverHOU,TE,9,4,3,0.8,2,0,0,0.3,0,0,2
283,T. KraftGB,TE,8,1,3,3,3,0,0,0.4,0,0,0
283,K. WilliamsNE,WR,17,2,3,1.5,5,0,0,0.2,0,0,0
283,G. LarvadainCLE,WR,13,1,3,3,3,0,0,0.2,0,0,0
293,T. ConklinLAC,TE,13,1,2,2,2,0,0,0.2,0,0,1
293,G. Minshew IIKC,QB,4,6,2,0.3,8,0,0,0.5,0,0,0
293,C. LambDAL,WR,14,1,2,2,2,0,0,0.1,0,0,0
293,K. MiltonCIN,RB,1,2,2,1,2,0,0,2,0,0,0
293,B. BowersLV,TE,12,2,2,1,6,0,0,0.2,0,0,0
298,M. StaffordLAR,QB,17,29,1,0,6,0,0,0.1,3,1,0
298,T. KelceKC,TE,17,1,1,1,1,0,0,0.1,0,0,0
298,M. CunninghamDET,WR,1,1,1,1,1,0,0,1,0,0,0
298,J. FergusonDAL,TE,17,1,1,1,1,0,0,0.1,0,0,0
298,Z. WilsonMIA,QB,4,3,1,0.3,3,0,0,0.3,0,0,0
298,J. McMillanTB,WR,4,1,1,1,1,0,0,0.3,0,0,0
298,M. EvansCAR,TE,17,1,1,1,1,0,0,0.1,0,0,1
305,T.J. HockensonMIN,TE,15,1,0,0,0,0,0,0,0,0,0
305,G. StuardDET,LB,17,1,0,0,0,0,0,0,0,0,0
305,U. Bentley IVIND,RB,1,1,0,0,0,0,0,0,0,0,0
305,X. LegetteCAR,WR,15,1,0,0,0,0,0,0,0,0,0
305,P. WashingtonJAX,WR,16,7,0,0,5,0,0,0,0,0,1
305,T. FergusonLAR,TE,14,1,0,0,0,0,0,0,0,0,0
305,T. HunterJAX,WR,7,1,0,0,0,0,0,0,0,0,0
312,P. RiversIND,QB,3,2,-1,-0.5,0,0,0,-0.3,1,0,0
312,J. StidhamDEN,QB,1,1,-1,-1,-1,0,0,-1,0,0,0
312,A. MartinezSF,QB,1,1,-1,-1,-1,0,0,-1,0,0,0
312,A. Richardson Sr.IND,QB,2,4,-1,-0.3,2,0,0,-0.5,0,0,1
316,A. DaltonPHI/CAR,QB,4,5,-2,-0.4,1,0,0,-0.5,1,1,0
316,N. HinesLAC/NO,RB,4,2,-2,-1,1,0,0,-0.5,0,0,0
316,T. HomerCHI,RB,10,1,-2,-2,-2,0,0,-0.2,0,0,0
316,R. PearsallSF,WR,9,2,-2,-1,2,0,0,-0.2,0,0,0
316,J. DownsIND,WR,16,2,-2,-1,3,0,0,-0.1,0,0,0
316,C. LovelandCHI,TE,16,1,-2,-2,-2,0,0,-0.1,0,0,0
322,K. JuszczykSF,FB,17,2,-3,-1.5,-1,0,0,-0.2,0,0,0
322,G. KittleSF,TE,11,1,-3,-3,-3,0,0,-0.3,0,0,0
322,K. AllenDET,QB,3,3,-3,-1,-1,0,0,-1,0,0,0
322,C. OlaveNO,WR,16,1,-3,-3,-3,0,0,-0.2,0,0,0
326,C. RushBAL,QB,4,4,-4,-1,0,0,0,-1,1,1,0
326,A. MitchellIND/NYJ,WR,16,1,-4,-4,-4,0,0,-0.3,0,0,0
328,J. DobbsNE,QB,4,10,-5,-0.5,2,0,0,-1.3,0,0,0
328,D. LockSEA,QB,5,6,-5,-0.8,0,0,0,-1,2,0,0
328,J. Metchie IIINYJ/PHI,WR,16,3,-5,-1.7,4,0,0,-0.3,0,0,0
331,G. DulcichMIA,TE,10,1,-7,-7,-7,0,0,-0.7,0,0,0
332,N. MullensJAX,QB,5,12,-8,-0.7,0,0,0,-1.6,0,0,0
333,J. GaroppoloLAR,QB,3,9,-10,-1.1,-1,0,0,-3.3,0,0,0
334,J. GillanNYG,P,16,1,-13,-13,-13,0,0,-0.8,0,0,0
335,B. MannPHI,P,17,1,-34,-34,-34,0,0,-2,0,0,0