RK,Name,POS,GP,CMP,ATT,CMP%,YDS,AVG,YDS/G,LNG,TD,INT,SACK,SYL,QBR,RTG
1,"Matthew Stafford

LAR",QB,17,388,597,65,"4,707",7.9,276.9,88,46,8,23,150,71.2,109.2
2,"Jared Goff

DET",QB,17,393,578,68,"4,564",7.9,268.5,64,34,8,38,259,57.3,105.5
3,"Dak Prescott

DAL",QB,17,404,600,67.3,"4,552",7.6,267.8,86,30,10,31,208,70.2,99.5
4,"Drake Maye

NE",QB,17,354,492,72,"4,394",8.9,258.5,72,31,8,47,201,77.1,113.5
5,"Sam Darnold

SEA",QB,17,323,477,67.7,"4,048",8.5,238.1,67,25,14,27,186,55.6,99.1
6,"Trevor Lawrence

JAX",QB,17,341,560,60.9,"4,007",7.2,235.7,63,29,12,41,247,58.3,91
7,"Caleb Williams

CHI",QB,17,330,568,58.1,"3,942",6.9,231.9,65,27,7,24,165,58.2,90.1
8,"Bo Nix

DEN",QB,17,388,612,63.4,"3,931",6.4,231.2,52,25,11,22,119,58.3,87.8
9,"Justin Herbert

LAC",QB,16,340,512,66.4,"3,727",7.3,232.9,60,26,13,54,301,60.6,94.1
10,"Baker Mayfield

TB",QB,17,343,543,63.2,"3,693",6.8,217.2,77,26,11,36,234,61.3,90.6
11,"Josh Allen

BUF",QB,17,319,460,69.3,"3,668",8,215.8,54,25,10,40,298,65.4,102.2
12,"Patrick Mahomes

KC",QB,14,315,502,62.7,"3,587",7.1,256.2,61,22,11,34,193,68.5,89.6
13,"Jordan Love

GB",QB,15,291,439,66.3,"3,381",7.7,225.4,59,23,6,21,169,72.7,101.2
14,"Jacoby Brissett

ARI",QB,14,315,485,64.9,"3,366",6.9,240.4,50,23,8,43,288,41.2,94.1
15,"Aaron Rodgers

PIT",QB,16,327,498,65.7,"3,322",6.7,207.6,80,24,7,29,180,44.4,94.8
16,"Jalen Hurts

PHI",QB,16,294,454,64.8,"3,224",7.1,201.5,79,25,6,32,181,55.2,98.5
17,"Cam Ward

TEN",QB,17,323,540,59.8,"3,169",5.9,186.4,47,15,7,55,410,33.2,80.2
18,"Daniel Jones

IND",QB,13,261,384,68,"3,101",8.1,238.5,75,19,8,22,158,63,100.2
19,"C.J. Stroud

HOU",QB,14,273,423,64.5,"3,041",7.2,217.2,75,19,8,23,189,61.7,92.9
20,"Geno Smith

LV",QB,15,302,448,67.4,"3,025",6.8,201.7,61,19,17,55,405,34.1,84.7
21,"Bryce Young

CAR",QB,16,304,478,63.6,"3,011",6.3,188.2,54,23,11,27,202,47.6,87.8
22,"Tua Tagovailoa

MIA",QB,14,260,384,67.7,"2,660",6.9,190,47,20,15,30,195,37.5,88.5
23,"Lamar Jackson

BAL",QB,13,192,302,63.6,"2,549",8.4,196.1,64,21,7,36,239,62.7,103.8
24,"Joe Flacco

CIN/CLE",QB,13,251,416,60.3,"2,479",6,190.7,44,15,10,18,118,41,79.2
25,"Tyler Shough

NO",QB,11,221,327,67.6,"2,384",7.3,216.7,62,10,6,31,195,48.8,91.3
26,"Jaxson Dart

NYG",QB,14,216,339,63.7,"2,272",6.7,162.3,44,15,5,35,152,57.5,91.7
27,"Brock Purdy

SF",QB,9,197,284,69.4,"2,167",7.6,240.8,45,20,10,11,53,72.8,100.5
28,"Mac Jones

SF",QB,11,201,289,69.6,"2,151",7.4,195.5,56,13,6,16,108,62.3,97.4
29,"Michael Penix

 Jr.ATL",QB,9,166,276,60.1,"1,982",7.2,220.2,69,9,3,13,101,57.9,88.5
30,"Joe Burrow

CIN",QB,8,173,259,66.8,"1,809",7,226.1,43,17,5,17,113,63,100.7
31,"Kirk Cousins

ATL",QB,10,166,269,61.7,"1,721",6.4,172.1,49,10,5,13,79,47.6,84.8
32,"Marcus Mariota

WSH",QB,11,139,227,61.2,"1,695",7.5,154.1,56,10,7,16,107,50.2,86.1
33,"J.J. McCarthy

MIN",QB,10,140,243,57.6,"1,632",6.7,163.2,62,11,12,27,149,35.6,72.6
34,"Spencer Rattler

NO",QB,9,174,257,67.7,"1,586",6.2,176.2,87,8,5,18,104,50.3,86.5
35,"Shedeur Sanders

CLE",QB,8,120,212,56.6,"1,400",6.6,175,66,7,10,23,164,18.9,68.1
36,"Jayden Daniels

WSH",QB,7,114,188,60.6,"1,262",6.7,180.3,50,8,3,18,79,44.7,88.1
37,"Justin Fields

NYJ",QB,9,128,204,62.7,"1,259",6.2,139.9,42,7,1,27,192,38.7,89.5
38,"Carson Wentz

MIN",QB,5,110,169,65.1,"1,216",7.2,243.2,81,6,5,19,125,43.3,85.8
39,"Kyler Murray

ARI",QB,5,110,161,68.3,962,6,192.4,45,6,3,16,111,47.2,88.6
40,"Dillon Gabriel

CLE",QB,10,110,185,59.5,937,5.1,93.7,26,7,2,19,127,31.4,80.8
41,"Davis Mills

HOU",QB,6,91,159,57.2,915,5.8,152.5,54,5,1,8,60,43.5,81.6
42,"Russell

 Wilson

NYG",QB,6,69,119,58,831,7,138.5,52,3,3,10,66,25.6,77.4
43,"Tyrod Taylor

NYJ",QB,6,80,134,59.7,779,5.8,129.8,52,5,5,14,82,50.9,72.9
44,"Jake Browning

CIN",QB,5,81,125,64.8,771,6.2,154.2,64,6,8,9,60,35.2,71.1
45,"Brady Cook

NYJ",QB,5,88,153,57.5,739,4.8,147.8,26,2,7,19,125,11.7,55.4
46,"Quinn Ewers

MIA",QB,4,55,83,66.3,622,7.5,155.5,63,3,3,8,59,32.8,85.5
47,"Jameis Winston

NYG",QB,3,37,66,56.1,567,8.6,189,42,2,2,3,11,68.5,82.1
48,"Philip Rivers

IND",QB,3,58,92,63,544,5.9,181.3,33,4,3,5,37,39.7,80.2
49,"Tyler Huntley

BAL",QB,5,52,67,77.6,426,6.4,85.2,36,2,0,8,38,80.8,103.1
50,"Malik Willis

GB",QB,4,30,35,85.7,422,12.1,105.5,40,3,0,3,15,93.1,145.5
51,Riley LeonardIND,QB,5,39,67,58.2,415,6.2,83,66,2,3,2,17,72.7,67.7
52,Josh JohnsonWSH,QB,5,34,54,63,372,6.9,74.4,41,1,2,2,14,55.6,74
53,Max BrosmerMIN,QB,8,47,71,66.2,328,4.6,41,29,0,4,14,100,14.3,53
54,Mitchell TrubiskyBUF,QB,4,25,35,71.4,313,8.9,78.3,37,4,0,0,0,91.4,137
55,Mason RudolphPIT,QB,5,38,52,73.1,310,6,62,28,2,2,2,12,34.1,84.6
56,Cooper RushBAL,QB,4,34,52,65.4,303,5.8,75.8,56,0,4,1,16,26.3,48.8
57,Andy DaltonPHI/CAR,QB,4,25,37,67.6,293,7.9,73.3,33,1,1,8,54,13.1,89.1
58,Tanner McKeePHI,QB,4,24,43,55.8,274,6.4,68.5,31,1,1,3,14,26,73.2
59,Chris OladokunKC,QB,3,35,55,63.6,235,4.3,78.3,31,1,0,8,93,14.9,79
60,Trey LanceLAC,QB,4,27,57,47.4,226,4,56.5,28,0,1,6,44,20,50.8
61,Kenny PickettLV,QB,6,28,45,62.2,188,4.2,31.3,26,1,2,8,54,3.4,60.2
62,Joe Milton IIIDAL,QB,4,15,24,62.5,183,7.6,45.8,35,1,2,0,0,52.8,65.1
63,Aidan O'ConnellLV,QB,1,10,22,45.5,102,4.6,102,23,0,0,1,5,16.3,59.3
64,Shane BuecheleKC,QB,1,7,14,50,88,6.3,88,51,0,0,5,22,5.6,69.9
65,Brandon AllenTEN,QB,1,17,30,56.7,72,2.4,72,21,0,1,1,7,9.9,47.9
66,Joshua DobbsNE,QB,4,7,10,70,65,6.5,16.3,23,0,0,0,0,72.3,87.5
67,Teddy BridgewaterDET/TB,QB,4,8,15,53.3,62,4.1,15.5,32,0,0,2,21,6.8,63.8
68,Taysom HillNO,QB,13,2,6,33.3,57,9.5,4.4,38,1,0,0,0,14.7,109
69,Tyson BagentCHI,QB,3,3,4,75,47,11.8,15.7,22,0,0,0,0,11.4,113.5
70,Clayton TuneGB,QB,2,7,15,46.7,42,2.8,21,8,0,1,5,44,7.8,25.7
71,Gardner Minshew IIKC,QB,4,6,13,46.2,37,2.8,9.3,12,0,1,0,0,12.2,21
72,Gunner OlszewskiNYG,WR,16,1,2,50,33,16.5,2.1,33,1,0,0,0,88.7,135.4
73,Cam AkersSEA/MIN,RB,6,1,1,100,32,32,5.3,32,1,0,0,0,100,158.3
73,Zach WilsonMIA,QB,4,6,11,54.5,32,2.9,8,11,0,0,0,0,9.8,60
75,Matt HaackARI,P,7,1,1,100,28,28,4,28,0,0,0,0,,118.8
76,Nick MullensJAX,QB,5,3,3,100,19,6.3,3.8,8,0,0,0,0,85.8,93.1
77,Rigoberto SanchezIND,P,17,1,1,100,16,16,0.9,16,0,0,0,0,,118.8
78,Drew LockSEA,QB,5,2,3,66.7,15,5,3,11,0,0,0,0,5.6,78.5
79,Anthony Richardson Sr.IND,QB,2,1,2,50,9,4.5,4.5,9,0,0,0,0,20.9,62.5
80,Jaylen WaddleMIA,WR,16,1,1,100,8,8,0.5,8,0,0,0,0,0.1,100
81,Breece HallNYJ,RB,16,1,1,100,4,4,0.3,4,1,0,0,0,100,122.9
82,David MontgomeryDET,RB,17,1,2,50,3,1.5,0.2,3,1,0,1,5,35,95.8
82,Austin McNamaraNYJ,P,17,1,1,100,3,3,0.2,3,0,0,0,0,,79.2
84,DJ MooreCHI,WR,17,1,1,100,2,2,0.1,2,1,0,0,0,100,118.8
85,Cooper KuppSEA,WR,16,0,1,0,0,0,0,0,0,1,0,0,0,0
85,Derrick HenryBAL,RB,17,0,1,0,0,0,0,0,0,0,0,0,7.9,39.6
85,Kyle AllenDET,QB,3,0,2,0,0,0,0,0,0,0,0,0,4.8,39.6
85,Christian McCaffreySF,RB,17,0,1,0,0,0,0,0,0,0,0,0,2.7,39.6
85,Courtland SuttonDEN,WR,17,0,0,0,0,0,0,0,0,0,1,5,0,39.6
85,Brett RypienCIN,QB,1,0,0,0,0,0,0,0,0,0,1,2,0,39.6
85,Corey BojorquezCLE,P,17,0,1,0,0,0,0,0,0,0,0,0,0,39.6
85,Marte MapuNE,LB,17,0,0,0,0,0,0,0,0,0,1,0,,39.6
85,Cole KmetCHI,TE,16,0,1,0,0,0,0,0,0,0,0,0,2,39.6
85,Chris OlaveNO,WR,16,0,1,0,0,0,0,0,0,1,0,0,0,0
85,Tyler WarrenIND,TE,17,0,1,0,0,0,0,0,0,0,0,0,0,39.6
85,Joshua KartyLAR,PK,8,0,1,0,0,0,0,0,0,0,0,0,0,39.6
85,Treylon BurksWSH,WR,8,0,0,0,0,0,0,0,0,0,1,0,0.7,39.6
85,RJ HarveyDEN,RB,17,0,1,0,0,0,0,0,0,0,0,0,59.6,39.6
85,Isaiah WilliamsNYJ,WR,15,0,1,0,0,0,0,0,0,0,0,0,1.6,39.6
100,Kedon SlovisARI,QB,2,1,2,50,-2,-1,-1,0,0,0,0,0,0.3,56.3