PLAYER INFO,,SNAKE DRAFT STATS,
Rank,Player,AVG PICK,%ROST
1,"Jahmyr Gibbs
DETRB",1.5,99.9
2,"Bijan Robinson
ATLRB",2.6,99.9
3,"Ja'Marr Chase
CINWR",4.1,99.9
4,"Puka NacuaQ
LARWR",4.7,99.9
5,"Jaxon Smith-Njigba
SEAWR",5.9,99.9
6,"Christian McCaffreyQ
SFRB",6.7,99.8
7,"Jonathan Taylor
INDRB",8,99.8
8,"Amon-Ra St. Brown
DETWR",8.4,99.9
9,"CeeDee Lamb
DALWR",10.7,99.8
10,"De'Von Achane
MIARB",12.1,99.8
11,"Justin Jefferson
MINWR",12.2,99.8
12,"James Cook III
BUFRB",12.8,99.8
13,"Saquon Barkley
PHIRB",16.2,99.7
14,"Ashton Jeanty
LVRB",17,99.6
15,"Drake London
ATLWR",18.8,99.6
16,"Jeremiyah LoveQ
ARIRB",19.2,99.2
17,"Derrick Henry
BALRB",19.7,99.7
18,"Trey McBride
ARITE",20,99.8
19,"Josh Allen
BUFQB",22.1,99.9
20,"Rashee Rice
KCWR",22.3,99.2
21,"Kenneth Walker III
KCRB",23.2,99.3
22,"Chase Brown
CINRB",23.8,98.9
23,"Brock Bowers
LVTE",24,99.8
24,"A.J. Brown
NEWR",27.2,99.4
25,"Nico Collins
HOUWR",27.6,99.4
26,"Omarion Hampton
LACRB",28.1,99
27,"George Pickens
DALWR",29.7,99.6
28,"Breece HallQ
NYJRB",31.4,98.2
29,"Chris Olave
NOWR",34.5,98.5
30,"Josh JacobsQ
GBRB",34.6,98.9
31,"Malik NabersQ
NYGWR",35.9,98.3
32,"Garrett Wilson
NYJWR",36.2,98.2
33,"Javonte Williams
DALRB",37.8,97.8
34,"Lamar Jackson
BALQB",38.7,99.6
35,"DeVonta SmithQ
PHIWR",39.6,98.6
36,"Zay Flowers
BALWR",42,98
37,"Tetairoa McMillan
CARWR",42.5,97.9
38,"Kyren Williams
LARRB",43.2,97.4
39,"Cam Skattebo
NYGRB",43.6,98
40,"Colston Loveland
CHITE",45.3,99.2
41,"Emeka EgbukaQ
TBWR",45.3,97.2
42,"Drake Maye
NEQB",47.3,99
43,"Davante Adams
LARWR",47.4,97.8
44,"Tyler WarrenQ
INDTE",47.5,99
45,"Travis Etienne Jr.
NORB",47.8,96
46,"Jayden Daniels
WSHQB",50.8,98.5
47,"Jalen Hurts
PHIQB",52.2,97.4
48,"Ladd McConkey
LACWR",52.6,95.6
49,"Quinshon JudkinsQ
CLERB",54.7,94.5
50,"Bucky Irving
TBRB",55.9,94.6
51,"Tee Higgins
CINWR",57.8,95.4
52,"Joe Burrow
CINQB",60,96.2
53,"Jaylen Waddle
DENWR",60.2,94.3
54,"Terry McLaurin
WSHWR",61.8,93.9
55,"Sam LaPortaQ
DETTE",65.7,94.6
56,"Kyle Pitts Sr.
ATLTE",65.8,95.1
57,"DJ Moore
BUFWR",66.8,91.9
58,"Jameson Williams
DETWR",68.6,93
59,"D'Andre Swift
CHIRB",68.9,91
60,"Rome Odunze
CHIWR",68.9,91.7
61,"David Montgomery
HOURB",74.2,90.4
62,"Carnell TateQ
TENWR",75,92
63,"Jaxson Dart
NYGQB",76.4,92.8
64,"Bhayshul Tuten
JAXRB",76.9,88.4
65,"Harold Fannin Jr.
CLETE",77,92
66,"Luther Burden IIIQ
CHIWR",77.3,90
67,"TreVeyon Henderson
NERB",77.9,90.6
68,"Matthew Stafford
LARQB",79.8,92.3
69,"Jadarian Price
SEARB",80.3,89.2
70,"Courtland Sutton
DENWR",84,88.5
71,"Brandon Aubrey
DALK",84.8,99.7
72,"Texans D/ST
HOUD/ST",86,98.7
73,"Dak Prescott
DALQB",86.8,89
74,"DK MetcalfQ
PITWR",87.5,88.9
75,"Bo Nix
DENQB",89.5,87.5
76,"Marvin Harrison Jr.
ARIWR",90.5,87.3
77,"Michael Pittman Jr.Q
PITWR",90.9,87.2
78,"Caleb Williams
CHIQB",92.3,88.2
79,"Mike EvansQ
SFWR",94.5,86.5
80,"Trevor Lawrence
JAXQB",94.8,86.1
81,"Broncos D/ST
DEND/ST",95,98.4
82,"Tucker KraftQ
GBTE",96.4,86.5
83,"Rhamondre Stevenson
NERB",97.1,83.1
84,"Alec PierceO
INDWR",98.9,83.7
85,"Parker WashingtonQ
JAXWR",99.2,83.2
86,"George KittleO
SFTE",99.8,87.6
87,"Travis Kelce
KCTE",100,87.3
88,"Dallas Goedert
PHITE",100.8,87.7
89,"Christian Watson
GBWR",101,84.1
90,"Rams D/ST
LARD/ST",101.4,94.9
91,"Tony Pollard
TENRB",101.8,85.2
92,"Jaylen Warren
PITRB",103,84.5
93,"Brock Purdy
SFQB",104.7,83.4
94,"Cameron Dicker
LACK",105.1,99.2
95,"Brian Thomas Jr.
JAXWR",106.3,83
96,"Michael Wilson
ARIWR",106.6,82.2
97,"Matthew Golden
GBWR",106.9,81.9
98,"Seahawks D/ST
SEAD/ST",107.6,97.2
99,"Rico Dowdle
PITRB",108.8,83.6
100,"Justin Herbert
LACQB",108.9,86
101,"Patrick MahomesQ
KCQB",109.1,84.3
102,"Jake Ferguson
DALTE",112.5,84.5
103,"Jakobi Meyers
JAXWR",115.3,79.8
104,"Steelers D/ST
PITD/ST",115.3,94.5
105,"Jason Myers
SEAK",116.1,97.4
106,"Wan'Dale Robinson
TENWR",117.6,79.5
107,"Chuba HubbardQ
CARRB",119,82
108,"Travis Hunter
JAXWR, CB",119.4,72.3
109,"Jordan Addison
MINWR",121,77.7
110,"Jordyn TysonD
NOWR",121.6,74.3
111,"Kenny Gainwell
TBRB",122,79
112,"J.K. Dobbins
DENRB",122.2,79.1
113,"Josh Downs
INDWR",122.9,75.6
114,"Mark Andrews
BALTE",123,79.5
115,"Jonathon Brooks
CARRB",124.5,75.1
116,"Khalil ShakirQ
BUFWR",125.8,72.5
117,"Isaiah Likely
NYGTE",129.8,77.5
118,"Kyle MonangaiQ
CHIRB",130.2,76
119,"Harrison Mevis
LARK",130.4,92.1
120,"Aaron Jones Sr.
MINRB",130.4,77.9
121,"Stefon Diggs
WSHWR",130.7,66.7
122,"Ravens D/ST
BALD/ST",131.8,86.3
123,"Rachaad WhiteQ
WSHRB",133.2,74.5
124,"Ka'imi Fairbairn
HOUK",133.2,91.4
125,"T.J. Hockenson
MINTE",133.5,70.3
126,"Dalton Kincaid
BUFTE",134.9,66
127,"Eagles D/ST
PHID/ST",134.9,84.7
128,"Xavier WorthyQ
KCWR",135.3,71.6
129,"Jayden Reed
GBWR",135.9,68.4
130,"Jacory Croskey-Merritt
WSHRB",136.5,68.8
131,"RJ Harvey
DENRB",136.5,74.9
132,"Deebo Samuel Sr.
SFWR",136.7,66.9
133,"Cam Little
JAXK",137.4,86.7
134,"Jared Goff
DETQB",138.8,62.8
135,"Makai LemonQ
PHIWR",139.8,75.9
136,"Blake Corum
LARRB",140.5,72.2
137,"Quentin JohnstonQ
LACWR",141,70.4
138,"Kenyon SadiqQ
NYJTE",141.6,68.2
139,"Hunter Henry
NETE",143,58.1
140,"Chris Godwin Jr.
TBWR",147.4,68.8
141,"Kyler Murray
MINQB",147.6,55.1
142,"Harrison Butker
KCK",147.6,74.4
143,"Jordan Mason
MINRB",148.3,54.5
144,"Eddy Pineiro
SFK",148.7,79.6
145,"Baker Mayfield
TBQB",148.9,46.9
146,"Patriots D/ST
NED/ST",149.4,71.9
147,"KC Concepcion
CLEWR",150,62.5
148,"Lions D/ST
DETD/ST",151.6,65.6
149,"Woody Marks
HOURB",152.7,57.9
150,"Romeo Doubs
NEWR",153.1,58.6
151,"Browns D/ST
CLED/ST",153.5,58.7
152,"Zach CharbonnetO
SEARB",154.9,56.6
153,"Jake Bates
DETK",155.2,70.1
154,"Tyler Shough
NOQB",155.7,40.8
155,"Alvin KamaraQ
NORB",157.3,45.4
156,"Rashid Shaheed
SEAWR",158.5,37.8
157,"Jordan Love
GBQB",159.4,28
158,"Daniel Jones
INDQB",159.5,29.7
159,"De'Zhaun Stribling
SFWR",160.2,26.5
160,"Isiah PachecoQ
DETRB",160.7,42.5
161,"Jayden HigginsD
HOUWR",161.1,30.2
162,"Jalen Coker
CARWR",161.1,36.8
163,"Sam Darnold
SEAQB",162.5,19.2
164,"Chris Boswell
PITK",162.5,38.3
165,"Chiefs D/ST
KCD/ST",163.1,34.5
166,"Chargers D/ST
LACD/ST",163.3,47.5
167,"Tyler Loop
BALK",163.7,49.1
168,"Juwan Johnson
NOTE",164.2,26.7
169,"Jerry Jeudy
CLEWR",164.4,27.6
170,"Tyjae Spears
TENRB",165,33.2
171,"C.J. Stroud
HOUQB",166.1,17.2
172,"Terrance Ferguson
LARTE",166.1,17.8
173,"Will Reichard
MINK",166.2,29.8
174,"Cowboys D/ST
DALD/ST",166.3,10.1
175,"Brian Robinson Jr.
ATLRB",166.3,17.4
176,"Ja'Kobi Lane
BALWR",166.5,14.8
177,"Tyrone Tracy Jr.
NYGRB",166.6,16.5
178,"Denzel Boston
CLEWR",166.6,18.9
179,"Fernando Mendoza
LVQB",166.7,11.8
180,"Malik Willis
MIAQB",166.9,15
181,"Chris Rodriguez Jr.
JAXRB",167.2,17.5
182,"Cairo Santos
CHIK",167.4,32
183,"Jaguars D/ST
JAXD/ST",167.4,53
184,"Tank DellQ
HOUWR",167.7,20.3
185,"Brenton Strange
JAXTE",167.8,15.9
186,"Dalton Schultz
HOUTE",167.9,13.7
187,"Calvin Ridley
TENWR",168,20.1
188,"Jalen McMillanQ
TBWR",168.1,18.2
189,"Packers D/ST
GBD/ST",168.2,14.8
190,"Tre Tucker
LVWR",168.2,17.4
191,"Tyler Allgeier
ARIRB",168.3,19.9
192,"Vikings D/ST
MIND/ST",168.5,18.9
193,"Tank Bigsby
PHIRB",168.6,15.2
194,"49ers D/ST
SFD/ST",168.6,7.2
195,"Cam Ward
TENQB",168.7,10.1
196,"Trey Smack
GBK",168.7,6.9
197,"Jake Elliott
PHIK",168.7,8.2
198,"Evan McPherson
CINK",168.8,14.5
199,"Bills D/ST
BUFD/ST",168.8,4.8
200,"Pat Freiermuth
PITTE",168.8,11
201,"Bryce Young
CARQB",168.8,8.3
202,"Cooper Kupp
SEAWR",168.9,9.6
203,"Bears D/ST
CHID/ST",169,10.2
204,"AJ Barner
SEATE",169.1,6.3
205,"Aaron Rodgers
PITQB",169.1,5.5
206,"Odell Beckham Jr.
NYGWR",169.2,3
207,"Chase McLaughlin
TBK",169.3,16
208,"Keenan Allen
INDWR",169.3,11.3
209,"Giants D/ST
NYGD/ST",169.4,3
210,"Matt Gay
LVK",169.4,1.4
211,"Darnell Washington
PITTE",169.4,1.8
212,"Dolphins D/ST
MIAD/ST",169.4,0.9
213,"Justin Tucker
FAK",169.5,0.6
214,"Shedeur Sanders
CLEQB",169.5,2.5
215,"Cyrus Allen
KCWR",169.5,4.8
216,"Chig Okonkwo
WSHTE",169.5,8.3
217,"Tyler Bass
BUFK",169.5,3.7
218,"J.J. McCarthy
MINQB",169.6,1.2
219,"Philip Rivers
INDQB",169.6,0.4
220,"Buccaneers D/ST
TBD/ST",169.6,9.9
221,"Commanders D/ST
WSHD/ST",169.6,1.2
222,"Caleb Douglas
MIAWR",169.6,6.2
223,"Wil Lutz
DENK",169.7,4.9
224,"Younghoe Koo
FAK",169.7,0.4
225,"Cole Kmet
CHITE",169.7,0.8
226,"Ben Sauls
NYGK",169.7,0.4
227,"Mike Washington Jr.
LVRB",169.7,9.6
228,"Raiders D/ST
LVD/ST",169.7,1.8
229,"Keaton Mitchell
LACRB",169.7,9.9
230,"Panthers D/ST
CARD/ST",169.7,1.5
231,"David Njoku
LACTE",169.7,4.2
232,"Dawson Knox
BUFTE",169.7,0.9
233,"Ryan Fitzgerald
CARK",169.7,0.7
234,"Cardinals D/ST
ARID/ST",169.7,0.5
235,"Lil'Jordan Humphrey
DENWR",169.7,0.3
236,"Tyreek HillQ
FAWR",169.8,6.4
237,"Drew Allar
PITQB",169.8,0.5
238,"Bengals D/ST
CIND/ST",169.8,2.8
239,"Carson BeckQ
ARIQB",169.8,1.4
240,"Dominic Zvada
NYGK",169.8,1.1
241,"Jason Sanders
NYJK",169.8,0.9
242,"Andre Szmyt
CLEK",169.8,0.5
243,"Jake Moody
FAK",169.8,0.6
244,"Tyler Higbee
LARTE",169.8,0.4
245,"Malachi Fields
NYGWR",169.8,1.9
246,"Joey Slye
TENK",169.8,0.5
247,"Chad Ryland
ARIK",169.9,0.4
248,"Spencer Shrader
INDK",169.9,0.2
249,"Caden Davis
FAK",169.9,0.1
250,"Sal Cannella
FATE",169.9,0.1
251,"KaVontae Turpin
DALWR",169.9,1.1
252,"Elijah Arroyo
SEATE",169.9,0.6
253,"Eli Stowers
PHITE",169.9,1.1
254,"Riley Patterson
MIAK",169.9,0.3
255,"Brock Wright
DETTE",169.9,0.2
256,"Kadarius Toney
FAWR",169.9,0.1
257,"Kirk Cousins
LVQB",169.9,2
258,"Justin Fields
KCQB",169.9,0.6
259,"Noah Gray
KCTE",169.9,0.3
260,"Luke Schoonmaker
DALTE",169.9,0.2
261,"JuJu Smith-SchusterQ
FAWR",169.9,0.2
262,"Tommy DeVito
NEQB",169.9,0.2
263,"Titans D/ST
TEND/ST",169.9,4.8
264,"Luke McCaffrey
WSHWR",169.9,0.4
265,"Jermar Jefferson
MINRB",169.9,0.1
266,"Israel Abanikanda
DALRB",169.9,0.2
267,"Nick Chubb
FARB",169.9,0.3
268,"Ezekiel Elliott
FARB",169.9,0.1
269,"Joe Flacco
CINQB",169.9,0.4
270,"Ty Simpson
LARQB",169.9,0.6
271,"Jameis Winston
NYGQB",169.9,0.4
272,"Kyle JuszczykQ
SFRB",169.9,0.5
273,"Kaden Wetjen
PITWR",169.9,0.2
274,"Ricky PearsallIR
SFWR",169.9,19.4
275,"Brandon McManus
FAK",169.9,0.2
276,"Najee Harris
NYGRB",169.9,2.7
277,"Ja'Tavion Sanders
CARTE",169.9,0.4
278,"Joshua Palmer
BUFWR",169.9,0.3
279,"Elijah HigginsQ
ARITE",169.9,0.2
280,"Josh Oliver
MINTE",169.9,0.2
281,"Zavion Thomas
CHIWR",169.9,0.3
282,"Hollywood Brown
PHIWR",169.9,0.7
283,"Jordan Whittington
LARWR",169.9,0.2
284,"Roman Wilson
PITWR",169.9,0.3
285,"Joshua Dobbs
DETQB",169.9,0.1
286,"Cade Klubnik
NYJQB",169.9,0.2
287,"Trey BensonQ
ARIRB",169.9,0.5
288,"Matt Prater
FAK",169.9,0.2
289,"Jude McAtamney
FAK",169.9,0.1
290,"John Samuel Shenker
FATE",169.9,0.1
291,"Luke Lachey
GBTE",169.9,0
292,"Jets D/ST
NYJD/ST",169.9,1.7
293,"Mac Jones
SFQB",169.9,0.3
294,"Josh Williams
TBRB",169.9,0.1
295,"Tommy Tremble
CARTE",169.9,0.2
296,"Drew Stevens
WSHK",169.9,0.1
297,"Kalif Raymond
CHIWR",169.9,0.2
298,"Isaiah Bond
CLEWR",169.9,0.3
299,"Skyler BellQ
BUFWR",169.9,0.6
300,"Mack Hollins
NEWR",169.9,
301,"Luke MusgraveO
GBTE",169.9,0.2
302,"Brevyn Spann-Ford
DALTE",169.9,0.1
303,"Kenny Pickett
CARQB",169.9,0.1
304,"Jahdae Walker
CHIWR",169.9,0.2
305,"Kyle Allen
BUFQB",169.9,0.1
306,"Drew Lock
SEAQB",169.9,0.1
307,"Myles Price
MINWR",169.9,0.1
308,"Ray-Ray McCloud III
CHIWR",169.9,0.1
309,"Stetson Bennett IV
LARQB",169.9,0.1
310,"Jake Bobo
SEAWR",169.9,0.2
311,"Joe Milton III
DALQB",169.9,0.2
312,"Will Howard
PITQB",169.9,0.2
313,"Teddy Bridgewater
DETQB",169.9,0.1
314,"Russell Wilson
FAQB",169.9,0.1
315,"Cade York
NYJK",169.9,0.1
316,"Jordan Travis
FAQB",169.9,0
317,"Michael Pratt
FAQB",169.9,0
318,"Tyson BagentQ
CHIQB",170,0.2
319,"Colbie Young
CINWR",170,0.2
320,"Eli Raridon
NETE",170,0.4
321,"Noah Fant
NOTE",170,0.2
322,"Adam Trautman
DENTE",170,0.1
323,"Kyle Williams
NEWR",170,0.3
324,"Barion Brown
NOWR",170,0.2
325,"Xavier Smith
LARWR",170,0.1
326,"Tanner McKee
PHIQB",170,0.1
327,"Spencer Rattler
NOQB",170,0.1
328,"Tyler Huntley
BALQB",170,0.1
329,"Jonathan Mingo
DALWR",170,0.1
330,"Quinn EwersQ
MIAQB",170,0.2
331,"Efton Chism III
NEWR",170,0.2
332,"Tim Patrick
NYJWR",170,0.1
333,"Bub Means
NOWR",170,0.1
334,"Austin Seibert
FAK",170,0.1
335,"Dalvin Cook
FARB",170,0.1
336,"Daniel Carlson
FAK",170,0.1
337,"Dustin Hopkins
FAK",170,0.1
338,"DeWayne McBride
FARB",170,0
339,"Tanner Brown
NOK",170,0.1
340,"Parker Romo
FAK",170,0.1
341,"Junior Bergen
NYJWR",170,0
342,"Ja'Corey BrooksQ
FAWR",170,0
343,"Sam Howell
DALQB",170,0.1
344,"Devontez Walker
BALWR",170,0.2
345,"Konata Mumpfield
LARWR",170,0.1
346,"Mo Alie-Cox
INDTE",170,0.1
347,"Jackson Hawes
BUFTE",170,0.1
348,"Hunter Luepke
DALRB",170,0.2
349,"Tez JohnsonQ
TBWR",170,0.3
350,"Jimmy Horn Jr.
CARWR",170,
351,"KeAndre Lambert-Smith
LACWR",170,0.1
352,"Calvin Austin III
NYGWR",170,0.2
353,"Bo Melton
GBWR",170,0.1
354,"CJ Daniels
LARWR",170,0.2
355,"Demarcus Robinson
SFWR",170,0.1
356,"Tyrod Taylor
GBQB",170,0.1
357,"Tai Felton
MINWR",170,0.1
358,"Sam Roush
CHITE",170,0.1
359,"Darius Cooper
PHIWR",170,0.1
360,"Riley Nowakowski
PITRB",170,0.1
361,"Patrick Ricard
NYGRB",170,0.1
362,"Ben Skowronek
PITWR",170,0.1
363,"Braxton Berrios
NYGWR",170,0.1
364,"Skyy Moore
GBWR",170,0.1
365,"Mason Rudolph
PITQB",170,0.1
366,"Dante Pettis
BUFWR",170,0
367,"Marquez Valdes-Scantling
DALWR",170,0.1
368,"AJ Dillon
CARRB",170,0.1
369,"Roschon Johnson
CHIRB",170,0.2
370,"Will Levis
TENQB",170,0.1
371,"Frank Gore Jr.
BUFRB",170,0.1
372,"Jalen Milroe
SEAQB",170,0.2
373,"Devin Neal
NORB",170,0.2
374,"Ulysses Bentley IV
INDRB",170,0.1
375,"Eli Heidenreich
PITRB",170,0.2
376,"Taysom Hill
FATE",170,0.1
377,"Greg Joseph
FAK",170,0
378,"Joe MixonQ
FARB",170,0.3
379,"John Ross
FAWR",170,0
380,"Zane GonzalezQ
FAK",170,0.3
381,"Jimmy Garoppolo
LARQB",170,0.1
382,"Greg ZuerleinQ
FAK",170,0.1
383,"Jacob Kibodi
FARB",170,0
384,"Jermaine Jackson
FAWR",170,0
385,"Tommy Mellott
FAWR",170,0
386,"Adonai Mitchell
NYJWR",170,9.8
387,"Evan Engram
DENTE",170,3.2
388,"Jacob SaylorsQ
DETRB",170,0.1
389,"Max Klare
LARTE",170,0.3
390,"Austin Hooper
ATLTE",170,0.1
391,"Anthony Richardson Sr.
INDQB",170,0.3
392,"Jarrett Stidham
DENQB",170,0.1
393,"Bryce Lance
NOWR",170,0.3
394,"Drew Sample
CINTE",170,0.1
395,"Elijah Sarratt
BALWR",170,0.6
396,"Brenen Thompson
LACWR",170,0.3
397,"Justin Watson
HOUWR",170,0.1
398,"Durham Smythe
BALTE",170,0.1
399,"Oscar Delp
NOTE",170,0.2
400,"Joe RoyerQ
CLETE",170,
401,"Greg Dortch
DETWR",170,0.1
402,"Luke Farrell
SFTE",170,0.1
403,"Mitchell Tinsley
CINWR",170,0.1
404,"Justin Joly
DENTE",170,0.1
405,"Trey Lance
LACQB",170,0.1
406,"Riley Leonard
INDQB",170,0.1
407,"Tyler Conklin
DETTE",170,0.1
408,"Josh Whyle
GBTE",170,0.1
409,"Matthew Hibner
BALTE",170,0.1
410,"Davis Mills
HOUQB",170,0.1
411,"Reggie Virgil
ARIWR",170,0.1
412,"Reggie Gilliam
NERB",170,0.1
413,"Mitchell TrubiskyQ
TENQB",170,0.1
414,"Cedric TillmanQ
CLEWR",170,0.2
415,"Gardner Minshew II
ARIQB",170,0.1
416,"Arian Smith
NYJWR",170,0.1
417,"British BrooksQ
HOURB",170,0
418,"LaJohntay Wester
BALWR",170,0.1
419,"Cooper Rush
ATLQB",170,0
420,"Scotty Miller
CHIWR",170,0.1
421,"Mecole Hardman Jr.
BUFWR",170,0.1
422,"Travis Homer
PITRB",170,0
423,"David Moore
CARWR",170,0.1
424,"Carson Wentz
MINQB",170,0.1
425,"Andy Dalton
PHIQB",170,0.1
426,"Gunner OlszewskiIR
NYGWR",170,0
427,"D'Ernest Johnson
TENRB",170,0
428,"Tom Kennedy
DETWR",170,0.1
429,"Van Jefferson
WSHWR",170,0.1
430,"Albert Okwuegbunam Jr.
LVTE",170,0.1
431,"Zach Wilson
NOQB",170,0.1
432,"Ihmir Smith-Marsette
ARIWR",170,0
433,"D.J. Montgomery
INDWR",170,0
434,"Bailey Zappe
NYJQB",170,0
435,"Julius Chestnut
TENRB",170,0.1
436,"Ronnie Rivers
LARRB",170,0.1
437,"Aidan O'Connell
LVQB",170,0
438,"Jaleel McLaughlin
DENRB",170,0.1
439,"Baylor Cupp
ARITE",170,0
440,"Dillon Gabriel
CLEQB",170,0.1
441,"Gavin Bartholomew
MINTE",170,0
442,"Brady Cook
NYJQB",170,0
443,"Max BrosmerQ
MINQB",170,0
444,"Jam Miller
NERB",170,0.1
445,"Athan Kaliakmanis
WSHQB",170,0
446,"Garrett Nussmeier
KCQB",170,0.1
447,"Michael TriggQ
DALTE",170,0.1
448,"Equanimeous St. Brown
FAWR",170,0
449,"Kareem Hunt
FARB",170,0.2
450,"Michael Badgley
FAK",170,
451,"Austin Ekeler
FARB",170,0.1
452,"Jamaal Williams
FARB",170,0
453,"DeAndre Hopkins
FAWR",170,0.1
454,"Derek Carr
NOQB",170,0.1
455,"Zach ErtzQ
FATE",170,0.2
456,"Graham GanoQ
FAK",170,0.1
457,"Clyde Edwards-Helaire
FARB",170,0
458,"Antonio GibsonQ
FARB",170,0
459,"J.J. Taylor
FARB",170,0
460,"Matthew Wright
FAK",170,0
461,"Anders Carlson
FAK",170,0
462,"Dorian Thompson-Robinson
FAQB",170,0
463,"Clayton Tune
FAQB",170,0
464,"Max Duggan
FAQB",170,0
465,"Joshua Karty
FAK",170,0
466,"Devin Leary
FAQB",170,0
467,"Brayden Narveson
FAK",170,0
468,"Thomas Odukoya
FATE",170,0
469,"D.J. WilliamsQ
FARB",170,0
470,"Jonah Coleman
DENRB",170,6.5
471,"Marcus MariotaQ
WSHQB",170,0.2
472,"Kendrick Bourne
ARIWR",170,0.2
473,"Malik Benson
LVWR",170,0.2
474,"Dyami Brown
WSHWR",170,0.3
475,"Isaiah Williams
NYJWR",170,0.1
476,"Will Kacmarek
MIATE",170,0.1
477,"Charlie Kolar
LACTE",170,0.1
478,"Cade Stover
HOUTE",170,0.1
479,"Olamide Zaccheaus
ATLWR",170,0.2
480,"Jeremy Ruckert
NYJTE",170,0.1
481,"Davis AllenQ
LARTE",170,0
482,"Nate Adkins
DENTE",170,0
483,"Nate Boerkircher
JAXTE",170,0.1
484,"Jalen Royals
KCWR",170,0.2
485,"Payne Durham
TBTE",170,0.1
486,"Alec Ingold
LACRB",170,0.1
487,"Dont'e Thornton Jr.Q
LVWR",170,0.2
488,"Tyrell ShaversO
BUFWR",170,0.1
489,"Adam Prentice
DENRB",170,0.1
490,"Connor Heyward
LVRB",170,0.1
491,"Michael Burton
CLERB",170,0.1
492,"Max Bredeson
MINRB",170,0.1
493,"Malachi Corley
CLEWR",170,0.1
494,"Ko Kieft
TBTE",170,0
495,"Marlin Klein
HOUTE",170,0.1
496,"Drew Ogletree
INDTE",170,0
497,"Josh Cuevas
BALTE",170,0
498,"Eric Saubert
SEATE",170,0.1
499,"Andrew Beck
NYJRB",170,0.1
500,"Chris Manhertz
NYGTE",170,
501,"Jalen Reagor
MIAWR",170,0
502,"Charlie Jones
CINWR",170,0.1
503,"Britain CoveyQ
PHIWR",170,0.1
504,"Nikko Remigio
KCWR",170,0.1
505,"Josh Cameron
JAXWR",170,0.1
506,"Jalen Brooks
ARIWR",170,0.1
507,"Mason Kinsey
TENWR",170,0
508,"Robert Tonyan
PITTE",170,0.1
509,"River CracraftQ
FAWR",170,0
510,"Cedrick Wilson Jr.
DETWR",170,0.1
511,"Brandon Allen
NYGQB",170,0
512,"Dare Ogunbowale
LVRB",170,0
513,"KhaDarel Hodge
SFWR",170,0
514,"Trayveon Williams
DETRB",170,0
515,"Ameer Abdullah
JAXRB",170,0.1
516,"Easton Stick
INDQB",170,0
517,"Case Keenum
CHIQB",170,0.1
518,"Josh Johnson
CINQB",170,0.1
519,"Trenton Irwin
SFWR",170,0
520,"K.J. Osborn
TENWR",170,0
521,"JaMycal Hasty
NERB",170,0
522,"Salvon Ahmed
CHIRB",170,0.1
523,"Trey SermonIR
ATLRB",170,0
524,"Elijah MooreQ
PHIWR",170,0.1
525,"Sam Ehlinger
DENQB",170,0
526,"Cody White
SEAWR",170,0
527,"Patrick Taylor Jr.IR
SFRB",170,0
528,"Velus Jones Jr.
SEARB",170,0
529,"Dameon PierceQ
PHIRB",170,0.1
530,"Grant CalcaterraQ
PHITE",170,0.1
531,"Teagan Quitoriano
ARITE",170,0
532,"Jerome FordIR
WSHRB",170,0.1
533,"Skylar ThompsonIR
BALQB",170,0
534,"Chris Oladokun
KCQB",170,0
535,"Raheem Blackshear
DETRB",170,0
536,"Hendon Hooker
TENQB",170,0
537,"Cameron Latu
PHITE",170,0
538,"Scott Matlock
LACRB",170,0
539,"Jake Haener
NYGQB",170,0
540,"Julian HillIR
NETE",170,0
541,"Brady Russell
SEARB",170,0
542,"Tyler Goodson
ATLRB",170,0
543,"Jamari ThrashIR
CLEWR",170,0
544,"Sione Vaki
DETRB",170,0.1
545,"Colson Yankoff
WSHTE",170,0
546,"Sincere McCormick
SFRB",170,0
547,"Chris CollierIR
LVRB",170,0
548,"Jarquez Hunter
LARRB",170,0.1
549,"Mitchell Evans
CARTE",170,0.1
550,"Jordan Watkins
SFWR",170,
551,"Kurtis Rourke
SFQB",170,0
552,"Dominic Lovett
DETWR",170,0
553,"Lan Larison
NERB",170,0
554,"Raheim Sanders
CLERB",170,0.1
555,"Beaux Collins
ATLWR",170,0
556,"Zavier Scott
MINRB",170,0.1
557,"Drake Dabney
GBTE",170,0
558,"Taylen Green
CLEQB",170,0.1
559,"Cole Payton
PHIQB",170,0
560,"C.J. Ham
MINRB",170,0
561,"Hunter Renfrow
FAWR",170,0
562,"Cordarrelle Patterson
FARB",170,0
563,"Tim Boyle
FAQB",170,0
564,"Anthony Miller
FAWR",170,0
565,"Gus Edwards
FARB",170,0
566,"Amari Cooper
LVWR",170,0.1
567,"Adam Thielen
PITWR",170,0.1
568,"Khari Blasingame
FARB",170,0
569,"Cam Akers
FARB",170,0
570,"Zack MossQ
FARB",170,0
571,"Darrynton Evans
FARB",170,0
572,"Khalil Herbert
SFRB",170,0
573,"Desmond Ridder
FAQB",170,0
574,"Deuce Vaughn
FARB",170,0
575,"Kenny McIntosh
FARB",170,0
576,"Jaren Hall
FAQB",170,0
577,"Chase Cota
FAWR",170,0
578,"Xazavian Valladay
FARB",170,0
579,"Nathan Rourke
FAQB",170,0
580,"Lucas Havrisik
FAK",170,0
581,"SaRodorick Thompson Jr.
FARB",170,0
582,"Louis Rees-Zammit
FARB",170,0
583,"Terrell JenningsQ
FARB",170,0.1
584,"Aaron Shampklin
FARB",170,0
585,"Joshua Cephus
FAWR",170,0
586,"Jaylen Johnson
FAWR",170,0
587,"Erick All Jr.
CINTE",170,0.2
588,"DeeJay Dallas
JAXRB",170,0.1
589,"Treylon Burks
WSHWR",170,0.2
590,"Jaylin Lane
WSHWR",170,0.2
591,"John BatesQ
WSHTE",170,0.1
592,"Kevin Coleman Jr.Q
MIAWR",170,0.2
593,"Tanner Hudson
CINTE",170,0
594,"Daniel Bellinger
TENTE",170,0.1
595,"Ben Sinnott
WSHTE",170,0.1
596,"Elic Ayomanor
TENWR",170,0.3
597,"Foster Moreau
HOUTE",170,0.1
598,"Mason TiptonO
NOWR",170,0.1
599,"Ben SimsQ
MIATE",170,0
600,"Derius Davis
LACWR",170,