Season,Rank,Player,CMP,ATT,PCT,YDS,Y/A,TD,INT,SACKS,ATT,YDS,TD,FL,G,FPTS,FPTS/G,ROST
2025,1,Josh Allen (BUF),319,460,69.3,"3,668",8,25,10,40,112,579,14,3,17,374.5,22,99.80%
2025,2,Drake Maye (NE),354,492,72,"4,394",8.9,31,8,47,103,450,4,3,17,358.9,21.1,98.90%
2025,3,Matthew Stafford (LAR),388,597,65,"4,707",7.9,46,8,23,29,1,0,3,17,358.3,21.1,90.90%
2025,4,Trevor Lawrence (JAC),341,560,60.9,"4,007",7.2,29,12,41,82,359,9,3,17,350.1,20.6,88.60%
2025,5,Dak Prescott (DAL),404,600,67.3,"4,552",7.6,30,10,31,53,177,2,2,17,323.8,19,92.10%
2025,6,Caleb Williams (CHI),330,568,58.1,"3,942",6.9,27,7,24,77,383,3,1,17,323.3,19,93.80%
2025,7,Bo Nix (DEN),388,612,63.4,"3,931",6.4,25,11,22,83,356,5,2,17,315.8,18.6,87.00%
2025,8,Jared Goff (DET),393,578,68,"4,564",7.9,34,8,38,19,45,0,5,17,305.1,17.9,74.90%
2025,9,Jalen Hurts (PHI),294,454,64.8,"3,224",7.1,25,6,32,105,421,8,4,16,305,19.1,97.20%
2025,10,Justin Herbert (LAC),340,512,66.4,"3,727",7.3,26,13,54,83,498,2,2,16,299.8,18.7,91.20%
2025,11,Patrick Mahomes II (KC),315,502,62.7,"3,587",7.1,22,11,34,64,422,5,0,14,295.7,21.1,87.20%
2025,12,Baker Mayfield (TB),343,543,63.2,"3,693",6.8,26,11,36,55,382,1,3,17,282.9,16.6,58.20%
2025,13,Sam Darnold (SEA),323,477,67.7,"4,048",8.5,25,14,27,35,95,0,6,17,249.4,14.7,37.20%
2025,14,Jaxson Dart (NYG),216,339,63.7,"2,272",6.7,15,5,35,86,487,9,2,14,246.5,17.6,92.30%
2025,15,Jordan Love (GB),291,439,66.3,"3,381",7.7,23,6,21,47,199,0,2,15,241.3,16.1,53.80%
2025,16,Jacoby Brissett (ARI),315,485,64.9,"3,366",6.9,23,8,43,38,168,1,4,14,235.4,16.8,16.40%
2024,1,Lamar Jackson (BAL),316,474,66.7,"4,172",8.8,41,4,23,139,915,4,5,17,434.4,25.6,99.20%
2024,2,Josh Allen (BUF),307,483,63.6,"3,731",7.7,28,6,14,102,531,12,2,17,385.1,22.7,99.80%
2024,3,Joe Burrow (CIN),460,652,70.6,"4,918",7.5,43,9,48,42,201,2,5,17,381.9,22.5,97.80%
2024,4,Baker Mayfield (TB),407,570,71.4,"4,500",7.9,41,16,40,60,378,3,2,17,381.8,22.5,58.20%
2024,5,Jayden Daniels (WAS),331,480,69,"3,568",7.4,25,9,47,148,891,6,0,17,364.7,21.5,97.80%
2024,6,Jared Goff (DET),390,539,72.4,"4,629",8.6,37,12,31,35,56,0,0,17,335.5,19.7,74.90%
2024,7,Bo Nix (DEN),376,567,66.3,"3,775",6.7,29,12,24,92,430,4,0,17,328.1,19.3,87.00%
2024,8,Jalen Hurts (PHI),248,361,68.7,"2,903",8,18,5,38,150,630,14,5,15,320,21.3,97.20%
2024,9,Sam Darnold (MIN),361,545,66.2,"4,319",7.9,35,12,48,67,212,1,4,17,319.8,18.8,37.20%
2024,10,Kyler Murray (ARI),372,541,68.8,"3,851",7.1,21,11,30,78,572,5,4,17,308.4,18.1,66.00%
2024,11,Patrick Mahomes II (KC),392,581,67.5,"3,928",6.8,26,11,36,58,307,2,0,16,292.9,18.3,87.20%
2024,12,Justin Herbert (LAC),332,504,65.9,"3,870",7.7,23,3,41,69,306,2,2,17,288.6,17,91.20%
2024,13,Geno Smith (SEA),407,578,70.4,"4,320",7.5,21,15,50,53,272,2,0,17,281.1,16.5,10.10%
2024,14,Brock Purdy (SF),300,455,65.9,"3,864",8.5,20,12,31,66,323,5,3,15,279,18.6,85.60%
2024,15,Aaron Rodgers (NYJ),368,584,63,"3,897",6.7,28,11,40,22,107,0,2,17,267.6,15.7,13.70%
2024,16,Caleb Williams (CHI),351,562,62.5,"3,541",6.3,20,6,68,81,489,0,5,17,260.5,15.3,93.80%
2023,1,Josh Allen (BUF),385,579,66.5,"4,306",7.4,29,18,24,111,524,15,4,17,410.9,24.2,99.80%
2023,2,Jalen Hurts (PHI),352,538,65.4,"3,858",7.2,23,15,36,157,605,15,5,17,371.9,21.9,97.20%
2023,3,Dak Prescott (DAL),410,590,69.5,"4,516",7.7,36,9,39,55,242,2,2,17,352,20.7,92.10%
2023,4,Lamar Jackson (BAL),307,457,67.2,"3,678",8,24,7,37,148,821,5,6,16,338.2,21.1,99.20%
2023,5,Jordan Love (GB),372,579,64.2,"4,159",7.2,32,11,30,50,247,4,3,17,330.1,19.4,53.80%
2023,6,Brock Purdy (SF),308,444,69.4,"4,280",9.6,31,11,28,39,144,2,2,16,306.6,19.2,85.60%
2023,7,Jared Goff (DET),407,605,67.3,"4,575",7.6,30,12,30,32,21,2,4,17,300.9,17.7,74.90%
2023,8,Patrick Mahomes II (KC),401,597,67.2,"4,183",7,27,14,27,75,389,0,3,16,294.1,18.4,87.20%
2023,9,Tua Tagovailoa (MIA),388,560,69.3,"4,624",8.3,29,14,29,35,74,0,5,17,284.4,16.7,13.10%
2023,10,Baker Mayfield (TB),364,566,64.3,"4,044",7.1,28,10,40,62,163,1,3,17,284,16.7,58.20%
2023,11,C.J. Stroud (HOU),319,499,63.9,"4,108",8.2,23,5,38,39,167,3,4,15,280.1,18.7,31.80%
2023,12,Sam Howell (WAS),388,612,63.4,"3,946",6.4,21,21,65,48,263,5,2,17,277.6,16.3,0.60%
2023,13,Trevor Lawrence (JAC),370,564,65.6,"4,016",7.1,21,14,35,70,339,4,7,16,276.6,17.3,88.60%
2023,14,Russell Wilson (DEN),297,447,66.4,"3,070",6.9,26,8,45,80,341,3,5,15,264.9,17.7,0.60%
2023,15,Matthew Stafford (LAR),326,521,62.6,"3,965",7.6,24,11,30,21,65,0,0,15,254.3,17,90.90%
2023,16,Derek Carr (NO),375,548,68.4,"3,878",7.1,25,8,31,32,40,0,3,17,249.1,14.7,0.70%
2022,1,Patrick Mahomes II (KC),435,648,67.1,"5,250",8.1,41,12,26,61,358,4,0,17,428.4,25.2,87.20%
2022,2,Josh Allen (BUF),362,573,63.2,"4,316",7.5,35,14,33,126,776,7,5,17,412.4,24.3,99.80%
2022,3,Jalen Hurts (PHI),306,460,66.5,"3,701",8,22,6,38,165,760,13,2,15,384.1,25.6,97.20%
2022,4,Joe Burrow (CIN),418,610,68.5,"4,527",7.4,36,12,41,76,259,5,3,17,369,21.7,97.80%
2022,5,Geno Smith (SEA),399,572,69.8,"4,282",7.5,30,11,46,68,366,1,4,17,314.9,18.5,10.10%
2022,6,Justin Fields (CHI),192,318,60.4,"2,242",7.1,17,11,55,160,"1,143",8,2,15,307,20.5,3.70%
2022,7,Kirk Cousins (MIN),424,643,65.9,"4,547",7.1,29,14,46,31,97,2,3,17,305.6,18,7.10%
2022,8,Trevor Lawrence (JAC),387,584,66.3,"4,113",7,25,8,27,62,291,5,9,17,303.7,17.9,88.60%
2022,9,Daniel Jones (NYG),317,472,67.2,"3,205",6.8,15,5,44,120,708,7,3,16,293.9,18.4,33.30%
2022,10,Jared Goff (DET),382,587,65.1,"4,438",7.6,29,7,23,29,73,0,4,17,290.3,17.1,74.90%
2022,11,Justin Herbert (LAC),477,699,68.2,"4,739",6.8,25,10,38,54,147,0,3,17,289.3,17,91.20%
2022,12,Tom Brady (TB),490,733,66.8,"4,694",6.4,25,9,22,29,-1,1,4,17,280.5,16.5,3.40%
2022,13,Aaron Rodgers (GB),350,542,64.6,"3,695",6.8,26,12,32,34,94,1,4,17,251.3,14.8,13.70%
2022,14,Lamar Jackson (BAL),203,326,62.3,"2,242",6.9,17,7,26,112,764,3,2,12,243.1,20.3,99.20%
2022,15,Tua Tagovailoa (MIA),259,400,64.8,"3,548",8.9,25,8,21,24,70,0,1,13,239,18.4,13.10%
2022,16,Russell Wilson (DEN),292,483,60.5,"3,524",7.3,16,11,55,55,277,3,2,15,236,15.7,0.60%
2021,1,Josh Allen (BUF),409,646,63.3,"4,407",6.8,36,15,26,122,763,6,3,17,417.7,24.6,99.80%
2021,2,Justin Herbert (LAC),443,672,65.9,"5,014",7.5,38,15,31,63,302,3,1,17,395.6,23.3,91.20%
2021,3,Tom Brady (TB),485,719,67.5,"5,316",7.4,43,12,22,28,81,2,3,17,386.7,22.7,3.40%
2021,4,Patrick Mahomes II (KC),436,658,66.3,"4,839",7.4,37,13,28,66,381,2,4,17,374.6,22,87.20%
2021,5,Matthew Stafford (LAR),404,601,67.2,"4,886",8.1,41,17,30,32,43,0,2,17,346.8,20.4,90.90%
2021,6,Aaron Rodgers (GB),366,531,68.9,"4,115",7.7,37,4,30,33,101,3,0,16,336.3,21,13.70%
2021,7,Dak Prescott (DAL),410,596,68.8,"4,449",7.5,37,10,30,48,146,1,6,16,330.4,20.7,92.10%
2021,8,Joe Burrow (CIN),366,520,70.4,"4,611",8.9,34,14,51,40,118,2,2,16,328.1,20.5,97.80%
2021,9,Jalen Hurts (PHI),265,432,61.3,"3,144",7.3,16,9,26,139,784,10,2,15,321.2,21.4,97.20%
2021,10,Kyler Murray (ARI),333,481,69.2,"3,787",7.9,24,10,31,88,416,5,0,14,309.8,22.1,66.00%
2021,11,Kirk Cousins (MIN),372,561,66.3,"4,221",7.5,33,7,28,29,115,1,2,16,307.3,19.2,7.10%
2021,12,Ryan Tannehill (TEN),357,531,67.2,"3,734",7,21,14,47,55,270,7,4,17,282.3,16.6,0.60%
2021,13,Derek Carr (LV),428,626,68.4,"4,804",7.7,23,14,40,40,108,0,5,17,270.6,15.9,0.70%
2021,14,Carson Wentz (IND),322,516,62.4,"3,563",6.9,27,7,32,57,215,1,5,17,264.9,15.6,0.80%
2021,15,Lamar Jackson (BAL),246,382,64.4,"2,882",7.5,16,13,38,133,767,2,3,12,253,21.1,99.20%
2021,16,Russell Wilson (SEA),259,400,64.8,"3,113",7.8,25,6,33,43,183,2,1,14,248.7,17.8,0.60%
2020,1,Josh Allen (BUF),396,572,69.2,"4,544",7.9,37,10,26,102,421,8,6,16,405.2,25.3,99.80%
2020,2,Kyler Murray (ARI),375,558,67.2,"3,971",7.1,26,12,27,133,819,11,4,16,390.7,24.4,66.00%
2020,3,Aaron Rodgers (GB),372,526,70.7,"4,299",8.2,48,5,20,38,149,3,2,16,387.1,24.2,13.70%
2020,4,Patrick Mahomes II (KC),390,588,66.3,"4,740",8.1,38,6,22,62,308,2,2,15,380.3,25.4,87.20%
2020,5,Deshaun Watson (HOU),382,544,70.2,"4,823",8.9,33,7,49,90,444,3,3,16,376.4,23.5,9.50%
2020,6,Russell Wilson (SEA),384,558,68.8,"4,212",7.5,40,13,47,83,513,2,4,16,372.6,23.3,0.60%
2020,7,Ryan Tannehill (TEN),315,481,65.5,"3,819",7.9,33,7,24,43,266,7,1,16,350.3,21.9,0.60%
2020,8,Tom Brady (TB),401,610,65.7,"4,633",7.6,40,12,21,30,6,3,1,16,350,21.9,3.40%
2020,9,Justin Herbert (LAC),396,595,66.6,"4,336",7.3,31,10,32,55,234,5,1,15,342.8,22.9,91.20%
2020,10,Lamar Jackson (BAL),242,376,64.4,"2,757",7.3,26,9,29,159,"1,005",7,4,15,341.7,22.8,99.20%
2020,11,Kirk Cousins (MIN),349,516,67.6,"4,265",8.3,35,13,39,32,156,1,5,16,319.2,20,7.10%
2020,12,Matt Ryan (ATL),407,626,65,"4,581",7.3,26,11,41,29,92,2,3,16,293.3,18.3,0.10%
2020,13,Derek Carr (LV),348,517,67.3,"4,103",7.9,27,9,26,39,140,3,8,16,281,17.6,0.70%
2020,14,Ben Roethlisberger (PIT),399,608,65.6,"3,803",6.3,33,10,13,25,11,0,1,15,277.2,18.5,9.40%
2020,15,Matthew Stafford (DET),339,528,64.2,"4,084",7.7,26,10,38,29,112,0,1,16,270.5,16.9,90.90%
2020,16,Cam Newton (NE),242,368,65.8,"2,657",7.2,8,10,31,137,592,12,1,15,269.3,18,6.50%
2019,1,Lamar Jackson (BAL),265,401,66.1,"3,127",7.8,36,6,23,176,"1,206",7,2,15,421.7,28.1,99.20%
2019,2,Dak Prescott (DAL),388,596,65.1,"4,902",8.2,30,11,23,52,277,3,2,16,348.9,21.8,92.10%
2019,3,Jameis Winston (TB),380,626,60.7,"5,109",8.2,33,30,47,59,250,1,5,16,335.2,21,2.50%
2019,4,Russell Wilson (SEA),341,516,66.1,"4,110",8,31,5,48,75,342,3,2,16,333.5,20.8,0.60%
2019,5,Deshaun Watson (HOU),333,495,67.3,"3,852",7.8,26,12,44,82,413,7,3,15,332,22.1,9.50%
2019,6,Josh Allen (BUF),271,461,58.8,"3,089",6.7,20,9,38,109,510,9,4,16,297.5,18.6,99.80%
2019,7,Kyler Murray (ARI),349,542,64.4,"3,722",6.9,20,12,48,93,544,4,2,16,297.3,18.6,66.00%
2019,8,Patrick Mahomes II (KC),319,484,65.9,"4,031",8.3,26,5,17,43,218,2,2,14,291.9,20.9,87.20%
2019,9,Carson Wentz (PHI),388,607,63.9,"4,039",6.7,27,7,37,62,243,1,7,16,282.9,17.7,0.80%
2019,10,Aaron Rodgers (GB),353,569,62,"4,002",7,26,4,36,46,183,1,4,16,282.3,17.6,13.70%
2019,11,Matt Ryan (ATL),408,616,66.2,"4,466",7.3,26,14,48,34,147,1,5,15,281.4,18.8,0.10%
2019,12,Tom Brady (NE),373,613,60.8,"4,057",6.6,24,8,27,26,34,3,1,16,271.6,17,3.40%
2019,13,Jared Goff (LAR),394,626,62.9,"4,638",7.4,22,16,22,33,40,2,5,16,263.5,16.5,74.90%
2019,14,Jimmy Garoppolo (SF),329,476,69.1,"3,978",8.4,27,13,36,46,62,1,5,16,260.2,16.3,0.80%
2019,15,Philip Rivers (LAC),390,591,66,"4,615",7.8,23,20,34,12,29,0,3,16,255.5,16,2.80%
2019,16,Ryan Fitzpatrick (MIA),311,502,62,"3,529",7,20,13,40,54,243,4,2,15,254.7,17,1.00%
2018,1,Patrick Mahomes II (KC),383,580,66,"5,097",8.8,50,12,26,60,272,2,2,16,417,26.1,87.20%
2018,2,Matt Ryan (ATL),422,608,69.4,"4,924",8.1,35,7,42,33,125,3,5,16,354,22.1,0.10%
2018,3,Ben Roethlisberger (PIT),452,675,67,"5,129",7.6,34,16,24,31,98,3,2,16,341,21.3,9.40%
2018,4,Deshaun Watson (HOU),345,505,68.3,"4,165",8.2,26,9,62,99,551,5,3,16,331.9,20.7,9.50%
2018,5,Andrew Luck (IND),430,639,67.3,"4,593",7.2,39,15,18,46,148,0,1,16,327.1,20.4,2.20%
2018,6,Aaron Rodgers (GB),372,597,62.3,"4,442",7.4,25,2,49,43,269,2,3,16,312.5,19.5,13.70%
2018,7,Jared Goff (LAR),364,561,64.9,"4,688",8.4,32,12,33,43,108,2,5,16,310.3,19.4,74.90%
2018,8,Drew Brees (NO),364,489,74.4,"3,992",8.2,32,5,17,31,22,4,1,15,303.8,20.3,24.10%
2018,9,Russell Wilson (SEA),280,427,65.6,"3,448",8.1,35,7,51,67,376,0,2,16,298.4,18.7,0.60%
2018,10,Dak Prescott (DAL),356,526,67.7,"3,885",7.4,22,8,56,75,305,6,6,16,285.8,17.9,92.10%
2018,11,Philip Rivers (LAC),347,508,68.3,"4,308",8.5,32,12,32,18,7,0,1,16,284.9,17.8,2.80%
2018,12,Cam Newton (CAR),320,471,67.9,"3,395",7.2,24,13,29,101,488,4,0,14,282.6,20.2,6.50%
2018,13,Kirk Cousins (MIN),425,606,70.1,"4,298",7.1,30,10,40,44,123,1,7,16,282.1,17.6,7.10%
2018,14,Tom Brady (NE),375,570,65.8,"4,355",7.6,29,11,21,23,35,2,2,16,280.4,17.5,3.40%
2018,15,Mitchell Trubisky (CHI),289,434,66.6,"3,223",7.4,24,12,24,68,421,3,3,14,262.9,18.8,0.60%
2018,16,Eli Manning (NYG),380,576,66,"4,299",7.5,21,11,47,15,20,1,4,16,240,15,2.30%
2018,16,Baker Mayfield (CLE),310,486,63.8,"3,725",7.7,27,14,25,39,131,0,3,14,240,17.1,58.20%
2017,1,Russell Wilson (SEA),339,553,61.3,"3,983",7.2,34,11,43,95,586,3,3,16,347.8,21.7,0.60%
2017,2,Cam Newton (CAR),291,492,59.1,"3,302",6.7,22,16,35,139,754,6,1,16,299.5,18.7,6.50%
2017,3,Tom Brady (NE),385,581,66.3,"4,577",7.9,32,8,35,25,28,0,3,16,295.9,18.5,3.40%
2017,4,Alex Smith (KC),341,505,67.5,"4,042",8,26,5,35,60,355,1,1,15,295.1,19.7,5.00%
2017,5,Carson Wentz (PHI),265,440,60.2,"3,296",7.5,33,7,28,64,299,0,3,13,281.7,21.7,0.80%
2017,6,Kirk Cousins (WAS),347,540,64.3,"4,093",7.6,27,13,41,49,179,4,5,16,277.6,17.4,7.10%
2017,7,Matthew Stafford (DET),371,565,65.7,"4,446",7.9,29,10,47,29,98,0,7,16,273.8,17.1,90.90%
2017,8,Philip Rivers (LAC),360,575,62.6,"4,515",7.9,28,10,18,18,-2,0,1,16,270.5,16.9,2.80%
2017,9,Drew Brees (NO),386,536,72,"4,334",8.1,23,8,20,33,12,2,0,16,262.4,16.4,24.10%
2017,10,Dak Prescott (DAL),308,490,62.9,"3,324",6.8,22,13,32,57,357,6,3,16,260.7,16.3,92.10%
2017,11,Ben Roethlisberger (PIT),360,561,64.2,"4,251",7.6,28,14,21,28,47,0,1,15,260.6,17.4,9.40%
2017,12,Jared Goff (LAR),296,477,62.1,"3,804",8,28,7,25,28,51,1,3,15,255.3,17,74.90%
2017,13,Blake Bortles (JAC),315,523,60.2,"3,687",7,21,13,24,57,322,2,3,16,249.7,15.6,0.00%
2017,14,Case Keenum (MIN),325,481,67.6,"3,547",7.4,22,7,22,40,160,1,1,15,238.1,15.9,0.60%
2017,15,Matt Ryan (ATL),342,529,64.7,"4,095",7.7,20,12,24,32,143,0,3,16,228.1,14.3,0.10%
2017,16,Tyrod Taylor (BUF),263,420,62.6,"2,799",6.7,14,4,46,84,427,4,2,15,222.6,14.8,0.60%
2016,1,Aaron Rodgers (GB),401,610,65.7,"4,428",7.3,40,7,35,67,369,4,4,16,380,23.8,13.70%
2016,2,Matt Ryan (ATL),373,534,69.9,"4,944",9.3,38,7,37,35,117,0,2,16,347.5,21.7,0.10%
2016,3,Drew Brees (NO),471,673,70,"5,208",7.7,37,15,27,23,20,2,4,16,332.3,20.8,24.10%
2016,4,Andrew Luck (IND),346,545,63.5,"4,240",7.8,31,13,41,64,341,2,5,15,307.6,20.5,2.20%
2016,5,Kirk Cousins (WAS),406,606,67,"4,917",8.1,25,12,23,34,96,4,3,16,300.3,18.8,7.10%
2016,6,Dak Prescott (DAL),311,459,67.8,"3,667",8,23,4,25,57,282,6,4,16,287.1,17.9,92.10%
2016,7,Matthew Stafford (DET),388,594,65.3,"4,327",7.3,24,10,37,37,207,2,2,16,279.7,17.5,90.90%
2016,8,Tyrod Taylor (BUF),269,436,61.7,"3,023",6.9,17,6,42,95,580,6,2,15,270.9,18.1,0.60%
2016,9,Blake Bortles (JAC),368,625,58.9,"3,905",6.2,23,16,34,58,359,3,6,16,270.1,16.9,0.00%
2016,10,Derek Carr (OAK),357,560,63.7,"3,937",7,28,6,16,39,70,0,3,15,268.7,17.9,0.70%
2016,11,Russell Wilson (SEA),353,546,64.7,"4,219",7.7,21,11,41,72,259,1,2,16,268.1,16.8,0.60%
2016,12,Andy Dalton (CIN),364,563,64.7,"4,206",7.5,18,8,41,46,184,4,3,16,260.6,16.3,0.60%
2016,13,Marcus Mariota (TEN),276,451,61.2,"3,426",7.6,26,9,23,60,349,2,5,15,259.9,17.3,2.30%
2016,14,Philip Rivers (LAC),349,578,60.4,"4,386",7.6,33,21,36,14,35,0,5,16,258.8,16.2,2.80%
2016,15,Tom Brady (NE),291,432,67.4,"3,554",8.2,28,2,15,28,64,0,0,12,258.4,21.5,3.40%
2016,16,Jameis Winston (TB),345,567,60.8,"4,090",7.2,28,18,35,53,165,1,6,16,256.2,16,2.50%
2015,1,Cam Newton (CAR),296,495,59.8,"3,837",7.8,35,10,33,132,636,10,4,16,389.1,24.3,6.50%
2015,2,Tom Brady (NE),402,624,64.4,"4,770",7.6,36,7,38,34,53,3,2,16,343.7,21.5,3.40%
2015,3,Russell Wilson (SEA),329,483,68.1,"4,024",8.3,34,8,45,103,553,1,3,16,336.3,21,0.60%
2015,4,Blake Bortles (JAC),355,606,58.6,"4,428",7.3,35,18,51,52,310,2,5,16,316.1,19.8,0.00%
2015,5,Carson Palmer (ARI),342,537,63.7,"4,671",8.7,35,11,25,25,24,1,2,16,309.2,19.3,5.60%
2015,6,Drew Brees (NO),428,627,68.3,"4,870",7.8,32,11,31,24,14,1,2,15,304.3,20.3,24.10%
2015,7,Aaron Rodgers (GB),347,572,60.7,"3,821",6.7,31,8,46,58,344,1,4,16,301.3,18.8,13.70%
2015,8,Kirk Cousins (WAS),379,543,69.8,"4,166",7.7,29,11,26,26,48,5,3,16,293.5,18.3,7.10%
2015,9,Matthew Stafford (DET),398,592,67.2,"4,262",7.2,32,13,44,44,159,1,2,16,289.7,18.1,90.90%
2015,10,Eli Manning (NYG),387,618,62.6,"4,432",7.2,35,14,27,20,61,0,4,16,287.5,18,2.30%
2015,11,Ryan Fitzpatrick (NYJ),335,562,59.6,"3,905",6.9,31,15,19,60,270,2,2,16,285.1,17.8,1.00%
2015,12,Philip Rivers (LAC),437,661,66.1,"4,792",7.2,29,13,40,17,28,0,2,16,284.2,17.8,2.80%
2015,13,Jameis Winston (TB),312,535,58.3,"4,042",7.6,22,15,27,54,213,6,2,16,275.1,17.2,2.50%
2015,14,Derek Carr (OAK),350,573,61.1,"3,987",7,32,13,31,33,138,0,3,16,271.3,17,0.70%
2015,15,Alex Smith (KC),307,470,65.3,"3,486",7.4,20,7,45,84,498,2,0,16,271,16.9,5.00%
2015,16,Tyrod Taylor (BUF),242,380,63.7,"3,035",8,20,6,36,104,568,4,1,14,270.6,19.3,0.60%
2014,1,Aaron Rodgers (GB),341,520,65.6,"4,381",8.4,38,5,28,43,269,2,2,16,354.1,22.1,13.70%
2014,2,Andrew Luck (IND),380,616,61.7,"4,761",7.7,40,16,27,64,273,3,6,16,351.9,22,2.20%
2014,3,Russell Wilson (SEA),285,452,63.1,"3,475",7.7,20,7,42,118,849,6,0,16,327.5,20.5,0.60%
2014,4,Peyton Manning (DEN),395,597,66.2,"4,727",7.9,39,15,17,24,-24,0,2,16,312.7,19.5,0.00%
2014,5,Ben Roethlisberger (PIT),408,608,67.1,"4,952",8.1,32,9,33,33,27,0,5,16,306.2,19.1,9.40%
2014,6,Drew Brees (NO),456,659,69.2,"4,952",7.5,33,17,29,27,68,1,3,16,302.9,18.9,24.10%
2014,7,Matt Ryan (ATL),415,628,66.1,"4,694",7.5,28,14,31,29,145,0,2,16,284,17.8,0.10%
2014,8,Ryan Tannehill (MIA),392,590,66.4,"4,045",6.9,27,12,46,56,311,1,2,16,278.4,17.4,0.60%
2014,9,Tom Brady (NE),373,582,64.1,"4,109",7.1,33,9,21,36,57,0,3,16,278.3,17.4,3.40%
2014,10,Eli Manning (NYG),379,601,63.1,"4,410",7.3,30,14,28,12,31,1,4,16,269.5,16.8,2.30%
2014,11,Tony Romo (DAL),304,435,69.9,"3,705",8.5,34,9,29,26,61,0,3,15,266.4,17.8,0.10%
2014,12,Philip Rivers (LAC),379,570,66.5,"4,286",7.5,31,18,36,37,102,0,2,16,265.5,16.6,2.80%
2014,13,Joe Flacco (BAL),344,554,62.1,"3,986",7.2,27,12,19,39,70,2,0,16,262.4,16.4,2.10%
2014,14,Jay Cutler (CHI),370,561,66,"3,812",6.8,28,18,38,39,191,2,6,15,255.6,17,0.20%
2014,15,Matthew Stafford (DET),363,602,60.3,"4,257",7.1,22,12,45,43,93,2,3,16,251.4,15.7,90.90%
2014,16,Colin Kaepernick (SF),289,478,60.5,"3,369",7,19,10,52,104,639,1,5,16,250.5,15.7,0.10%
2013,1,Drew Brees (NO),422,670,63,"5,177",7.7,43,19,26,15,5,1,1,16,345.6,21.6,24.10%
2013,2,Aaron Rodgers (GB),371,552,67.2,"4,295",7.8,39,8,51,54,259,2,4,16,343.5,21.5,13.70%
2013,3,Tom Brady (NE),401,637,63,"4,827",7.6,34,8,27,23,32,4,0,16,340.2,21.3,3.40%
2013,4,Cam Newton (CAR),280,485,57.7,"3,869",8,19,12,36,127,741,8,3,16,323.3,20.2,6.50%
2013,5,Robert Griffin III (WAS),258,393,65.6,"3,200",8.1,20,5,30,120,815,7,2,15,317.4,21.2,1.00%
2013,6,Peyton Manning (DEN),400,583,68.6,"4,659",8,37,11,21,23,6,0,2,16,311,19.4,0.00%
2013,7,Matt Ryan (ATL),422,615,68.6,"4,719",7.7,32,14,28,34,141,1,2,16,305,19.1,0.10%
2013,8,Tony Romo (DAL),425,648,65.6,"4,903",7.6,28,19,36,30,49,1,3,16,278.7,17.4,0.10%
2013,9,Andrew Luck (IND),339,627,54.1,"4,374",7,23,18,41,62,255,5,5,16,276.4,17.3,2.20%
2013,10,Matthew Stafford (DET),435,727,59.8,"4,967",6.8,20,17,29,35,126,4,4,16,275.5,17.2,90.90%
2013,11,Russell Wilson (SEA),252,393,64.1,"3,118",7.9,26,10,33,94,489,4,3,16,275.4,17.2,0.60%
2013,12,Andy Dalton (CIN),329,528,62.3,"3,669",6.9,27,16,46,47,120,4,4,16,250.7,15.7,0.60%
2013,13,Josh Freeman (TB),306,558,54.8,"4,065",7.3,27,17,26,39,139,0,2,16,248.6,15.5,0.20%
2013,14,Joe Flacco (BAL),317,531,59.7,"3,817",7.2,22,10,35,32,22,3,4,16,235.1,14.7,2.10%
2013,15,Eli Manning (NYG),321,536,59.9,"3,948",7.4,26,15,19,20,30,0,1,16,233,14.6,2.30%
2013,16,Sam Bradford (LAR),328,551,59.5,"3,702",6.7,21,13,35,36,124,1,1,16,230.4,14.4,0.00%
2012,1,Drew Brees (NO),422,670,63,"5,177",7.7,43,19,26,15,5,1,1,16,345.6,21.6,24.10%
2012,2,Aaron Rodgers (GB),371,552,67.2,"4,295",7.8,39,8,51,54,259,2,4,16,343.5,21.5,13.70%
2012,3,Tom Brady (NE),401,637,63,"4,827",7.6,34,8,27,23,32,4,0,16,340.2,21.3,3.40%
2012,4,Cam Newton (CAR),280,485,57.7,"3,869",8,19,12,36,127,741,8,3,16,323.3,20.2,6.50%
2012,5,Robert Griffin III (WAS),258,393,65.6,"3,200",8.1,20,5,30,120,815,7,2,15,317.4,21.2,1.00%
2012,6,Peyton Manning (DEN),400,583,68.6,"4,659",8,37,11,21,23,6,0,2,16,311,19.4,0.00%
2012,7,Matt Ryan (ATL),422,615,68.6,"4,719",7.7,32,14,28,34,141,1,2,16,305,19.1,0.10%
2012,8,Tony Romo (DAL),425,648,65.6,"4,903",7.6,28,19,36,30,49,1,3,16,278.7,17.4,0.10%
2012,9,Andrew Luck (IND),339,627,54.1,"4,374",7,23,18,41,62,255,5,5,16,276.4,17.3,2.20%
2012,10,Matthew Stafford (DET),435,727,59.8,"4,967",6.8,20,17,29,35,126,4,4,16,275.5,17.2,90.90%
2012,11,Russell Wilson (SEA),252,393,64.1,"3,118",7.9,26,10,33,94,489,4,3,16,275.4,17.2,0.60%
2012,12,Andy Dalton (CIN),329,528,62.3,"3,669",6.9,27,16,46,47,120,4,4,16,250.7,15.7,0.60%
2012,13,Josh Freeman (TB),306,558,54.8,"4,065",7.3,27,17,26,39,139,0,2,16,248.6,15.5,0.20%
2012,14,Joe Flacco (BAL),317,531,59.7,"3,817",7.2,22,10,35,32,22,3,4,16,235.1,14.7,2.10%
2012,15,Eli Manning (NYG),321,536,59.9,"3,948",7.4,26,15,19,20,30,0,1,16,233,14.6,2.30%
2012,16,Sam Bradford (LAR),328,551,59.5,"3,702",6.7,21,13,35,36,124,1,1,16,230.4,14.4,0.00%
2011,1,Aaron Rodgers (GB),343,502,68.3,"4,643",9.2,45,6,36,60,257,3,0,15,397.4,26.5,13.70%
2011,2,Drew Brees (NO),468,657,71.2,"5,476",8.3,46,14,24,21,86,1,1,16,391.8,24.5,24.10%
2011,3,Cam Newton (CAR),310,517,60,"4,051",7.8,21,17,35,126,706,14,2,16,369.4,23.1,6.50%
2011,4,Tom Brady (NE),401,611,65.6,"5,235",8.6,39,12,32,43,109,3,2,16,366.4,22.9,3.40%
2011,5,Matthew Stafford (DET),421,663,63.5,"5,038",7.6,41,16,36,22,78,0,1,16,343.3,21.5,90.90%
2011,6,Eli Manning (NYG),359,589,61,"4,933",8.4,29,16,28,35,15,1,4,16,280.8,17.6,2.30%
2011,7,Tony Romo (DAL),346,522,66.3,"4,184",8,31,10,36,22,46,1,3,16,276,17.3,0.10%
2011,8,Matt Ryan (ATL),347,566,61.3,"4,177",7.4,29,12,26,37,84,2,3,16,273.4,17.1,0.10%
2011,9,Philip Rivers (LAC),366,582,62.9,"4,624",7.9,27,20,30,26,36,1,5,16,254.7,15.9,2.80%
2011,10,Mark Sanchez (NYJ),308,543,56.7,"3,474",6.4,26,18,39,37,103,6,8,16,237.2,14.8,0.10%
2011,11,Michael Vick (PHI),253,423,59.8,"3,303",7.8,18,14,23,76,589,1,4,13,233,17.9,0.10%
2011,12,Ryan Fitzpatrick (BUF),353,569,62,"3,832",6.7,24,23,22,56,215,0,2,16,222.8,13.9,1.00%
2011,13,Ben Roethlisberger (PIT),324,513,63.2,"4,077",7.9,21,14,40,31,70,0,5,15,215.9,14.4,9.40%
2011,14,Alex Smith (SF),273,445,61.3,"3,144",7.1,17,5,44,52,179,2,2,16,211.8,13.2,5.00%
2011,15,Andy Dalton (CIN),300,516,58.1,"3,398",6.6,20,13,24,37,152,1,2,16,207.3,13,0.60%
2011,16,Josh Freeman (TB),346,551,62.8,"3,592",6.5,16,22,29,55,238,4,5,15,205.2,13.7,0.20%
2010,1,Michael Vick (PHI),233,372,62.6,"3,018",8.1,21,6,34,100,676,9,3,12,310.3,25.9,0.10%
2010,2,Aaron Rodgers (GB),312,475,65.7,"3,922",8.3,28,11,31,64,356,4,1,15,304.4,20.3,13.70%
2010,3,Tom Brady (NE),324,492,65.9,"3,900",7.9,36,4,25,31,30,1,1,16,299,18.7,3.40%
2010,4,Peyton Manning (IND),450,679,66.3,"4,700",6.9,33,17,16,18,18,0,1,16,286,17.9,0.00%
2010,5,Philip Rivers (LAC),357,541,66,"4,710",8.7,30,13,38,29,52,0,4,16,281.4,17.6,2.80%
2010,6,Drew Brees (NO),448,658,68.1,"4,620",7,33,22,25,18,-3,0,2,16,269.2,16.8,24.10%
2010,7,Josh Freeman (TB),291,474,61.4,"3,451",7.3,25,6,28,68,364,0,3,16,258.4,16.2,0.20%
2010,8,Matt Ryan (ATL),357,571,62.5,"3,705",6.5,28,9,23,46,122,0,3,16,252.4,15.8,0.10%
2010,9,Matt Schaub (HOU),365,574,63.6,"4,370",7.6,24,12,32,22,28,0,3,16,245.6,15.4,0.00%
2010,10,Joe Flacco (BAL),306,489,62.6,"3,622",7.4,25,10,40,43,84,1,4,16,231.2,14.5,2.10%
2010,11,Eli Manning (NYG),339,539,62.9,"4,002",7.4,31,25,16,32,70,0,5,16,230.9,14.4,2.30%
2010,12,Matt Cassel (KC),262,450,58.2,"3,116",6.9,27,7,26,33,125,0,1,15,229,15.3,0.00%
2010,13,Carson Palmer (CIN),362,586,61.8,"3,970",6.8,26,20,26,32,50,0,3,16,223.9,14,5.60%
2010,14,David Garrard (JAC),236,366,64.5,"2,734",7.5,23,15,33,66,279,5,4,14,221.4,15.8,0.00%
2010,15,Jay Cutler (CHI),261,432,60.4,"3,274",7.6,23,16,52,50,232,1,6,15,210.2,14,0.20%
2010,16,Kyle Orton (DEN),293,498,58.8,"3,653",7.3,20,9,34,22,98,0,4,13,209.9,16.1,0.00%
2009,1,Aaron Rodgers (GB),350,541,64.7,"4,434",8.2,30,7,50,58,316,5,4,16,343,21.4,13.70%
2009,2,Drew Brees (NO),363,514,70.6,"4,388",8.5,34,11,20,22,33,2,6,15,292.3,19.5,24.10%
2009,3,Brett Favre (MIN),363,531,68.4,"4,202",7.9,33,7,34,9,7,0,2,16,282.6,17.7,0.00%
2009,4,Matt Schaub (HOU),396,583,67.9,"4,770",8.2,29,15,25,48,57,0,2,16,280.5,17.5,0.00%
2009,5,Peyton Manning (IND),393,571,68.8,"4,500",7.9,33,16,10,19,-13,0,0,16,278.8,17.4,0.00%
2009,6,Tony Romo (DAL),347,550,63.1,"4,483",8.2,26,9,34,35,105,1,4,16,273.7,17.1,0.10%
2009,7,Tom Brady (NE),371,565,65.7,"4,398",7.8,28,13,16,29,44,1,2,16,270.3,16.9,3.40%
2009,8,Philip Rivers (LAC),317,486,65.2,"4,254",8.8,28,9,25,26,50,1,3,16,269.3,16.8,2.80%
2009,9,Ben Roethlisberger (PIT),337,506,66.6,"4,328",8.6,26,12,50,40,82,2,3,15,267.2,17.8,9.40%
2009,10,Donovan McNabb (PHI),267,443,60.3,"3,553",8,22,10,35,37,140,2,3,14,234.3,16.7,0.00%
2009,11,Eli Manning (NYG),317,509,62.3,"4,021",7.9,27,14,30,17,65,0,8,16,231.1,14.4,2.30%
2009,12,Jay Cutler (CHI),336,555,60.5,"3,666",6.6,27,26,35,40,173,1,1,16,227.9,14.2,0.20%
2009,13,David Garrard (JAC),314,516,60.9,"3,597",7,15,10,42,77,323,3,8,16,220.3,13.8,0.00%
2009,14,Jason Campbell (WAS),327,507,64.5,"3,618",7.1,20,15,43,46,236,1,3,16,218.3,13.6,0.00%
2009,15,Kyle Orton (DEN),336,541,62.1,"3,802",7,21,12,29,24,71,0,2,16,215.1,13.4,0.00%
2009,16,Kurt Warner (ARI),339,513,66.1,"3,753",7.3,26,14,24,21,10,0,6,15,214.9,14.3,0.00%
2008,1,Drew Brees (NO),413,635,65,"5,069",8,34,17,13,22,-1,0,0,16,304.4,19,24.10%
2008,2,Aaron Rodgers (GB),341,536,63.6,"4,038",7.5,28,13,34,56,207,4,0,16,296.1,18.5,13.70%
2008,3,Philip Rivers (LAC),312,478,65.3,"4,009",8.4,34,11,25,31,84,0,0,16,286.8,17.9,2.80%
2008,4,Jay Cutler (DEN),384,616,62.3,"4,526",7.3,25,18,11,57,200,2,0,16,281.1,17.6,0.20%
2008,5,Kurt Warner (ARI),401,598,67.1,"4,583",7.7,30,14,26,18,-2,0,1,16,273,17.1,0.00%
2008,6,Peyton Manning (IND),371,555,66.8,"4,002",7.2,27,12,14,20,21,1,0,16,254.2,15.9,0.00%
2008,7,Donovan McNabb (PHI),345,571,60.4,"3,916",6.9,23,11,23,39,147,2,1,16,251.3,15.7,0.00%
2008,8,Matt Cassel (NE),327,516,63.4,"3,693",7.2,21,11,47,73,270,2,2,16,248.8,15.6,0.00%
2008,9,Tyler Thigpen (KC),230,420,54.8,"2,608",6.2,18,12,26,62,386,3,0,14,220.5,15.8,0.00%
2008,10,David Garrard (JAC),335,535,62.6,"3,620",6.8,15,13,42,73,322,2,1,16,220.4,13.8,0.00%
2008,11,Chad Pennington (MIA),321,476,67.4,"3,653",7.7,19,7,24,30,62,1,1,16,218.2,13.6,0.00%
2008,12,Tony Romo (DAL),276,450,61.3,"3,448",7.7,26,14,20,28,41,0,0,13,217.9,16.8,0.10%
2008,13,Eli Manning (NYG),289,479,60.3,"3,238",6.8,21,10,27,20,10,1,0,16,202.4,12.7,2.30%
2008,14,Jason Campbell (WAS),315,506,62.3,"3,245",6.4,13,6,38,47,258,1,0,16,201.4,12.6,0.00%
2008,15,Matt Ryan (ATL),265,434,61.1,"3,440",7.9,16,11,17,55,104,1,0,16,198,12.4,0.10%
2008,16,Brett Favre (NYJ),343,522,65.7,"3,472",6.7,22,22,30,21,43,1,0,16,195.5,12.2,0.00%
2007,1,Tom Brady (NE),398,578,68.9,"4,806",8.3,50,8,21,37,98,2,0,16,398,24.9,3.40%
2007,2,Tony Romo (DAL),335,520,64.4,"4,211",8.1,36,19,24,31,129,2,0,16,299.6,18.7,0.10%
2007,3,Peyton Manning (IND),337,515,65.4,"4,040",7.8,31,14,21,20,-5,3,0,16,277,17.3,0.00%
2007,4,Ben Roethlisberger (PIT),264,404,65.3,"3,154",7.8,32,11,47,35,204,2,0,15,266.6,17.8,9.40%
2007,5,Drew Brees (NO),440,652,67.5,"4,423",6.8,28,18,16,23,52,1,0,16,265.2,16.6,24.10%
2007,6,Derek Anderson (CLE),298,527,56.5,"3,787",7.2,29,19,14,32,70,3,0,16,256.6,16,0.00%
2007,7,Matt Hasselbeck (SEA),352,562,62.6,"3,966",7.1,28,12,33,39,89,0,1,16,253.6,15.9,0.00%
2007,8,Brett Favre (GB),356,535,66.5,"4,155",7.8,28,15,15,29,12,0,0,16,249.2,15.6,0.00%
2007,9,Carson Palmer (CIN),373,575,64.9,"4,131",7.2,26,20,17,24,10,0,0,16,230.2,14.4,5.60%
2007,10,Jay Cutler (DEN),297,467,63.6,"3,497",7.5,20,14,27,44,205,1,0,16,218.6,13.7,0.20%
2007,11,Donovan McNabb (PHI),291,473,61.5,"3,324",7,19,7,44,50,236,0,1,14,216.5,15.5,0.00%
2007,12,Kurt Warner (ARI),281,451,62.3,"3,417",7.6,27,17,20,17,15,1,1,14,216.3,15.5,0.00%
2007,13,Jon Kitna (DET),355,561,63.3,"4,068",7.3,18,20,51,25,63,0,0,16,201.9,12.6,0.00%
2007,14,Eli Manning (NYG),297,529,56.1,"3,336",6.3,23,20,27,29,69,1,0,16,198.2,12.4,2.30%
2007,15,David Garrard (JAC),208,325,64,"2,509",7.7,18,3,21,49,185,1,0,12,193,16.1,0.00%
2007,16,Philip Rivers (LAC),277,460,60.2,"3,152",6.9,21,15,22,29,33,1,1,16,187.5,11.7,2.80%
2006,1,Peyton Manning (IND),362,557,65,"4,397",7.9,31,9,14,23,36,4,0,16,311.4,19.5,0.00%
2006,2,Michael Vick (ATL),204,388,52.6,"2,474",6.4,20,13,45,123,"1,039",2,0,16,269.1,16.8,0.10%
2006,3,Drew Brees (NO),356,554,64.3,"4,418",8,26,11,18,42,32,0,0,16,265.9,16.6,24.10%
2006,4,Marc Bulger (LAR),370,588,62.9,"4,301",7.3,24,8,49,18,44,0,0,16,258.5,16.2,0.00%
2006,5,Carson Palmer (CIN),324,520,62.3,"4,035",7.8,28,13,36,26,37,0,0,16,251.1,15.7,5.60%
2006,6,Jon Kitna (DET),372,596,62.4,"4,208",7.1,21,22,63,34,156,2,0,16,236,14.8,0.00%
2006,7,Tom Brady (NE),319,516,61.8,"3,529",6.8,24,12,26,49,102,0,0,16,227.4,14.2,3.40%
2006,8,Philip Rivers (LAC),284,460,61.7,"3,388",7.4,22,9,27,48,49,0,0,16,212.3,13.3,2.80%
2006,9,Vince Young (TEN),184,357,51.5,"2,199",6.2,12,13,25,83,552,7,0,15,209,13.9,0.00%
2006,10,Donovan McNabb (PHI),180,316,57,"2,647",8.4,18,6,21,32,212,3,0,10,205.1,20.5,0.00%
2006,11,Brett Favre (GB),343,613,56,"3,885",6.3,18,18,21,23,29,1,0,16,200.3,12.5,0.00%
2006,12,Eli Manning (NYG),301,522,57.7,"3,244",6.2,24,18,25,25,21,0,0,16,191.9,12,2.30%
2006,13,J.P. Losman (BUF),268,429,62.5,"3,051",7.1,19,14,47,38,140,1,0,16,190.2,11.9,0.00%
2006,14,Ben Roethlisberger (PIT),280,469,59.7,"3,513",7.5,18,23,46,32,98,2,0,15,188.2,12.5,9.40%
2006,15,Chad Pennington (NYJ),313,485,64.5,"3,352",6.9,17,16,30,35,109,0,0,16,181.7,11.4,0.00%
2006,16,Tony Romo (DAL),220,337,65.3,"2,903",8.6,19,13,21,34,102,0,0,15,180.3,12,0.10%
2005,1,Carson Palmer (CIN),345,509,67.8,"3,836",7.5,32,12,19,34,41,1,0,16,269.7,16.9,5.60%
2005,2,Tom Brady (NE),334,530,63,"4,110",7.8,26,14,26,27,89,1,0,16,255.4,16,3.40%
2005,3,Peyton Manning (IND),305,453,67.3,"3,747",8.3,28,10,17,33,45,0,0,16,246.4,15.4,0.00%
2005,4,Matt Hasselbeck (SEA),294,449,65.5,"3,459",7.7,24,9,24,36,124,1,0,16,234.6,14.7,0.00%
2005,5,Eli Manning (NYG),294,557,52.8,"3,762",6.8,24,17,28,29,80,1,1,16,226.5,14.2,2.30%
2005,6,Michael Vick (ATL),214,387,55.3,"2,412",6.2,15,13,33,102,597,6,1,15,224.6,15,0.10%
2005,7,Jake Plummer (DEN),277,456,60.7,"3,366",7.4,18,7,22,46,151,2,0,16,221.7,13.9,0.00%
2005,8,Drew Brees (LAC),323,500,64.6,"3,576",7.2,24,15,27,21,49,1,0,16,220.1,13.8,24.10%
2005,9,Trent Green (KC),317,507,62.5,"4,014",7.9,17,10,32,35,82,0,0,16,218.7,13.7,0.00%
2005,10,Drew Bledsoe (DAL),300,499,60.1,"3,639",7.3,23,17,49,34,50,2,2,16,218.5,13.7,0.00%
2005,11,Kerry Collins (OAK),302,565,53.5,"3,759",6.7,20,12,39,17,39,1,0,15,216.1,14.4,0.00%
2005,12,Jake Delhomme (CAR),262,435,60.2,"3,421",7.9,24,16,28,24,31,1,0,16,209.8,13.1,0.00%
2005,13,Mark Brunell (WAS),262,454,57.7,"3,050",6.7,23,10,27,42,111,0,0,16,207,12.9,0.00%
2005,14,Steve McNair (TEN),292,476,61.3,"3,161",6.6,16,11,20,32,139,1,0,14,188.4,13.5,0.00%
2005,15,Brett Favre (GB),372,607,61.3,"3,881",6.4,20,29,24,18,62,0,1,16,185.6,11.6,0.00%
2005,16,Aaron Brooks (NO),240,431,55.7,"2,882",6.7,13,17,33,45,281,2,0,13,173.4,13.3,0.00%
2004,1,Daunte Culpepper (MIN),379,548,69.2,"4,717",8.6,39,11,46,88,406,2,4,16,373.3,23.3,0.00%
2004,2,Peyton Manning (IND),336,497,67.6,"4,557",9.2,49,10,13,25,38,0,1,16,359.9,22.5,0.00%
2004,3,Donovan McNabb (PHI),300,469,64,"3,875",8.3,31,8,32,41,220,3,6,15,291.1,19.4,0.00%
2004,4,Trent Green (KC),369,556,66.4,"4,591",8.3,27,17,32,25,85,0,4,16,260.2,16.3,0.00%
2004,5,Jake Plummer (DEN),303,521,58.2,"4,089",7.8,27,20,15,62,202,1,1,16,255.8,16,0.00%
2004,6,Brett Favre (GB),346,540,64.1,"4,088",7.6,30,17,12,16,36,0,1,16,255,15.9,0.00%
2004,7,Jake Delhomme (CAR),310,533,58.2,"3,886",7.3,29,15,33,25,71,1,4,16,250.6,15.7,0.00%
2004,8,Aaron Brooks (NO),309,542,57,"3,810",7,21,16,41,58,173,4,2,16,243.9,15.2,0.00%
2004,9,Drew Brees (LAC),262,400,65.5,"3,159",7.9,27,7,18,53,85,2,2,15,240.4,16,24.10%
2004,10,Marc Bulger (LAR),321,485,66.2,"3,964",8.2,21,14,41,19,89,3,4,14,235.5,16.8,0.00%
2004,11,Tom Brady (NE),288,474,60.8,"3,692",7.8,28,14,26,43,28,0,5,16,224.4,14,3.40%
2004,12,Michael Vick (ATL),181,321,56.4,"2,313",7.2,14,12,46,120,902,3,7,15,218.8,14.6,0.10%
2004,13,Matt Hasselbeck (SEA),279,474,58.9,"3,382",7.1,22,15,30,27,90,1,1,14,210.3,15,0.00%
2004,14,David Carr (HOU),285,466,61.2,"3,531",7.6,16,14,49,73,299,0,2,16,203.1,12.7,0.00%
2004,15,Byron Leftwich (JAC),267,441,60.5,"2,941",6.7,15,10,25,39,148,2,1,14,189.8,13.6,0.00%
2004,16,Joey Harrington (DET),274,489,56,"3,047",6.2,19,12,36,48,175,0,3,16,187.1,11.7,0.00%
2003,1,Daunte Culpepper (MIN),295,454,65,"3,479",7.7,25,11,37,73,422,4,6,14,273.4,19.5,0.00%
2003,2,Peyton Manning (IND),379,566,67,"4,267",7.5,29,10,18,28,26,0,1,16,268.9,16.8,0.00%
2003,3,Trent Green (KC),330,523,63.1,"4,039",7.7,24,12,20,26,83,2,1,16,252,15.8,0.00%
2003,4,Matt Hasselbeck (SEA),313,513,61,"3,841",7.5,26,15,42,36,125,2,1,16,250.1,15.6,0.00%
2003,5,Steve McNair (TEN),250,400,62.5,"3,215",8,24,7,19,38,138,4,6,14,240.7,17.2,0.00%
2003,6,Aaron Brooks (NO),306,518,59.1,"3,546",6.8,24,8,34,54,175,2,11,16,229.3,14.3,0.00%
2003,7,Jeff Garcia (SF),225,392,57.4,"2,704",6.9,18,13,21,56,319,7,3,13,224.7,17.3,0.00%
2003,8,Brett Favre (GB),308,471,65.4,"3,361",7.1,32,21,19,18,15,0,2,16,222,13.9,0.00%
2003,9,Jon Kitna (CIN),324,520,62.3,"3,591",6.9,26,15,37,38,113,0,4,16,221,13.8,0.00%
2003,10,Donovan McNabb (PHI),275,478,57.5,"3,216",6.7,16,11,43,71,355,3,3,16,217.4,13.6,0.00%
2003,11,Marc Bulger (LAR),336,532,63.2,"3,845",7.2,22,22,37,29,75,4,6,15,217.3,14.5,0.00%
2003,12,Brad Johnson (TB),354,570,62.1,"3,811",6.7,26,21,20,25,33,0,2,16,215.4,13.5,0.00%
2003,13,Tom Brady (NE),317,527,60.2,"3,620",6.9,23,12,32,42,63,1,5,16,215.1,13.4,3.40%
2003,14,Quincy Carter (DAL),292,505,57.8,"3,302",6.5,17,21,37,68,257,2,3,16,189.6,11.8,0.00%
2003,15,Tommy Maddox (PIT),298,519,57.4,"3,414",6.6,18,17,41,13,12,0,2,16,171.7,10.7,0.00%
2003,16,Jake Delhomme (CAR),266,449,59.2,"3,219",7.2,19,16,23,42,39,1,6,16,170.5,10.7,0.00%
2002,1,Rich Gannon (OAK),418,618,67.6,"4,689",7.6,26,10,36,50,156,3,3,16,303.3,19,0.00%
2002,2,Daunte Culpepper (MIN),333,549,60.7,"3,853",7,18,23,47,106,609,10,9,16,284.9,17.8,0.00%
2002,3,Michael Vick (ATL),231,421,54.9,"2,936",7,16,8,33,113,777,8,6,15,280.8,18.7,0.10%
2002,4,Peyton Manning (IND),392,591,66.3,"4,200",7.1,27,19,23,38,148,2,2,16,265.1,16.6,0.00%
2002,5,Aaron Brooks (NO),283,528,53.6,"3,572",6.8,27,15,36,62,253,2,5,16,256.3,16,0.00%
2002,6,Trent Green (KC),287,470,61.1,"3,690",7.9,26,13,26,31,225,1,0,16,256.1,16,0.00%
2002,7,Steve McNair (TEN),301,492,61.2,"3,387",6.9,22,15,21,82,440,3,2,16,253.5,15.8,0.00%
2002,8,Jeff Garcia (SF),328,528,62.1,"3,344",6.3,21,10,17,73,353,3,2,16,251.1,15.7,0.00%
2002,9,Drew Bledsoe (BUF),375,610,61.5,"4,359",7.1,24,15,54,27,67,2,4,16,251,15.7,0.00%
2002,10,Tom Brady (NE),373,601,62.1,"3,764",6.3,28,14,31,42,110,1,5,16,245.6,15.4,3.40%
2002,11,Donovan McNabb (PHI),211,361,58.4,"2,289",6.3,17,6,28,63,460,6,5,10,223.7,22.4,0.00%
2002,12,Brett Favre (GB),341,551,61.9,"3,658",6.6,27,16,26,25,73,0,4,16,221.7,13.9,0.00%
2002,13,Chad Pennington (NYJ),275,399,68.9,"3,120",7.8,22,6,22,29,49,2,1,15,217.8,14.5,0.00%
2002,14,Kerry Collins (NYG),335,545,61.5,"4,073",7.5,19,14,24,44,-3,0,1,16,210.6,13.2,0.00%
2002,15,Brad Johnson (TB),281,451,62.3,"3,049",6.8,22,6,21,13,30,0,2,13,200.9,15.5,0.00%
2002,16,Drew Brees (LAC),320,526,60.8,"3,284",6.2,17,16,24,38,130,1,0,16,188.5,11.8,24.10%