Season,Rank,Player,TACKLE,ASSIST,SACK,TFL,PD,INT,FF,FR,DEF TD,G,FPTS,FPTS/G,ROST
2025,1,Myles Garrett (CLE),43,17,23,33,1,0,3,0,0,17,265.5,15.6,86.10%
2025,2,Brian Burns (NYG),39,28,16.5,22,7,0,3,1,0,17,227.4,13.4,65.30%
2025,3,Maxx Crosby (LV),45,28,10,28,6,1,2,0,0,15,220.9,14.7,77.80%
2025,4,Will Anderson Jr. (HOU),35,19,12,20,3,0,3,2,1,17,195.5,11.5,66.40%
2025,5,Aidan Hutchinson (DET),36,18,14.5,14,3,1,4,1,0,17,190.3,11.2,71.70%
2025,6,Jeffery Simmons (TEN),39,28,11,17,3,0,3,0,0,15,183.1,12.2,66.30%
2025,7,Danielle Hunter (HOU),28,26,15,15,3,0,3,1,0,17,179.8,10.6,49.00%
2025,8,Byron Young (LAR),45,37,12,12,0,0,1,0,0,17,177.7,10.5,36.50%
2025,9,Tuli Tuipulotu (LAC),33,12,13,20,3,0,2,1,0,16,177.4,11.1,39.70%
2025,10,Montez Sweat (CHI),36,17,10,13,5,0,3,1,0,17,163.1,9.6,19.90%
2025,11,Nik Bonitto (DEN),31,15,14,14,1,0,2,0,0,17,158.7,9.3,45.10%
2025,12,Cameron Jordan (NO),32,15,10.5,15,2,0,2,1,0,17,154.1,9.1,4.60%
2025,13,Jared Verse (LAR),35,24,7.5,11,1,0,3,0,0,17,148,8.7,46.60%
2025,14,Dallas Turner (MIN),27,35,8,11,3,0,4,0,0,17,147.3,8.7,30.40%
2025,15,DeMarcus Lawrence (SEA),24,29,6,11,1,0,3,3,2,16,147.1,9.2,14.70%
2025,16,Jalen Redmond (MIN),33,29,6,12,5,0,1,2,0,17,145.2,8.5,12.30%
2025,17,Chase Young (NO),22,16,10,11,4,0,2,3,1,12,144.8,12.1,17.60%
2025,18,Laiatu Latu (IND),27,18,8.5,12,5,3,1,0,0,16,144.7,9,18.50%
2025,19,Josh Sweat (ARI),20,10,12,13,2,0,4,1,0,17,141.5,8.3,9.50%
2025,20,Cameron Heyward (PIT),38,40,3.5,9,6,0,1,0,0,17,137,8.1,17.00%
2025,21,Jordan Davis (PHI),34,38,4.5,9,6,0,0,0,0,17,135.4,8,10.60%
2025,22,Carl Granderson (NO),35,22,6,11,4,1,0,0,0,17,132,7.8,19.90%
2025,23,Jadeveon Clowney (DAL),24,17,8.5,12,4,0,1,2,0,13,131.1,10.1,2.40%
2025,24,Derrick Brown (CAR),33,40,5,5,7,0,1,0,0,17,127,7.5,18.40%
2025,25,Yaya Diaby (TB),29,21,7,13,1,0,1,0,0,17,125.6,7.4,11.60%
2025,26,Josh Hines-Allen (JAC),28,21,8,12,3,0,0,0,0,17,124.7,7.3,29.70%
2025,27,Leonard Williams (SEA),33,29,7,9,1,0,0,0,0,17,123.5,7.3,16.90%
2025,28,Kobie Turner (LAR),24,23,7,9,3,1,0,1,0,17,117.5,6.9,10.60%
2025,29,Jaelan Phillips (PHI),29,24,5,7,4,0,1,2,0,17,117.4,6.9,12.00%
2025,30,James Pearce Jr. (ATL),17,9,10.5,10,5,0,1,1,0,17,115,6.8,5.10%
2025,31,Quinnen Williams (DAL),26,27,2.5,10,1,1,3,0,0,15,113.3,7.6,21.80%
2025,32,K'Lavon Chaisson (NE),18,13,7.5,10,2,0,2,1,1,16,113.1,7.1,2.30%
2025,32,Jonathon Cooper (DEN),23,27,8,8,4,0,0,0,0,17,113.1,6.7,6.40%
2025,34,George Karlaftis III (KC),25,23,6,10,2,0,0,1,0,16,111.1,6.9,8.90%
2025,35,Zach Sieler (MIA),29,18,5.5,10,1,0,0,1,0,17,109.9,6.5,7.60%
2025,36,Byron Murphy II (SEA),22,40,7,7,0,0,0,0,0,17,108.9,6.4,8.80%
2025,37,Jonathan Allen (MIN),29,39,3.5,7,0,0,0,1,0,17,108.6,6.4,6.20%
2025,38,Myles Murphy (CIN),28,24,5.5,6,3,0,0,1,0,17,105.9,6.2,2.60%
2025,39,Travis Jones (BAL),20,27,5,9,2,0,1,1,0,16,104.2,6.5,2.30%
2025,40,Greg Rousseau (BUF),24,22,7,6,2,0,1,0,0,16,102.9,6.4,19.80%
2025,41,Tommy Togiai (HOU),27,32,1.5,6,4,0,0,1,1,15,101.9,6.8,4.50%
2025,42,Dre'Mont Jones (BAL),19,24,7,7,1,0,0,2,0,18,101.7,5.7,2.70%
2025,43,Calais Campbell (ARI),23,20,6.5,9,2,0,0,0,0,17,101.4,6,5.50%
2025,44,Abdul Carter (NYG),25,18,4,7,0,0,2,2,0,17,100.8,5.9,30.30%
2025,45,Joey Bosa (BUF),17,12,5,9,2,0,5,0,0,15,100.3,6.7,5.50%
2025,46,Jonah Laulu (LV),24,27,4,8,5,0,0,0,0,17,100.2,5.9,1.80%
2025,47,B.J. Hill (CIN),29,37,4,5,0,0,0,0,0,17,100.1,5.9,1.70%
2025,47,Will McDonald IV (NYJ),19,11,8,10,0,0,0,0,0,15,100.1,6.7,6.80%
2025,49,Keeanu Benton (PIT),25,26,5.5,6,1,0,1,0,0,17,99.9,5.9,1.70%
2025,50,Alex Wright (CLE),21,14,5.5,12,1,0,1,0,0,14,99.8,7.1,3.70%
2024,1,Trey Hendrickson (CIN),33,13,17.5,19,6,0,2,0,0,17,194.1,11.4,33.70%
2024,2,Myles Garrett (CLE),40,7,14,22,1,0,3,1,0,17,194,11.4,86.80%
2024,3,Nik Bonitto (DEN),33,15,13.5,16,4,1,2,1,2,17,190,11.2,44.60%
2024,4,Jonathan Greenard (MIN),41,18,12,18,3,0,4,0,0,17,189,11.1,18.70%
2024,5,Brian Burns (NYG),42,29,8.5,17,8,0,2,0,0,17,181.7,10.7,65.30%
2024,6,Leonard Williams (SEA),37,27,11,16,3,1,0,0,1,16,175.8,11,15.00%
2024,7,Travon Walker (JAC),31,30,10.5,13,1,0,2,1,1,17,163.7,9.6,15.80%
2024,8,Greg Rousseau (BUF),36,17,8,16,3,0,3,1,0,16,159.6,10,18.90%
2024,9,Cameron Heyward (PIT),35,36,8,12,11,0,0,0,0,17,158.3,9.3,15.40%
2024,10,Jeffery Simmons (TEN),41,35,5,11,4,0,2,2,0,16,157.6,9.9,64.70%
2024,11,Danielle Hunter (HOU),31,15,12,17,3,0,1,0,0,17,157,9.2,48.40%
2024,12,Nick Bosa (SF),33,19,9,15,1,1,1,1,0,14,152.2,10.9,61.80%
2024,13,Zach Sieler (MIA),28,27,10,13,2,1,1,1,0,15,151.3,10.1,6.20%
2024,14,Dante Fowler Jr. (WAS),25,14,10.5,14,1,1,2,0,1,17,145.8,8.6,0.90%
2024,15,Kobie Turner (LAR),35,27,8,10,4,0,1,1,0,17,144.2,8.5,10.60%
2024,16,Jonathon Cooper (DEN),33,25,10.5,11,1,0,1,0,0,17,143.8,8.5,4.70%
2024,17,Zach Allen (DEN),32,29,8.5,15,1,0,0,0,0,16,143.2,9,10.40%
2024,18,Will Anderson Jr. (HOU),27,10,11,16,2,0,1,1,0,14,143.1,10.2,66.00%
2024,19,Jared Verse (LAR),36,30,4.5,11,2,0,2,2,0,17,141.6,8.3,46.60%
2024,20,A'Shawn Robinson (CAR),43,37,5.5,8,1,0,1,0,0,16,140.1,8.8,2.70%
2024,21,Byron Young (LAR),34,28,7.5,12,1,0,1,0,0,17,137.9,8.1,36.40%
2024,22,Maxx Crosby (LV),28,17,7.5,17,5,0,0,0,0,12,135.1,11.3,77.50%
2024,23,Grover Stewart (IND),29,45,3.5,10,3,0,1,1,0,17,129,7.6,2.10%
2024,24,Yaya Diaby (TB),39,15,4.5,13,0,0,1,1,0,17,128.8,7.6,11.20%
2024,25,Carl Granderson (NO),36,25,5.5,9,4,0,1,0,0,17,127.7,7.5,19.90%
2024,26,Calais Campbell (MIA),35,17,5,12,5,0,1,0,0,17,127.1,7.5,5.40%
2024,27,Braden Fiske (LAR),20,24,8.5,10,0,0,2,2,0,17,123.3,7.3,1.30%
2024,28,Adam Butler (LV),36,29,5,8,2,0,1,0,0,17,123.1,7.2,2.30%
2024,29,Josh Hines-Allen (JAC),26,19,8,10,2,0,1,1,0,16,121.7,7.6,29.20%
2024,30,Will McDonald IV (NYJ),18,10,10.5,11,3,0,2,1,0,17,120.7,7.1,6.80%
2024,31,Keion White (NE),31,25,5,7,5,0,2,0,0,17,118.5,7,0.80%
2024,32,Arden Key (TEN),24,18,6.5,11,1,0,2,1,0,16,116.9,7.3,1.10%
2024,33,Chauncey Golston (DAL),30,26,5.5,5,5,1,0,1,0,17,115.8,6.8,0.60%
2024,34,Jalen Carter (PHI),25,17,4.5,12,6,0,2,0,0,16,115.7,7.2,20.10%
2024,35,Kwity Paye (IND),29,12,8,10,1,0,1,0,0,15,115.3,7.7,1.30%
2024,36,Odafe Oweh (BAL),25,14,10,9,0,0,1,0,0,17,115,6.8,6.90%
2024,37,Tuli Tuipulotu (LAC),22,16,8.5,11,2,0,1,0,0,17,113.8,6.7,39.60%
2024,38,Dexter Lawrence II (NYG),23,21,9,8,1,0,1,0,0,12,112.1,9.3,12.60%
2024,39,Emmanuel Ogbah (MIA),27,22,5,9,2,1,1,0,0,16,112,7,1.10%
2024,40,DeForest Buckner (IND),24,37,6.5,8,1,0,0,0,0,12,111.6,9.3,21.40%
2024,41,Josh Sweat (PHI),27,14,8,9,2,0,0,0,0,16,108.6,6.8,9.70%
2024,42,Derick Hall (SEA),20,16,8,6,0,0,2,1,1,17,107.5,6.3,1.90%
2024,43,Nnamdi Madubuike (BAL),21,22,6.5,11,1,0,1,0,0,17,107.3,6.3,11.40%
2024,44,Vita Vea (TB),27,15,7,10,1,0,0,0,0,16,106.7,6.7,2.20%
2024,45,Nolan Smith Jr. (PHI),20,19,6.5,8,2,0,1,2,0,16,105.8,6.6,7.40%
2024,46,George Karlaftis III (KC),21,14,8,9,5,0,0,0,0,16,104.6,6.5,8.80%
2024,47,Jadeveon Clowney (CAR),24,22,5.5,9,4,0,0,0,0,14,103.5,7.4,2.30%
2024,48,Calijah Kancey (TB),22,6,7.5,11,0,0,1,1,0,12,103.2,8.6,11.70%
2024,49,A.J. Epenesa (BUF),23,16,6,8,2,0,2,0,0,17,101.9,6,1.00%
2024,50,Boye Mafe (SEA),25,15,6,8,3,0,1,0,0,15,101.6,6.8,12.10%
2023,1,Danielle Hunter (MIN),54,29,16.5,23,2,0,4,0,0,17,245.8,14.5,48.40%
2023,2,Maxx Crosby (LV),55,35,14.5,23,2,0,2,1,0,17,239.8,14.1,77.50%
2023,3,Josh Hines-Allen (JAC),43,23,17.5,17,1,1,2,0,0,17,209.1,12.3,29.20%
2023,4,DeForest Buckner (IND),45,36,8,11,7,0,2,1,1,17,183.1,10.8,21.40%
2023,5,Aidan Hutchinson (DET),36,15,11.5,14,7,1,3,2,0,17,182.1,10.7,71.60%
2023,6,Trey Hendrickson (CIN),28,15,17.5,16,3,0,3,0,0,17,180,10.6,33.70%
2023,7,Myles Garrett (CLE),33,9,14,17,3,0,4,1,0,16,179.4,11.2,86.80%
2023,8,Montez Sweat (CHI),38,19,12.5,14,4,0,3,0,0,17,174.5,10.3,19.30%
2023,9,Carl Granderson (NO),44,34,8.5,14,1,0,1,1,0,17,170.5,10,19.90%
2023,10,Zach Sieler (MIA),32,31,10,11,4,1,1,2,1,17,168.5,9.9,6.20%
2023,11,Nick Bosa (SF),34,19,10.5,16,4,0,2,1,0,17,165.6,9.7,61.80%
2023,12,Jonathon Cooper (DEN),43,27,8.5,8,2,1,1,2,1,17,165.2,9.7,4.70%
2023,13,Nnamdi Madubuike (BAL),38,18,13,12,0,0,2,0,0,17,160.8,9.5,11.40%
2023,13,Jonathan Greenard (HOU),36,16,12.5,15,2,0,1,0,0,14,160.8,11.5,18.70%
2023,15,Derrick Brown (CAR),57,46,2,7,6,1,0,0,0,17,160.1,9.4,18.20%
2023,16,Christian Barmore (NE),39,25,8.5,13,6,0,1,0,0,17,157.2,9.2,1.20%
2023,17,Jermaine Johnson II (NYJ),36,19,7.5,11,7,1,1,1,1,17,155.6,9.2,2.80%
2023,18,Kayvon Thibodeaux (NYG),26,24,11.5,12,4,0,3,1,0,17,155.3,9.1,10.00%
2023,19,Christian Wilkins (MIA),36,27,9,10,2,0,1,2,0,17,150.5,8.9,0.70%
2023,20,Denico Autry (TEN),30,20,11.5,12,4,0,2,0,0,17,150.2,8.8,1.00%
2023,21,Ed Oliver (BUF),34,17,9.5,14,3,1,0,0,0,16,146.5,9.2,12.50%
2023,22,Boye Mafe (SEA),35,17,9,9,6,0,1,2,0,16,145.2,9.1,12.10%
2023,23,Brian Burns (CAR),32,18,8,16,2,0,1,1,0,16,144.8,9,65.30%
2023,24,Quinnen Williams (NYJ),39,23,5.5,11,3,1,1,1,0,17,143.3,8.4,20.40%
2023,25,Byron Young (LAR),41,19,8,8,0,0,2,1,0,17,140.1,8.2,36.40%
2023,26,Michael Hoecht (LAR),43,34,6,7,2,0,1,0,0,17,138.9,8.2,0.80%
2023,27,DJ Wonnum (MIN),32,28,8,7,6,0,0,1,1,15,137.8,9.2,2.30%
2023,28,Aaron Donald (LAR),28,25,8,16,3,0,0,0,0,16,137.4,8.6,13.10%
2023,29,Daron Payne (WAS),32,21,4,13,4,0,2,2,0,17,134.5,7.9,1.90%
2023,30,Haason Reddick (PHI),29,9,11,13,1,0,1,0,0,17,132.6,7.8,1.70%
2023,30,Kwity Paye (IND),31,21,8.5,8,0,0,2,2,0,16,132.6,8.3,1.30%
2023,32,Travon Walker (JAC),27,25,10,10,2,0,0,1,0,17,131.7,7.7,15.80%
2023,33,Jadeveon Clowney (BAL),24,19,9.5,9,5,0,2,1,0,17,130.7,7.7,2.30%
2023,34,Calais Campbell (ATL),32,24,6.5,10,1,0,1,1,0,17,126.7,7.5,5.40%
2023,35,George Karlaftis III (KC),29,18,10.5,7,3,0,1,0,0,16,125.4,7.8,8.80%
2023,36,Leonard Williams (SEA),37,25,5.5,10,2,0,0,0,0,18,124.7,6.9,15.00%
2023,37,Kobie Turner (LAR),29,28,9,8,2,0,0,0,0,17,124,7.3,10.60%
2023,38,Harrison Phillips (MIN),44,48,3,2,2,0,0,0,0,17,122.3,7.2,1.30%
2023,39,Sam Hubbard (CIN),38,20,6,7,0,0,0,2,0,15,121.7,8.1,16.50%
2023,40,Greg Rousseau (BUF),30,12,5,13,4,0,1,1,0,16,120.8,7.5,18.90%
2023,41,Yaya Diaby (TB),25,13,7.5,12,0,0,1,2,0,16,119.5,7.5,11.20%
2023,42,Tuli Tuipulotu (LAC),37,16,4.5,8,1,0,2,1,0,17,119.3,7,39.60%
2023,43,Dayo Odeyingbo (IND),22,16,8,9,2,0,2,2,0,16,118.8,7.4,1.20%
2023,44,Malcolm Koonce (LV),29,11,8,9,0,0,3,0,0,17,118.4,7,1.00%
2023,45,Chris Jones (KC),20,10,10.5,13,4,0,0,0,0,16,118.3,7.4,11.70%
2023,46,Jarran Reed (SEA),27,27,7,7,2,0,1,1,0,16,117.6,7.4,1.10%
2023,47,Kenny Clark (GB),22,22,7.5,9,3,0,2,0,0,17,114.9,6.8,1.50%
2023,48,DeMarcus Lawrence (DAL),29,21,4,10,6,0,1,0,0,17,113.6,6.7,14.70%
2023,49,Jeffery Simmons (TEN),30,14,5.5,10,1,0,1,1,0,12,112.2,9.4,64.70%
2023,50,Nik Bonitto (DEN),23,7,8,13,2,0,1,0,0,15,111.4,7.4,44.60%
2022,1,Maxx Crosby (LV),58,30,12.5,22,4,0,3,1,0,17,236.7,13.9,77.50%
2022,2,Nick Bosa (SF),41,10,18.5,19,1,0,2,0,0,16,200.3,12.5,61.80%
2022,3,Myles Garrett (CLE),37,23,16,18,4,0,2,0,0,16,196.1,12.3,86.80%
2022,4,Christian Wilkins (MIA),59,39,3.5,16,6,0,2,1,0,17,193,11.4,0.70%
2022,5,Haason Reddick (PHI),35,14,16,11,3,0,5,3,0,17,191.4,11.3,1.70%
2022,6,Chris Jones (KC),30,14,15.5,17,4,0,2,1,0,16,178.2,11.1,11.70%
2022,7,Cameron Heyward (PIT),39,35,10.5,14,4,0,1,1,0,17,176.3,10.4,15.40%
2022,8,Daron Payne (WAS),32,32,11.5,18,5,0,0,1,0,17,174.9,10.3,1.90%
2022,9,Brian Burns (CAR),34,29,12.5,17,3,0,1,0,0,16,174.2,10.9,65.30%
2022,10,Jonathan Allen (WAS),44,21,7.5,16,3,1,2,0,0,14,169.5,12.1,6.10%
2022,11,DeForest Buckner (IND),45,30,8,12,3,0,2,1,0,17,168.9,9.9,21.40%
2022,12,J.J. Watt (ARI),30,9,12.5,18,7,0,1,1,0,16,165.5,10.3,3.30%
2022,13,Danielle Hunter (MIN),46,19,10.5,12,3,0,1,0,0,17,164.2,9.7,48.40%
2022,14,Quinnen Williams (NYJ),35,20,12,12,4,0,2,1,0,16,164,10.3,20.40%
2022,15,Josh Hines-Allen (JAC),35,22,7,11,2,0,4,2,1,17,157.9,9.3,29.20%
2022,16,Josh Sweat (PHI),31,17,11,15,1,1,1,0,1,16,157.6,9.9,9.70%
2022,17,Cameron Jordan (NO),40,26,8.5,13,2,0,2,0,0,16,157.1,9.8,4.50%
2022,17,Javon Hargrave (PHI),37,23,11,10,2,0,1,2,0,17,157.1,9.2,1.80%
2022,19,DeMarcus Lawrence (DAL),43,22,6,9,3,0,3,1,1,17,154.2,9.1,14.70%
2022,20,Aidan Hutchinson (DET),34,18,9.5,9,3,3,0,2,0,17,152.9,9,71.60%
2022,21,Dexter Lawrence II (NYG),35,33,7.5,7,3,0,2,0,0,16,137.7,8.6,12.60%
2022,22,Grover Stewart (IND),44,26,4,9,3,0,0,1,0,17,133,7.8,2.10%
2022,23,Sam Hubbard (CIN),34,26,6.5,11,3,0,1,0,0,15,132.9,8.9,16.50%
2022,23,Jaelan Phillips (MIA),37,24,7,8,2,0,1,1,0,17,132.9,7.8,10.30%
2022,25,Deatrich Wise Jr. (NE),33,26,7.5,7,3,0,2,0,0,17,129.6,7.6,6.20%
2022,26,Zach Sieler (MIA),41,29,3.5,7,4,0,2,0,0,17,129.1,7.6,6.20%
2022,27,Grady Jarrett (ATL),30,31,6,12,3,0,0,0,0,17,127.3,7.5,1.50%
2022,28,Jeffery Simmons (TEN),25,29,7.5,9,7,0,1,0,0,15,126.5,8.4,64.70%
2022,29,Montez Sweat (WAS),27,19,8,14,2,0,0,0,0,17,125.1,7.4,19.30%
2022,30,Kayvon Thibodeaux (NYG),33,16,4,6,5,0,2,2,1,14,122.3,8.7,10.00%
2022,31,Brandon Graham (PHI),19,16,11,11,1,0,2,0,0,16,121.9,7.6,2.40%
2022,32,B.J. Hill (CIN),30,38,3,4,4,0,1,3,0,16,118,7.4,1.90%
2022,33,Jerry Hughes (HOU),21,14,9,10,1,1,2,0,0,16,117.8,7.4,2.00%
2022,34,Darrell Taylor (SEA),22,4,9.5,8,1,0,4,1,0,14,115.6,8.3,1.00%
2022,35,Greg Rousseau (BUF),27,10,8,10,4,0,1,0,0,13,115.3,8.9,18.90%
2022,36,Josh Uche (NE),23,4,11.5,9,0,0,2,0,0,14,114.2,8.2,1.70%
2022,37,Aaron Donald (LAR),27,22,5,10,2,0,1,1,0,11,113.1,10.3,13.10%
2022,38,Justin Jones (CHI),28,24,3,12,4,0,0,1,0,17,112.4,6.6,1.00%
2022,39,Zach Allen (ARI),23,24,5.5,10,8,0,0,0,0,13,111.8,8.6,10.40%
2022,40,Kwity Paye (IND),32,13,6,10,0,0,0,1,0,11,111.1,10.1,1.30%
2022,41,Carl Granderson (NO),30,23,5.5,9,0,0,0,1,0,15,111,7.4,19.90%
2022,42,Dorance Armstrong Jr. (DAL),17,16,8.5,10,0,0,1,2,0,17,108.9,6.4,6.20%
2022,43,Sebastian Joseph-Day (LAC),27,29,2,9,1,1,1,1,0,15,107.6,7.2,1.00%
2022,44,Dre'Mont Jones (DEN),24,23,6.5,9,0,0,1,0,0,13,105.9,8.1,2.70%
2022,45,Derrick Brown (CAR),30,37,1,5,7,1,0,0,0,17,105.1,6.2,18.20%
2022,46,Trey Hendrickson (CIN),22,10,8,6,3,0,3,0,0,15,104.2,6.9,33.70%
2022,47,Fletcher Cox (PHI),23,20,7,7,0,0,1,1,0,16,103.3,6.5,1.20%
2022,48,George Karlaftis III (KC),18,15,6,8,7,0,0,2,0,17,101,5.9,8.80%
2022,49,Anthony Nelson (TB),25,19,5.5,4,0,0,3,1,0,17,100.3,5.9,0.80%
2022,50,Denico Autry (TEN),17,10,8,8,4,0,2,0,0,12,99.2,8.3,1.00%
2021,1,Aaron Donald (LAR),38,46,12.5,19,4,0,4,0,0,17,211.4,12.4,13.10%
2021,2,Cameron Heyward (PIT),53,36,10,15,9,1,1,1,0,17,211,12.4,15.40%
2021,3,Nick Bosa (SF),40,12,15.5,21,1,0,4,0,0,17,201.4,11.8,61.80%
2021,4,Myles Garrett (CLE),33,18,16,17,3,0,1,1,1,17,188.4,11.1,86.80%
2021,5,Cameron Jordan (NO),38,21,12.5,13,6,0,2,0,0,16,172.7,10.8,4.50%
2021,6,Josh Hines-Allen (JAC),46,25,7.5,12,4,1,1,1,0,16,167.1,10.4,29.20%
2021,7,Haason Reddick (CAR),37,31,11,12,0,0,2,1,0,16,165.1,10.3,1.70%
2021,8,Christian Wilkins (MIA),49,40,4.5,10,4,0,1,1,0,17,161.2,9.5,0.70%
2021,9,Joey Bosa (LAC),36,15,10.5,5,0,0,7,0,0,16,148.1,9.3,5.50%
2021,9,Sam Hubbard (CIN),33,29,7.5,12,3,0,1,2,0,16,148.1,9.3,16.50%
2021,11,Jeffery Simmons (TEN),42,12,8.5,12,6,0,0,0,0,17,145.3,8.5,64.70%
2021,12,Maxx Crosby (LV),36,20,8,13,7,0,0,0,0,17,144.3,8.5,77.50%
2021,13,Brian Burns (CAR),31,19,9,13,4,0,2,0,0,17,143.8,8.5,65.30%
2021,14,Charles Harris (DET),34,31,7.5,11,0,0,2,0,0,17,140.2,8.2,0.60%
2021,15,Leonard Williams (NYG),34,47,6.5,5,2,0,2,1,0,17,139.9,8.2,15.00%
2021,16,DeForest Buckner (IND),40,28,7,10,3,0,0,0,0,17,139,8.2,21.40%
2021,17,Trey Hendrickson (CIN),20,14,14,12,0,0,3,0,0,16,138.7,8.7,33.70%
2021,18,Emmanuel Ogbah (MIA),26,15,9,9,12,0,1,1,0,17,135,7.9,1.10%
2021,19,Jonathan Allen (WAS),31,31,9,10,0,0,0,0,0,17,131.2,7.7,6.10%
2021,20,Javon Hargrave (PHI),27,36,7.5,9,1,0,1,0,0,16,125.9,7.9,1.80%
2021,21,Marcus Davenport (NO),23,16,9,9,0,0,3,1,0,11,121.3,11,0.60%
2021,22,Jadeveon Clowney (CLE),24,13,9,11,2,0,2,0,0,14,120.4,8.6,2.30%
2021,23,Greg Rousseau (BUF),42,8,4,8,4,1,1,0,0,16,120.2,7.5,18.90%
2021,24,Trevis Gipson (CHI),23,14,7,7,2,0,5,1,0,16,117.8,7.4,0.80%
2021,25,Larry Ogunjobi (CIN),29,20,7,12,0,0,0,0,0,16,117,7.3,0.60%
2021,26,DJ Wonnum (MIN),29,18,8,7,4,0,1,0,0,17,116.8,6.9,2.30%
2021,27,Zach Allen (ARI),30,18,4,5,4,1,0,3,1,14,116.4,8.3,10.40%
2021,28,D.J. Jones (SF),40,16,2,10,1,0,2,0,0,16,114.7,7.2,1.00%
2021,29,Carlos Dunlap II (SEA),24,11,8.5,8,7,0,1,0,0,16,113,7.1,2.00%
2021,29,Quinnen Williams (NYJ),36,17,6,7,3,0,0,0,0,15,113,7.5,20.40%
2021,31,Austin Johnson (NYG),31,41,3.5,6,1,0,0,1,0,17,112.4,6.6,0.80%
2021,32,Denico Autry (TEN),25,6,9,10,6,0,0,0,0,16,112.2,7,1.00%
2021,33,Chris Wormley (PIT),29,22,7,6,3,0,1,0,0,15,111.9,7.5,0.80%
2021,34,Zach Sieler (MIA),33,29,2,6,3,0,1,2,0,17,111.5,6.6,6.20%
2021,35,Jaelan Phillips (MIA),23,19,8.5,9,1,0,0,1,0,17,111.1,6.5,10.30%
2021,36,Arik Armstead (SF),29,34,6,7,0,0,0,0,0,17,110.8,6.5,1.50%
2021,36,Jonathan Greenard (HOU),23,10,8,9,4,0,2,0,0,11,110.8,10.1,18.70%
2021,38,Daron Payne (WAS),35,26,4.5,6,0,0,0,1,0,17,109.3,6.4,1.90%
2021,39,Yannick Ngakoue (LV),17,11,10,8,3,0,2,0,0,17,106.5,6.3,0.60%
2021,40,Josh Sweat (PHI),19,26,7.5,7,4,0,1,0,0,16,105.9,6.6,9.70%
2021,41,Al-Quadin Muhammad (IND),32,16,6,7,0,0,1,0,0,17,105.7,6.2,1.20%
2021,42,Chris Jones (KC),18,9,9,8,5,0,1,1,0,14,105.6,7.5,11.70%
2021,43,Shelby Harris (DEN),24,25,6,7,2,0,1,0,0,16,103.7,6.5,1.50%
2021,43,Rasheem Green (SEA),27,21,6.5,6,4,0,0,0,0,17,103.7,6.1,1.00%
2021,45,Ed Oliver (BUF),29,12,4,10,3,0,1,0,0,16,102.3,6.4,12.50%
2021,46,B.J. Hill (CIN),29,22,5.5,6,0,0,0,0,0,16,97.3,6.1,1.90%
2021,47,A'Shawn Robinson (LAR),33,34,2,2,0,0,2,0,0,16,96.4,6,2.70%
2021,48,Odafe Oweh (BAL),23,10,5,5,1,0,3,2,0,15,96.2,6.4,6.90%
2021,49,Fletcher Cox (PHI),25,10,3.5,7,0,0,2,1,1,15,94.8,6.3,1.20%
2021,50,Dawuane Smoot (JAC),22,14,6,7,3,0,1,0,0,16,93.7,5.9,0.70%
2020,1,Haason Reddick (ARI),43,19,12.5,15,4,0,6,0,0,16,196.6,12.3,1.70%
2020,2,Jason Pierre-Paul (TB),34,21,9.5,7,6,2,4,2,0,16,165.6,10.4,1.80%
2020,3,Aaron Donald (LAR),27,18,13.5,14,1,0,4,1,0,16,165,10.3,13.10%
2020,4,Myles Garrett (CLE),33,15,12,10,2,0,4,2,0,14,161,11.5,86.80%
2020,5,J.J. Watt (HOU),36,16,5,14,7,1,2,1,1,16,154.8,9.7,3.30%
2020,6,Chase Young (WAS),32,12,7.5,10,4,0,4,3,1,15,152.2,10.1,17.50%
2020,7,Leonard Williams (NYG),29,28,11.5,14,1,0,0,1,0,16,151.6,9.5,15.00%
2020,8,DeForest Buckner (IND),37,21,9.5,10,3,0,2,1,0,15,151.1,10.1,21.40%
2020,9,Montez Sweat (WAS),28,17,9,12,6,1,2,0,1,16,149.2,9.3,19.30%
2020,10,DeMarcus Lawrence (DAL),34,24,6.5,11,2,0,4,1,0,16,146,9.1,14.70%
2020,11,Brian Burns (CAR),35,23,9,8,4,0,3,0,0,15,144.2,9.6,65.30%
2020,12,Romeo Okwara (DET),32,12,10,11,1,0,3,1,0,16,142.2,8.9,1.50%
2020,13,Stephon Tuitt (PIT),33,12,11,10,3,0,2,0,0,15,140.3,9.4,0.60%
2020,14,Brandon Graham (PHI),35,11,8,13,0,0,2,1,0,16,137.6,8.6,2.40%
2020,15,Quinnen Williams (NYJ),32,23,7,10,3,0,2,0,0,13,131.2,10.1,20.40%
2020,16,Cameron Jordan (NO),34,17,7.5,11,3,0,1,0,0,16,130.1,8.1,4.50%
2020,17,Trey Hendrickson (NO),22,3,13.5,12,1,0,1,0,0,15,124.9,8.3,33.70%
2020,18,Joey Bosa (LAC),29,10,7.5,15,1,0,0,1,0,12,124.2,10.4,5.50%
2020,19,Olivier Vernon (CLE),24,12,9,12,3,0,1,1,0,14,123.8,8.8,3.50%
2020,20,Kerry Hyder Jr. (SF),30,19,8.5,10,0,0,0,1,0,16,122.8,7.7,1.00%
2020,21,Emmanuel Ogbah (MIA),25,17,9,6,5,0,3,0,0,16,121,7.6,1.10%
2020,22,Daron Payne (WAS),27,27,3,7,4,1,3,1,0,16,117.5,7.3,1.90%
2020,23,Sheldon Richardson (CLE),35,29,4.5,5,3,0,1,0,0,16,113.7,7.1,1.00%
2020,24,Maxx Crosby (LV),20,19,7,14,1,0,0,1,0,16,113.2,7.1,77.50%
2020,25,Aldon Smith (DAL),31,17,5,5,2,0,0,2,1,16,109,6.8,1.70%
2020,26,David Onyemata (NO),20,24,6.5,10,2,1,0,0,0,15,107.2,7.1,1.50%
2020,27,Ndamukong Suh (TB),27,17,6,9,2,0,1,0,0,16,107.1,6.7,1.10%
2020,28,Cameron Heyward (PIT),30,24,4,7,3,1,0,0,0,15,106.3,7.1,15.40%
2020,29,Fletcher Cox (PHI),28,13,6.5,9,1,0,1,0,0,15,106.2,7.1,1.20%
2020,29,Josh Sweat (PHI),23,13,6,9,2,0,3,0,0,14,106.2,7.6,9.70%
2020,29,Chase Winovich (NE),32,12,5.5,6,2,1,1,0,0,16,106.2,6.6,1.00%
2020,32,Yannick Ngakoue (BAL),23,0,8,7,1,0,4,0,0,15,101.5,6.8,0.60%
2020,33,Sam Hubbard (CIN),33,29,2,5,3,0,1,0,0,13,100.5,7.7,16.50%
2020,34,Zach Sieler (MIA),30,18,3.5,11,0,0,0,0,0,16,100.3,6.3,6.20%
2020,35,Grady Jarrett (ATL),27,25,4,8,0,0,0,1,0,16,99.7,6.2,1.50%
2020,36,Jeffery Simmons (TEN),24,25,3,3,5,0,1,3,0,15,97.9,6.5,64.70%
2020,37,Justin Houston (IND),19,6,8,8,0,0,1,2,0,16,97.3,6.1,1.00%
2020,38,Dre'Mont Jones (DEN),26,15,6.5,7,2,0,0,0,0,13,97.1,7.5,2.70%
2020,39,Akiem Hicks (CHI),30,19,3.5,7,1,0,0,1,0,15,96.7,6.4,1.00%
2020,40,Dexter Lawrence II (NYG),30,23,4,6,2,0,0,0,0,16,96.5,6,12.60%
2020,41,Chris Jones (KC),23,13,7.5,3,4,0,2,0,0,15,96,6.4,11.70%
2020,41,Dalvin Tomlinson (NYG),25,24,3.5,8,4,0,0,0,0,16,96,6,0.90%
2020,43,Jerry Hughes (BUF),19,10,4.5,4,3,1,2,2,1,15,95.7,6.4,2.00%
2020,44,Jonathan Allen (WAS),36,27,2,3,0,0,0,1,0,16,94.1,5.9,6.10%
2020,45,Lawrence Guy Sr. (NE),37,20,2,4,0,0,0,1,0,14,92.8,6.6,1.00%
2020,46,Denico Autry (IND),20,13,7.5,9,0,0,0,0,0,14,92.5,6.6,1.00%
2020,47,Arik Armstead (SF),29,20,3.5,6,3,0,0,0,0,16,92.4,5.8,1.50%
2020,48,Morgan Fox (LAR),21,6,6,8,2,0,1,1,0,15,91.3,6.1,0.60%
2020,49,William Gholston (TB),24,20,3,8,2,0,0,1,0,16,90.6,5.7,0.80%
2020,50,Benson Mayowa (SEA),19,5,6,7,3,0,2,1,0,13,90.3,6.9,1.20%
2019,1,Danielle Hunter (MIN),52,18,14.5,15,0,0,3,1,0,16,203.4,12.7,48.40%
2019,2,Dante Fowler Jr. (LAR),40,18,11.5,16,6,0,2,1,1,16,186.8,11.7,0.90%
2019,3,Cameron Heyward (PIT),51,32,9,11,6,0,1,1,0,16,181.4,11.3,15.40%
2019,4,Joey Bosa (LAC),47,20,11.5,18,0,0,1,0,0,16,180.7,11.3,5.50%
2019,5,Cameron Jordan (NO),37,16,15.5,15,3,0,0,1,0,16,175.8,11,4.50%
2019,6,Aaron Donald (LAR),29,19,12.5,20,2,0,2,1,0,16,173.2,10.8,13.10%
2019,7,Carlos Dunlap II (CIN),39,24,9,13,8,0,2,0,0,14,165.3,11.8,2.00%
2019,8,Maxx Crosby (OAK),35,11,10,16,4,0,4,0,0,16,163.1,10.2,77.50%
2019,9,Yannick Ngakoue (JAC),36,5,8,13,6,1,4,1,1,15,162.4,10.8,0.60%
2019,10,Sam Hubbard (CIN),46,30,8.5,10,3,0,1,0,0,15,159.5,10.6,16.50%
2019,11,DeForest Buckner (SF),33,28,7.5,9,2,0,2,4,1,16,156.2,9.8,21.40%
2019,12,Nick Bosa (SF),32,15,9,16,2,1,1,2,0,16,155.5,9.7,61.80%
2019,13,Justin Houston (IND),33,11,11,13,0,0,2,3,0,16,154.6,9.7,1.00%
2019,14,Grady Jarrett (ATL),38,31,7.5,12,0,0,2,0,0,16,148.5,9.3,1.50%
2019,15,Brandon Graham (PHI),35,15,8.5,15,0,0,1,2,0,16,147.6,9.2,2.40%
2019,15,Arik Armstead (SF),32,22,10,11,2,0,2,1,0,16,147.6,9.2,1.50%
2019,17,Matt Ioannidis (WAS),42,22,8.5,11,1,0,0,0,0,16,143,8.9,1.00%
2019,18,Calais Campbell (JAC),37,19,6.5,10,1,0,2,1,1,16,140.7,8.8,5.40%
2019,19,Melvin Ingram III (LAC),39,9,7,11,5,1,0,1,0,13,137.5,10.6,1.00%
2019,20,Frank Clark (KC),27,10,8,12,4,1,3,1,0,14,137.2,9.8,1.00%
2019,21,Josh Hines-Allen (JAC),31,13,10.5,11,0,0,2,0,0,16,134,8.4,29.20%
2019,22,Jonathan Allen (WAS),46,22,6,7,1,0,0,1,0,15,132.9,8.9,6.10%
2019,23,Kenny Clark (GB),31,31,6,9,1,0,1,0,0,16,122,7.6,1.50%
2019,24,Haason Reddick (ARI),43,33,1,6,6,0,0,1,0,16,121.8,7.6,1.70%
2019,25,DeMarcus Lawrence (DAL),30,15,5,10,2,0,2,2,0,16,120.7,7.5,14.70%
2019,26,Montez Sweat (WAS),31,19,7,8,2,0,2,0,0,16,120.2,7.5,19.30%
2019,27,Shelby Harris (DEN),28,21,6,8,9,0,1,0,0,16,119.6,7.5,1.50%
2019,28,Trey Flowers (DET),33,18,7,8,0,0,2,0,0,15,119.3,8,1.00%
2019,29,Sheldon Richardson (CLE),43,19,3,4,4,0,3,0,0,16,119,7.4,1.00%
2019,30,Everson Griffen (MIN),26,15,8,11,2,1,0,0,0,15,118,7.9,1.50%
2019,31,Jordan Phillips (BUF),25,6,9.5,13,0,0,1,0,0,16,116.7,7.3,0.80%
2019,32,Chris Jones (KC),23,13,9,8,4,0,1,1,0,13,114.5,8.8,11.70%
2019,33,Jadeveon Clowney (SEA),21,10,3,7,3,1,4,2,2,13,114.3,8.8,2.30%
2019,34,Trent Murphy (BUF),24,12,5,9,3,1,2,2,0,16,113.4,7.1,1.00%
2019,35,Larry Ogunjobi (CLE),35,15,5.5,10,1,0,0,0,0,15,112.5,7.5,0.60%
2019,36,Myles Garrett (CLE),20,9,10,11,0,0,2,0,0,10,112.4,11.2,86.80%
2019,37,Lawrence Guy Sr. (NE),35,26,3,5,1,1,0,2,0,16,111.5,7,1.00%
2019,38,Ndamukong Suh (TB),22,19,2.5,7,4,0,0,4,2,16,109.2,6.8,1.10%
2019,38,Javon Hargrave (PIT),35,25,4,7,0,0,1,0,0,16,109.2,6.8,1.80%
2019,40,Bruce Irvin (CAR),22,14,8.5,8,1,0,1,1,0,13,107.3,8.3,1.00%
2019,41,Shaq Lawson (BUF),21,11,6.5,13,2,0,1,0,0,15,105.6,7,0.70%
2019,42,Michael Bennett (DAL),24,8,6.5,14,0,0,0,0,0,15,103.2,6.9,1.00%
2019,43,Jason Pierre-Paul (TB),22,3,8.5,9,2,0,2,0,0,11,102.8,9.3,1.80%
2019,44,Mario Addison (CAR),20,14,9.5,6,0,0,2,0,0,15,101.8,6.8,5.80%
2019,45,Davon Godchaux (MIA),33,42,2,4,1,0,0,0,0,16,100.9,6.3,1.10%
2019,46,Derek Barnett (PHI),25,5,6.5,10,0,0,2,0,0,14,100.5,7.2,0.60%
2019,47,Jurrell Casey (TEN),26,18,5,5,0,0,1,2,0,14,97.2,6.9,0.60%
2019,47,Nick Williams (CHI),24,18,6,5,2,0,0,2,0,16,97.2,6.1,0.00%
2019,49,Derek Wolfe (DEN),23,11,7,8,1,0,1,0,0,12,96.6,8,1.00%
2019,50,Clelin Ferrell (OAK),24,14,4.5,8,5,0,0,1,0,15,96.3,6.4,0.60%
2018,1,Aaron Donald (LAR),41,18,20.5,25,1,0,4,2,0,16,245.5,15.3,13.10%
2018,2,J.J. Watt (HOU),47,14,16,18,4,0,7,0,0,16,224.2,14,3.30%
2018,3,Danielle Hunter (MIN),51,21,14.5,21,0,0,0,1,1,16,213.1,13.3,48.40%
2018,4,Calais Campbell (JAC),53,19,10.5,20,2,0,1,1,0,16,196.9,12.3,5.40%
2018,5,Chris Jones (KC),35,5,15.5,19,5,1,2,0,1,16,192.5,12,11.70%
2018,6,Dee Ford (KC),42,13,13,13,0,0,7,0,0,16,185.5,11.6,1.00%
2018,7,DeForest Buckner (SF),44,23,12,17,3,0,0,1,0,16,182.6,11.4,21.40%
2018,8,Jason Pierre-Paul (TB),48,10,12.5,16,2,0,1,1,0,16,180.8,11.3,1.80%
2018,9,DeMarcus Lawrence (DAL),42,22,10.5,15,1,1,2,1,0,16,177.9,11.1,14.70%
2018,10,Cameron Jordan (NO),35,14,12,18,6,0,1,1,0,16,173.3,10.8,4.50%
2018,11,Jadeveon Clowney (HOU),38,9,9,16,1,0,1,3,1,15,163.5,10.9,2.30%
2018,12,Frank Clark (SEA),33,8,13,10,2,1,3,2,0,16,160.7,10,1.00%
2018,13,Myles Garrett (CLE),35,9,13.5,12,3,0,3,0,0,16,160,10,86.80%
2018,14,Ryan Kerrigan (WAS),30,13,13,11,1,0,3,1,0,16,152.1,9.5,5.60%
2018,15,Akiem Hicks (CHI),41,14,7.5,12,5,0,3,0,0,16,151.7,9.5,1.00%
2018,16,Damon Harrison Sr. (DET),52,29,3.5,9,1,0,2,1,0,17,150.1,8.8,1.00%
2018,17,Haason Reddick (ARI),53,27,4,8,5,0,1,0,0,16,147.7,9.2,1.70%
2018,18,Justin Houston (KC),28,9,9,8,1,1,5,3,0,12,143.4,11.9,1.00%
2018,19,Jarran Reed (SEA),34,16,10.5,12,0,0,0,2,0,16,143.2,9,1.10%
2018,20,Jurrell Casey (TEN),36,26,7,11,0,0,2,1,0,15,141.4,9.4,0.60%
2018,21,Carlos Dunlap II (CIN),31,16,8,8,8,0,2,1,0,16,134.8,8.4,2.00%
2018,22,Trey Flowers (NE),32,25,7.5,9,2,0,3,0,0,15,134.6,9,1.00%
2018,23,Fletcher Cox (PHI),30,10,10.5,12,1,0,1,1,0,16,134.3,8.4,1.20%
2018,24,Jabaal Sheard (IND),37,13,5.5,14,4,0,0,1,0,16,132.6,8.3,1.00%
2018,25,Jonathan Allen (WAS),35,26,8,11,0,0,0,0,0,16,131.9,8.2,6.10%
2018,26,Denico Autry (IND),28,9,9,13,1,0,2,1,0,12,131,10.9,1.00%
2018,27,Cameron Heyward (PIT),29,22,8,10,3,0,1,1,0,16,130,8.1,15.40%
2018,28,Kenny Clark (GB),36,19,6,8,3,0,1,2,0,13,129.1,9.9,1.50%
2018,29,Michael Bennett (PHI),25,9,9,15,1,0,2,0,0,16,127.5,8,1.00%
2018,30,Geno Atkins (CIN),24,21,10,13,0,0,0,0,0,16,124.8,7.8,1.00%
2018,31,Jerry Hughes (BUF),30,7,7,13,1,0,3,0,0,16,124.5,7.8,2.00%
2018,32,Melvin Ingram III (LAC),28,15,7,8,3,1,1,1,0,16,119.2,7.4,1.00%
2018,33,Sheldon Rankins (NO),26,14,8,12,1,0,1,0,0,16,117.2,7.3,1.40%
2018,34,Daron Payne (WAS),35,21,5,6,3,0,1,1,0,16,116.4,7.3,1.90%
2018,35,Grady Jarrett (ATL),27,25,6,8,0,0,3,0,0,14,115.7,8.3,1.50%
2018,36,Allen Bailey (KC),27,11,6,5,0,0,2,4,1,16,115.6,7.2,1.00%
2018,37,Larry Ogunjobi (CLE),33,19,5.5,10,0,0,1,0,0,16,114.9,7.2,0.60%
2018,38,Ndamukong Suh (LAR),36,23,4.5,4,4,0,0,2,0,16,113.5,7.1,1.10%
2018,39,Mario Addison (CAR),20,15,9,11,0,0,2,0,0,16,113,7.1,5.80%
2018,40,Rodney Gunter (ARI),32,12,4.5,11,1,0,2,0,0,16,112.3,7,0.60%
2018,41,Yannick Ngakoue (JAC),25,3,9.5,13,1,0,0,0,0,16,111.8,7,0.60%
2018,42,Benson Mayowa (ARI),31,7,4,11,4,0,1,1,0,15,109.4,7.3,1.20%
2018,43,Sam Hubbard (CIN),27,12,6,7,2,0,1,1,1,16,108.1,6.8,16.50%
2018,44,Romeo Okwara (DET),28,11,7.5,8,1,0,1,0,0,15,106,7.1,1.50%
2018,45,Carl Nassib (TB),22,7,6.5,12,2,0,2,0,0,15,105.5,7,1.00%
2018,46,Javon Hargrave (PIT),32,17,6.5,6,1,0,0,0,0,16,103.7,6.5,1.80%
2018,47,Margus Hunt (IND),22,8,5,13,2,0,1,1,0,15,102.7,6.8,1.00%
2018,47,Leonard Williams (NYJ),27,15,5,11,2,0,0,0,0,16,102.7,6.4,15.00%
2018,49,Brandon Graham (PHI),31,8,4,9,2,0,1,1,0,16,102.2,6.4,2.40%
2018,50,Kawann Short (CAR),29,13,3,12,1,0,1,0,0,14,101.1,7.2,1.00%
2017,1,Cameron Jordan (NO),48,14,13,17,11,1,2,0,1,16,212.7,13.3,4.50%
2017,2,Calais Campbell (JAC),47,20,14.5,14,3,0,3,1,1,16,205.4,12.8,5.40%
2017,3,Joey Bosa (LAC),54,16,12.5,11,1,0,4,1,0,16,192.3,12,5.50%
2017,4,Jadeveon Clowney (HOU),41,18,9.5,21,2,0,2,2,1,16,190.7,11.9,2.30%
2017,5,DeMarcus Lawrence (DAL),35,23,14.5,14,1,0,4,2,0,16,188.5,11.8,14.70%
2017,6,Melvin Ingram III (LAC),43,13,10.5,17,1,0,1,2,1,16,178.6,11.2,1.00%
2017,7,Justin Houston (KC),46,13,9.5,16,5,0,0,1,1,15,174.5,11.6,1.00%
2017,8,Ryan Kerrigan (WAS),34,12,13,15,1,1,3,0,1,16,174.3,10.9,5.60%
2017,9,Jason Pierre-Paul (NYG),48,20,8.5,11,5,0,2,0,0,16,164.3,10.3,1.80%
2017,10,Aaron Donald (LAR),32,9,11,15,1,0,5,1,0,14,162,11.6,13.10%
2017,11,Cameron Heyward (PIT),30,15,12,16,3,0,2,1,0,15,161.1,10.7,15.40%
2017,12,Bruce Irvin (OAK),38,20,8,14,3,0,4,0,0,16,159.8,10,1.00%
2017,13,Brandon Graham (PHI),33,14,9.5,15,2,0,2,1,1,15,156.8,10.5,2.40%
2017,14,Ezekiel Ansah (DET),39,5,12,15,0,0,1,1,0,14,155.9,11.1,1.00%
2017,15,Everson Griffen (MIN),31,14,13,12,1,0,3,0,0,15,152.8,10.2,1.50%
2017,16,Yannick Ngakoue (JAC),24,6,12,10,0,0,6,2,1,16,151.8,9.5,0.60%
2017,17,Akiem Hicks (CHI),39,15,8.5,15,0,0,0,2,0,16,149.6,9.4,1.00%
2017,18,Carlos Dunlap II (CIN),35,11,7.5,12,7,1,1,0,1,16,146.5,9.2,2.00%
2017,19,Trey Flowers (NE),45,17,6.5,8,3,0,2,0,0,14,139.2,9.9,1.00%
2017,20,Jurrell Casey (TEN),41,19,6,12,1,0,1,0,0,16,135.7,8.5,0.60%
2017,21,Mario Addison (CAR),27,17,11,10,1,0,2,0,0,16,132.1,8.3,5.80%
2017,22,Malik Jackson (JAC),31,9,8,10,3,0,4,0,0,16,131,8.2,1.00%
2017,23,Damon Harrison Sr. (NYG),51,25,1.5,7,3,1,0,0,0,16,128.7,8,1.00%
2017,24,Julius Peppers (CAR),21,12,11,10,0,0,2,2,0,16,125.6,7.9,0.10%
2017,25,Danielle Hunter (MIN),27,18,7,12,2,0,1,1,0,16,123.3,7.7,48.40%
2017,26,Jabaal Sheard (IND),37,15,5.5,8,3,0,2,0,0,16,121.6,7.6,1.00%
2017,27,Grady Jarrett (ATL),34,21,4,15,0,0,0,0,0,16,120.7,7.5,1.50%
2017,28,Michael Bennett (SEA),25,15,8.5,14,1,0,0,0,0,16,119.7,7.5,1.00%
2017,29,Kawann Short (CAR),27,22,7.5,7,1,0,2,1,0,16,118.3,7.4,1.00%
2017,30,Gerald McCoy (TB),33,14,6,13,1,0,0,0,0,15,118.2,7.9,1.00%
2017,31,Geno Atkins (CIN),29,17,9,10,0,0,0,0,0,16,117.6,7.4,1.00%
2017,32,Anthony Zettel (DET),31,12,6.5,11,0,0,1,1,0,16,117.4,7.3,1.00%
2017,33,DeForest Buckner (SF),45,16,3,5,5,0,1,0,0,16,115.8,7.2,21.40%
2017,34,Michael Brockers (LAR),39,16,4.5,8,4,0,0,0,0,16,114.8,7.2,1.00%
2017,35,Frank Clark (SEA),19,13,9,10,2,0,2,1,0,16,114.6,7.2,1.00%
2017,36,Michael Johnson (CIN),35,14,5,11,1,0,0,0,0,15,112.3,7.5,0.00%
2017,37,Linval Joseph (MIN),40,28,3.5,5,0,0,0,1,0,16,111.9,7,0.80%
2017,38,Chris Jones (KC),22,10,6.5,5,7,1,4,0,0,16,110.8,6.9,11.70%
2017,39,Ndamukong Suh (MIA),29,19,4.5,9,2,0,2,0,0,16,109.6,6.9,1.10%
2017,40,Kenny Clark (GB),32,23,4.5,6,1,0,2,0,0,15,108.3,7.2,1.50%
2017,41,Mike Daniels (GB),34,15,5,8,0,0,1,0,0,14,106.4,7.6,1.00%
2017,42,Jerry Hughes (BUF),28,16,4,12,0,0,1,0,0,16,104.3,6.5,2.00%
2017,43,Adrian Clayborn (ATL),17,4,9.5,6,0,0,2,2,1,16,103.7,6.5,6.80%
2017,44,Olivier Vernon (NYG),23,14,6.5,6,1,1,2,0,0,12,100.9,8.4,3.50%
2017,45,Dante Fowler Jr. (JAC),18,3,8,7,0,0,2,2,1,16,100.8,6.3,0.90%
2017,46,A'Shawn Robinson (DET),32,21,0.5,4,6,1,1,0,1,16,100.1,6.3,2.70%
2017,47,Myles Garrett (CLE),19,12,7,9,1,0,1,1,0,11,97.7,8.9,86.80%
2017,48,Denico Autry (OAK),23,13,5,9,7,0,0,0,0,16,97.5,6.1,1.00%
2017,48,Solomon Thomas (SF),34,7,3,10,0,0,0,1,0,14,97.5,7,0.70%
2017,50,Alex Okafor (NO),27,16,4.5,5,4,0,2,0,0,10,97.3,9.7,1.00%
2016,1,Calais Campbell (ARI),34,19,8,12,6,1,2,3,1,16,167.5,10.5,5.40%
2016,2,Olivier Vernon (NYG),46,18,8.5,17,0,0,1,1,0,16,167.4,10.5,3.50%
2016,3,Melvin Ingram III (LAC),46,14,8,10,5,0,4,0,0,16,160.4,10,1.00%
2016,4,Cameron Jordan (NO),40,18,7.5,17,6,0,1,0,0,16,159.3,10,4.50%
2016,5,Danielle Hunter (MIN),32,22,12.5,11,1,0,1,1,1,16,157.8,9.9,48.40%
2016,6,Bruce Irvin (OAK),47,10,7,9,1,0,6,0,0,16,154.3,9.6,1.00%
2016,7,Aaron Donald (LAR),36,11,8,17,5,0,2,0,0,16,152.6,9.5,13.10%
2016,8,Brandon Graham (PHI),41,18,5.5,14,1,0,2,1,0,16,145.8,9.1,2.40%
2016,8,Jason Pierre-Paul (NYG),35,18,7,7,8,0,3,1,1,12,145.8,12.1,1.80%
2016,10,Everson Griffen (MIN),36,12,8,9,1,0,2,3,1,16,145.3,9.1,1.50%
2016,11,Ndamukong Suh (MIA),40,32,5,11,6,0,0,1,0,16,144.8,9,1.10%
2016,12,Carlos Dunlap II (CIN),30,19,8,7,15,0,3,0,0,16,143.4,9,2.00%
2016,13,Leonard Williams (NYJ),36,32,7,11,0,0,2,0,0,16,141.9,8.9,15.00%
2016,14,Joey Bosa (LAC),29,12,10.5,17,0,0,1,0,0,12,141.4,11.8,5.50%
2016,15,Jadeveon Clowney (HOU),40,12,6,16,2,0,1,0,0,14,140.4,10,2.30%
2016,16,Akiem Hicks (CHI),36,18,7,11,2,0,2,1,0,16,138.4,8.7,1.00%
2016,17,DeForest Buckner (SF),43,30,6,7,1,0,0,2,0,15,138.3,9.2,21.40%
2016,18,Ryan Kerrigan (WAS),26,7,11,15,2,0,2,0,0,16,136.9,8.6,5.60%
2016,19,Damon Harrison Sr. (NYG),55,31,2.5,6,1,0,1,0,0,16,136.7,8.5,1.00%
2016,20,Cliff Avril (SEA),20,19,11.5,8,3,0,5,0,0,16,135.2,8.5,0.10%
2016,21,Trent Murphy (WAS),28,18,9,10,1,0,3,1,0,16,134.3,8.4,1.00%
2016,22,Frank Clark (SEA),25,22,10,11,0,0,2,1,0,15,133.9,8.9,1.00%
2016,23,Sheldon Richardson (NYJ),38,24,1.5,13,2,0,1,2,0,15,128.9,8.6,1.00%
2016,24,Kyle Williams (BUF),42,22,5,11,0,0,0,0,0,15,127.5,8.5,3.70%
2016,25,Kawann Short (CAR),30,25,6,12,3,0,1,0,0,16,126.6,7.9,1.00%
2016,26,Linval Joseph (MIN),37,40,4,5,0,0,3,0,0,16,126.5,7.9,0.80%
2016,27,Dee Ford (KC),25,13,10,12,2,0,1,0,0,15,124.5,8.3,1.00%
2016,28,Muhammad Wilkerson (NYJ),33,25,4.5,10,3,0,1,0,0,15,120.1,8,0.00%
2016,29,Mario Addison (CAR),22,4,9.5,11,1,0,2,1,0,14,115.1,8.2,5.80%
2016,30,Fletcher Cox (PHI),27,16,6.5,9,2,0,1,1,0,16,112.2,7,1.20%
2016,31,Jerry Hughes (BUF),31,17,6,8,3,0,1,0,0,16,112.1,7,2.00%
2016,32,Malik Jackson (JAC),28,5,6.5,11,4,0,0,1,0,16,109.5,6.8,1.00%
2016,32,Kerry Hyder Jr. (DET),23,13,8,11,1,0,0,1,0,16,109.5,6.8,1.00%
2016,34,Gerald McCoy (TB),26,8,7,5,5,0,2,2,0,15,109.4,7.3,1.00%
2016,35,Andre Branch (MIA),27,22,5.5,8,1,0,2,0,0,16,108.9,6.8,0.00%
2016,35,Trey Flowers (NE),23,22,7,8,1,0,0,2,0,16,108.9,6.8,1.00%
2016,37,Geno Atkins (CIN),21,11,9,13,0,0,0,0,0,16,108.6,6.8,1.00%
2016,38,Emmanuel Ogbah (CLE),28,25,5.5,8,3,0,0,0,0,16,107.5,6.7,1.10%
2016,39,William Gholston (TB),37,12,3,9,0,0,1,1,0,14,107.3,7.7,0.80%
2016,40,Derek Wolfe (DEN),38,13,5.5,4,4,0,0,0,0,14,105.1,7.5,1.00%
2016,41,Jurrell Casey (TEN),31,13,5,8,5,0,0,0,0,15,104.1,6.9,0.60%
2016,42,Yannick Ngakoue (JAC),20,3,8,6,2,1,4,0,0,16,103.4,6.5,0.60%
2016,43,Jared Crick (DEN),32,21,3,4,6,0,2,0,0,16,103.2,6.4,0.00%
2016,44,Nick Fairley (NO),29,14,6.5,9,0,0,0,0,0,16,102.9,6.4,0.00%
2016,45,William Hayes (LAR),31,12,5,10,0,0,0,0,0,14,100.7,7.2,2.00%
2016,46,Chris Baker (WAS),29,18,3.5,7,2,0,2,0,0,16,99.8,6.2,0.00%
2016,47,Stephon Tuitt (PIT),29,9,4,8,3,0,2,0,0,14,99.1,7.1,0.60%
2016,48,Michael Bennett (SEA),24,10,5,14,0,0,0,0,0,11,98.7,9,1.00%
2016,49,Brian Robison (MIN),18,10,7.5,7,1,0,3,0,0,16,95.9,6,0.00%
2016,50,Michael Johnson (CIN),32,13,3.5,6,3,0,0,0,0,16,91.6,5.7,0.00%
2015,1,J.J. Watt (HOU),57,19,17.5,29,8,0,3,1,0,16,270.5,16.9,3.30%
2015,2,Aaron Donald (LAR),44,25,11,22,1,0,0,1,0,16,193.2,12.1,13.10%
2015,3,Melvin Ingram III (LAC),52,13,10.5,14,6,0,3,1,0,16,189.9,11.9,1.00%
2015,4,Ezekiel Ansah (DET),39,8,14.5,15,1,0,4,2,0,16,185.9,11.6,1.00%
2015,5,Fletcher Cox (PHI),50,21,9.5,11,2,0,3,2,0,16,179.7,11.2,1.20%
2015,6,Kawann Short (CAR),36,19,11,16,4,0,3,2,0,16,178.5,11.2,1.00%
2015,7,Carlos Dunlap II (CIN),37,18,13.5,16,1,0,2,1,0,16,176.8,11.1,2.00%
2015,8,Muhammad Wilkerson (NYJ),39,25,12,11,7,0,2,0,0,16,171.5,10.7,0.00%
2015,9,Michael Bennett (SEA),33,19,10,18,0,0,2,0,0,16,157.3,9.8,1.00%
2015,10,Cameron Jordan (NO),32,13,10,15,5,0,1,2,0,16,155.1,9.7,4.50%
2015,11,Olivier Vernon (MIA),41,20,7.5,18,0,0,0,0,0,16,151.7,9.5,3.50%
2015,12,Ndamukong Suh (MIA),39,22,6,17,5,0,0,0,0,16,149.3,9.3,1.10%
2015,13,Calais Campbell (ARI),46,15,5,16,3,0,0,1,0,16,149.1,9.3,5.40%
2015,14,Everson Griffen (MIN),34,10,10.5,14,4,0,1,0,0,15,145.8,9.7,1.50%
2015,15,Geno Atkins (CIN),31,11,11,17,0,0,1,0,0,16,145.4,9.1,1.00%
2015,16,Cameron Heyward (PIT),39,15,7,15,2,0,1,0,0,16,142.6,8.9,15.40%
2015,17,Cliff Avril (SEA),31,16,9,11,7,0,2,0,0,16,140.9,8.8,0.10%
2015,18,DeMarcus Lawrence (DAL),35,20,8,14,0,0,1,0,0,16,138.9,8.7,14.70%
2015,19,Connor Barwin (PHI),44,10,7,9,7,0,1,0,0,16,138.8,8.7,0.00%
2015,20,Ryan Kerrigan (WAS),33,9,9.5,12,3,0,2,0,0,16,137.1,8.6,5.60%
2015,21,Brandon Graham (PHI),39,12,6.5,11,1,0,3,0,0,16,134.8,8.4,2.40%
2015,22,Robert Ayers (NYG),31,10,9.5,11,4,0,2,0,0,12,133.8,11.2,0.00%
2015,23,Jaye Howard (KC),36,21,5.5,11,0,0,1,2,0,16,131.7,8.2,0.00%
2015,24,William Hayes (LAR),36,17,5.5,12,0,0,2,0,0,16,131.1,8.2,2.00%
2015,25,Chris Baker (WAS),26,27,6,10,1,0,3,2,0,16,130.1,8.1,0.00%
2015,26,Jurrell Casey (TEN),34,20,7,11,3,0,0,0,0,16,126.3,7.9,0.60%
2015,27,Jerry Hughes (BUF),37,15,5,8,4,0,2,1,0,16,125.1,7.8,2.00%
2015,28,William Gholston (TB),47,20,3,8,2,0,1,0,0,16,124.7,7.8,0.80%
2015,29,Rob Ninkovich (NE),33,19,6.5,6,7,0,1,1,0,16,123.7,7.7,0.00%
2015,30,Justin Houston (KC),25,5,7.5,9,6,2,1,0,1,11,122.9,11.2,1.00%
2015,31,Stephon Tuitt (PIT),39,15,6.5,8,1,1,0,0,0,14,122.6,8.8,0.60%
2015,32,Jabaal Sheard (NE),28,9,8,9,2,0,4,0,0,13,122.5,9.4,1.00%
2015,33,Julius Peppers (GB),25,12,10.5,9,0,0,2,0,0,16,119.3,7.5,0.10%
2015,34,Malik Jackson (DEN),34,11,5,8,7,0,0,2,0,16,118,7.4,1.00%
2015,35,Derek Wolfe (DEN),35,14,5.5,9,1,0,0,0,0,12,109.1,9.1,1.00%
2015,36,Michael Johnson (CIN),29,13,5,6,2,0,3,1,0,16,107.6,6.7,0.00%
2015,37,Brian Robison (MIN),30,4,5,8,3,0,1,2,0,16,104.7,6.5,0.00%
2015,38,Brandon Williams (BAL),35,18,2,9,2,0,1,0,0,16,103.9,6.5,1.00%
2015,39,Kendall Langford (IND),23,15,7,10,3,0,0,0,0,16,103.7,6.5,0.00%
2015,40,Devin Taylor (DET),28,7,7,9,1,0,1,0,0,15,103.5,6.9,0.00%
2015,41,Mike Daniels (GB),27,22,4,7,2,1,1,0,0,16,102.8,6.4,1.00%
2015,42,Damon Harrison Sr. (NYJ),39,33,0.5,5,0,0,1,0,0,16,102.2,6.4,1.00%
2015,43,Jadeveon Clowney (HOU),27,13,4.5,8,6,0,1,0,0,13,101.7,7.8,2.30%
2015,44,Ian Williams (SF),45,20,1,2,1,0,1,1,0,16,101.4,6.3,0.00%
2015,45,Gerald McCoy (TB),26,8,8.5,8,1,0,0,0,0,15,100.8,6.7,1.00%
2015,45,Greg Hardy (DAL),23,12,6,9,1,1,1,0,0,12,100.8,8.4,0.00%
2015,47,Jacquies Smith (TB),15,7,7,5,1,0,3,3,1,12,100,8.3,0.00%
2015,48,Linval Joseph (MIN),42,14,0.5,7,1,0,1,0,0,12,98.9,8.2,0.80%
2015,48,Leonard Williams (NYJ),29,34,3,7,0,0,0,0,0,16,98.9,6.2,15.00%
2015,50,Bruce Irvin (SEA),22,16,5.5,8,2,0,1,1,0,15,98.2,6.5,1.00%
2014,1,J.J. Watt (HOU),59,19,20.5,29,10,1,4,5,2,16,325.7,20.4,3.30%
2014,2,Justin Houston (KC),60,9,22,23,5,0,4,0,0,16,266,16.6,1.00%
2014,3,Jason Pierre-Paul (NYG),54,22,12.5,16,6,0,3,1,0,16,212.9,13.3,1.80%
2014,4,Ryan Kerrigan (WAS),51,13,13.5,18,1,0,5,1,0,16,211.1,13.2,5.60%
2014,5,Connor Barwin (PHI),47,17,14.5,15,5,0,2,0,0,16,194.5,12.2,0.00%
2014,6,Mario Williams (BUF),36,6,14.5,19,2,0,2,0,0,16,175.3,11,0.00%
2014,7,Everson Griffen (MIN),41,17,12,14,3,0,1,0,0,16,172.1,10.8,1.50%
2014,8,Carlos Dunlap II (CIN),40,26,8,16,5,0,2,1,0,16,171.5,10.7,2.00%
2014,9,Ndamukong Suh (DET),44,9,8.5,21,3,0,0,0,0,16,164,10.3,1.10%
2014,10,Jerry Hughes (BUF),36,17,10,13,0,0,3,1,1,16,161.7,10.1,2.00%
2014,11,Julius Peppers (GB),29,14,7,5,11,2,4,3,2,16,161.4,10.1,0.10%
2014,12,Calais Campbell (ARI),48,10,7,16,3,1,1,0,0,14,161.3,11.5,5.40%
2014,13,Rob Ninkovich (NE),44,17,8,11,2,1,0,1,1,16,156.5,9.8,0.00%
2014,14,Aaron Donald (LAR),38,10,9,18,1,0,2,0,0,16,155.2,9.7,13.10%
2014,15,Corey Liuget (LAC),45,12,4.5,13,2,0,2,2,1,16,152.2,9.5,1.00%
2014,16,Sheldon Richardson (NYJ),42,25,8,11,1,0,1,1,0,16,151.1,9.4,1.00%
2014,17,Fletcher Cox (PHI),48,13,4,8,0,0,1,3,1,16,140.1,8.8,1.20%
2014,18,Marcell Dareus (BUF),36,13,10,12,1,0,1,0,0,15,139.6,9.3,1.10%
2014,19,Ezekiel Ansah (DET),37,12,7.5,13,0,0,3,0,0,16,139.3,8.7,1.00%
2014,20,Sen'Derrick Marks (JAC),34,10,8.5,15,3,0,0,1,0,16,138.8,8.7,0.00%
2014,21,Jurrell Casey (TEN),46,22,5,13,0,0,0,0,0,16,138.4,8.7,0.60%
2014,22,Muhammad Wilkerson (NYJ),31,25,6,13,5,0,1,0,0,13,133.4,10.3,0.00%
2014,23,Kroy Biermann (ATL),41,34,4.5,8,2,0,1,0,0,16,132.4,8.3,0.00%
2014,24,Cameron Jordan (NO),32,19,7.5,8,5,1,0,1,0,16,129.2,8.1,4.50%
2014,25,Cameron Heyward (PIT),33,20,7.5,11,4,0,0,0,0,16,128.4,8,15.40%
2014,26,Charles Johnson (CAR),29,12,8.5,9,2,0,3,1,0,16,128.3,8,0.00%
2014,27,Bruce Irvin (SEA),24,14,6.5,9,3,2,1,0,2,15,125.9,8.4,1.00%
2014,28,Brandon Graham (PHI),32,9,5.5,12,0,0,4,0,0,16,123,7.7,2.40%
2014,29,Gerald McCoy (TB),28,7,8.5,13,3,0,1,0,0,13,122.5,9.4,1.00%
2014,30,Bjoern Werner (IND),37,13,4,11,2,0,1,1,0,15,120.1,8,0.00%
2014,31,Chris Clemons (JAC),27,9,8,6,3,0,4,1,0,16,119.1,7.4,0.00%
2014,32,Justin Tuck (OAK),28,15,5,11,3,1,2,0,0,15,118.6,7.9,0.00%
2014,33,Clinton McDonald (TB),34,11,5,9,2,1,0,2,0,13,118.1,9.1,1.00%
2014,34,Johnathan Hankins (NYG),30,21,7,8,3,0,1,0,0,16,117.6,7.4,2.60%
2014,35,Michael Bennett (SEA),26,12,7,14,0,0,1,0,0,16,115.1,7.2,1.00%
2014,36,Olivier Vernon (MIA),31,15,6.5,9,0,0,2,0,0,16,114.5,7.2,3.50%
2014,37,Alex Okafor (ARI),28,2,8,11,3,1,0,0,0,13,112.5,8.7,1.00%
2014,38,William Hayes (LAR),33,9,4,11,0,0,1,1,0,16,108.1,6.8,2.00%
2014,39,Kyle Williams (BUF),30,11,5.5,8,3,1,0,0,0,15,105.2,7,3.70%
2014,40,Bennie Logan (PHI),46,12,0,8,1,0,1,0,0,16,103.8,6.5,0.00%
2014,41,Justin Smith (SF),28,15,5,7,0,0,2,1,0,16,103.1,6.4,0.00%
2014,42,Quinton Coples (NYJ),26,11,6.5,10,0,0,1,0,0,16,102.6,6.4,0.00%
2014,43,Cedric Thornton (PHI),35,16,1,5,2,0,0,3,1,16,102.3,6.4,0.00%
2014,44,Desmond Bryant (CLE),25,25,5,8,1,0,0,1,0,15,102.2,6.8,0.00%
2014,44,Jared Crick (HOU),29,27,3.5,6,6,0,0,0,0,16,102.2,6.4,0.00%
2014,46,Vinny Curry (PHI),17,2,9,7,0,0,4,1,0,16,100.6,6.3,1.00%
2014,47,Allen Bailey (KC),27,14,5,10,2,0,0,0,0,14,99.2,7.1,1.00%
2014,48,Malik Jackson (DEN),33,9,3,8,4,0,1,0,0,16,98.5,6.2,1.00%
2014,49,Stephen Paea (CHI),24,9,6,8,2,0,2,0,0,16,98,6.1,0.00%
2014,50,Jeremy Mincey (DAL),20,17,6,9,0,0,1,1,0,16,97.6,6.1,0.00%
2013,1,J.J. Watt (HOU),65,15,10.5,22,7,0,4,2,0,16,240.5,15,3.30%
2013,2,Greg Hardy (CAR),39,20,15,17,1,0,1,0,0,16,181.8,11.4,0.00%
2013,3,Justin Tuck (NYG),41,22,11,15,3,1,2,0,0,16,177.3,11.1,0.00%
2013,4,Ryan Kerrigan (WAS),47,19,8.5,15,3,0,4,0,0,16,177.2,11.1,5.60%
2013,5,Rob Ninkovich (NE),42,49,8,10,1,0,2,2,0,16,174.6,10.9,0.00%
2013,6,Muhammad Wilkerson (NYJ),43,20,10.5,13,3,1,2,0,0,16,171.9,10.7,0.00%
2013,7,Calais Campbell (ARI),45,13,9,14,6,0,1,2,0,16,169.6,10.6,5.40%
2013,8,Kyle Williams (BUF),42,26,10.5,14,1,0,1,1,0,16,169.5,10.6,3.70%
2013,9,Cameron Jordan (NO),29,18,12.5,13,4,0,2,2,0,16,161.7,10.1,4.50%
2013,10,Adrian Clayborn (TB),43,21,5.5,18,1,0,2,0,0,16,157.2,9.8,6.80%
2013,11,Olivier Vernon (MIA),46,11,11.5,13,0,0,0,0,0,16,155.9,9.7,3.50%
2013,12,Justin Houston (KC),41,3,11,11,4,0,1,2,0,11,153.4,13.9,1.00%
2013,13,Jason Hatcher (DAL),34,7,11,15,3,0,2,0,0,15,150.6,10,0.00%
2013,13,Carlos Dunlap II (CIN),39,19,7.5,8,5,0,4,1,0,16,150.6,9.4,2.00%
2013,15,Jurrell Casey (TEN),38,17,10.5,11,2,0,1,1,0,15,150.4,10,0.60%
2013,16,Connor Barwin (PHI),44,14,5,10,10,1,1,1,0,16,149.8,9.4,0.00%
2013,17,Gerald McCoy (TB),35,15,9.5,15,4,0,0,1,0,16,149.6,9.4,1.00%
2013,18,Mario Williams (BUF),28,10,13,15,3,0,1,0,0,16,147.8,9.2,0.00%
2013,19,Marcell Dareus (BUF),46,25,7.5,8,3,0,1,0,0,16,146.6,9.2,1.10%
2013,20,Chris Long (LAR),33,7,8.5,13,2,0,1,2,1,16,142.4,8.9,0.00%
2013,21,Sheldon Richardson (NYJ),42,36,3.5,12,1,0,1,0,0,16,139.8,8.7,1.00%
2013,22,Julius Peppers (CHI),31,14,7,8,3,1,2,1,1,16,132.7,8.3,0.10%
2013,23,George Selvie (DAL),37,8,7,13,1,0,1,1,0,16,131.7,8.2,0.00%
2013,24,Osi Umenyiora (ATL),31,16,7.5,6,3,1,3,0,1,16,131.2,8.2,0.00%
2013,25,Jerry Hughes (BUF),30,12,10,9,2,0,2,0,0,16,127.7,8,2.00%
2013,26,Brian Robison (MIN),25,12,9,12,3,0,0,1,1,16,127.2,7.9,0.00%
2013,27,Charles Johnson (CAR),25,6,11,13,0,0,1,1,0,14,126.7,9,0.00%
2013,28,Cameron Heyward (PIT),35,24,5,7,7,0,0,1,0,16,123,7.7,15.40%
2013,29,Michael Johnson (CIN),35,21,3.5,5,9,1,2,0,0,15,121.5,8.1,0.00%
2013,29,Ndamukong Suh (DET),36,13,5.5,9,6,0,1,0,0,16,121.5,7.6,1.10%
2013,31,Kendall Langford (LAR),36,13,5,11,4,0,0,0,0,16,117.5,7.3,0.00%
2013,32,Malik Jackson (DEN),30,12,6,11,4,0,1,0,0,16,115.8,7.2,1.00%
2013,33,Justin Smith (SF),32,17,6.5,9,0,0,1,0,0,16,113.6,7.1,0.00%
2013,34,Linval Joseph (NYG),34,25,3,8,0,0,1,1,0,15,110.1,7.3,0.80%
2013,35,Cedric Thornton (PHI),48,12,1,7,2,0,1,0,0,16,109.8,6.9,0.00%
2013,36,Darnell Dockett (ARI),36,10,4.5,12,0,0,0,0,0,16,109.6,6.9,0.00%
2013,36,Sen'Derrick Marks (JAC),28,6,4,6,8,0,2,3,0,16,109.6,6.9,0.00%
2013,38,Brooks Reed (HOU),43,13,3,9,0,0,0,0,0,16,109,6.8,1.00%
2013,39,Aldon Smith (SF),29,5,8.5,11,0,0,0,0,0,11,108.9,9.9,1.70%
2013,40,Matt Shaughnessy (ARI),31,5,3,9,1,0,1,3,1,16,108.5,6.8,0.00%
2013,41,Nick Fairley (DET),22,12,6,9,1,0,1,2,1,15,108.3,7.2,0.00%
2013,42,Michael Bennett (SEA),18,13,8.5,9,0,0,1,1,1,16,107.5,6.7,1.00%
2013,43,Dontari Poe (KC),43,8,4.5,5,4,0,0,0,0,15,107.2,7.1,1.00%
2013,44,Randy Starks (MIA),36,13,4,7,1,0,1,1,0,16,107,6.7,0.00%
2013,45,Michael Brockers (LAR),38,8,5.5,7,0,0,1,0,0,16,106.7,6.7,1.00%
2013,46,Jared Odrick (MIA),33,9,4.5,9,2,0,1,0,0,16,104.1,6.5,0.00%
2013,47,Andre Branch (JAC),30,7,6,10,3,0,0,0,0,16,104,6.5,0.00%
2013,48,Chris Jones (NE),25,29,6,8,0,0,0,0,0,13,103.5,8,0.00%
2013,49,Mathias Kiwanuka (NYG),24,16,6,8,2,0,2,0,0,16,103.3,6.5,0.00%
2013,50,Corey Liuget (LAC),32,10,5.5,7,2,0,1,0,0,16,102.2,6.4,1.00%
2013,50,Akiem Hicks (NO),29,27,4.5,8,0,0,0,0,0,16,102.2,6.4,1.00%
2012,1,J.J. Watt (HOU),69,12,20.5,39,16,0,4,2,0,16,340.3,21.3,3.30%
2012,2,Aldon Smith (SF),50,16,19.5,18,1,1,3,0,0,16,229,14.3,1.70%
2012,3,Anthony Spencer (DAL),55,40,11,14,4,0,2,1,0,14,209.9,15,0.00%
2012,4,Justin Houston (KC),53,13,10,13,6,1,1,1,0,16,184.2,11.5,1.00%
2012,5,Geno Atkins (CIN),39,15,12.5,17,2,0,4,0,0,16,181.7,11.4,1.00%
2012,6,Jason Pierre-Paul (NYG),43,23,6.5,13,5,1,1,1,1,16,167.1,10.4,1.80%
2012,7,Ryan Kerrigan (WAS),42,12,8.5,10,8,1,2,1,1,16,166.2,10.4,5.60%
2012,8,Greg Hardy (CAR),40,20,11,13,1,0,2,1,0,15,165.3,11,0.00%
2012,9,Michael Johnson (CIN),35,17,11.5,15,2,1,0,1,0,16,161,10.1,0.00%
2012,10,Charles Johnson (CAR),31,11,12.5,7,4,0,7,1,0,16,160.5,10,0.00%
2012,11,Rob Ninkovich (NE),32,26,8,9,0,0,5,4,0,16,158.2,9.9,0.00%
2012,12,Cameron Jordan (NO),41,26,8,8,3,0,3,2,0,16,158,9.9,4.50%
2012,13,Mario Williams (BUF),37,9,10.5,12,4,0,2,2,0,16,156.4,9.8,0.00%
2012,14,Julius Peppers (CHI),32,7,11.5,13,2,0,1,4,0,16,155,9.7,0.10%
2012,15,Michael Bennett (TB),34,7,9,18,3,0,3,0,0,16,154,9.6,1.00%
2012,16,Calais Campbell (ARI),50,13,6.5,13,6,0,0,0,0,13,152.6,11.7,5.40%
2012,17,Muhammad Wilkerson (NYJ),36,33,5,7,5,0,3,1,1,16,146.1,9.1,0.00%
2012,18,Carlos Dunlap II (CIN),34,7,6,8,3,1,4,3,1,14,144.1,10.3,2.00%
2012,19,Corey Liuget (LAC),36,15,7,11,9,0,1,1,0,16,142.7,8.9,1.00%
2012,20,Chris Clemons (SEA),31,9,11.5,8,4,0,3,1,0,16,141.5,8.8,0.00%
2012,21,Jabaal Sheard (CLE),38,17,7,9,3,0,1,0,0,16,128.9,8.1,1.00%
2012,22,Chris Long (LAR),25,8,11.5,15,0,0,0,0,0,16,127.2,8,0.00%
2012,23,Justin Smith (SF),47,19,3,9,2,0,0,1,0,14,126.4,9,0.00%
2012,24,Will Smith (NO),33,25,6,10,1,0,0,1,0,16,123.2,7.7,0.00%
2012,25,Brian Robison (MIN),26,11,8.5,6,7,0,3,1,0,15,123.1,8.2,0.00%
2012,26,Ndamukong Suh (DET),24,10,8,17,2,0,0,0,0,16,121.3,7.6,1.10%
2012,27,Cliff Avril (DET),28,7,9.5,10,1,0,2,0,0,16,120,7.5,0.10%
2012,28,Vince Wilfork (NE),29,19,3,6,6,0,2,4,0,16,118.1,7.4,0.00%
2012,29,Connor Barwin (HOU),35,9,3,12,6,0,0,1,0,16,114.4,7.1,0.00%
2012,30,Everson Griffen (MIN),20,3,8,11,2,1,0,2,1,16,113.9,7.1,1.50%
2012,31,William Hayes (LAR),29,6,7,12,2,0,0,1,0,16,113.2,7.1,2.00%
2012,32,Israel Idonije (CHI),29,19,7.5,8,0,0,1,0,0,16,112.1,7,0.00%
2012,33,Henry Melton (CHI),32,12,6,9,0,0,2,0,0,14,111.7,8,0.00%
2012,34,Nick Fairley (DET),28,7,5.5,11,1,0,2,1,0,13,110.5,8.5,0.00%
2012,35,Linval Joseph (NYG),33,26,4,5,0,0,1,2,0,16,109.9,6.9,0.80%
2012,36,Jonathan Babineaux (ATL),25,6,3.5,11,4,1,1,1,1,16,108.7,6.8,0.00%
2012,37,Dwan Edwards (CAR),27,25,6,7,1,0,1,0,0,14,106.6,7.6,0.00%
2012,38,Jeremy Mincey (JAC),35,6,3,7,5,0,2,1,0,16,106.3,6.6,0.00%
2012,39,Osi Umenyiora (NYG),28,15,6,7,1,0,2,0,0,16,104.5,6.5,0.00%
2012,40,Brandon Graham (PHI),30,8,5.5,7,1,0,2,1,0,16,104.2,6.5,2.40%
2012,41,Fletcher Cox (PHI),32,7,5.5,8,3,0,1,0,0,15,103.9,6.9,1.20%
2012,42,Kyle Williams (BUF),27,19,5,10,2,0,0,0,0,16,103.2,6.4,3.70%
2012,43,Haloti Ngata (BAL),33,18,5,7,1,0,0,0,0,14,102.4,7.3,0.00%
2012,44,Antonio Smith (HOU),23,7,7,7,3,0,2,1,0,16,102,6.4,0.00%
2012,45,Jurrell Casey (TEN),34,20,3,6,0,0,2,0,0,16,101.3,6.3,0.60%
2012,46,Derek Wolfe (DEN),26,14,6,9,2,0,0,0,0,16,99.2,6.2,1.00%
2012,47,Jason Hatcher (DAL),27,24,4,5,1,0,0,1,1,16,99,6.2,0.00%
2012,48,Jared Odrick (MIA),26,9,5,12,2,0,0,0,0,16,98.9,6.2,0.00%
2012,49,C.J. Mosley (JAC),36,9,2.5,4,0,0,1,3,0,16,97,6.1,0.00%
2012,50,Marcell Dareus (BUF),26,13,5.5,5,6,0,0,1,0,16,96.5,6,1.10%
2011,1,Jason Pierre-Paul (NYG),66,20,16.5,23,7,0,2,0,0,16,256.3,16,1.80%
2011,2,Calais Campbell (ARI),53,19,8,13,10,1,2,1,0,16,190.6,11.9,5.40%
2011,3,Mathias Kiwanuka (NYG),61,20,3.5,14,2,1,1,1,0,16,172,10.8,0.00%
2011,4,Cliff Avril (DET),29,7,11,7,4,1,6,3,2,16,169.5,10.6,0.10%
2011,5,Rob Ninkovich (NE),42,31,6.5,7,4,2,1,3,1,16,168.2,10.5,0.00%
2011,6,Ryan Kerrigan (WAS),42,22,7.5,9,4,1,4,0,1,16,165.4,10.3,5.60%
2011,7,Kamerion Wimbley (OAK),52,11,7,15,3,1,0,0,0,16,161.5,10.1,0.00%
2011,8,Julius Peppers (CHI),33,4,11,15,4,0,3,2,0,16,160.1,10,0.10%
2011,9,Anthony Spencer (DAL),51,15,6,12,1,0,4,0,0,16,159.5,10,0.00%
2011,10,Chris Clemons (SEA),34,17,11,12,5,0,3,0,0,16,157.5,9.8,0.00%
2011,11,Jeremy Mincey (JAC),40,17,8,10,1,1,4,1,0,16,156.6,9.8,0.00%
2011,12,Aldon Smith (SF),30,6,14,13,4,0,2,1,0,16,156.2,9.8,1.70%
2011,13,Jabaal Sheard (CLE),40,15,8.5,9,2,0,5,1,0,16,155.2,9.7,1.00%
2011,14,Connor Barwin (HOU),34,13,11.5,12,7,0,1,0,0,16,151.6,9.5,0.00%
2011,15,Charles Johnson (CAR),31,10,9,19,4,0,1,0,0,15,147.8,9.9,0.00%
2011,16,Chris Long (LAR),31,6,13,15,2,0,1,0,0,16,147.7,9.2,0.00%
2011,17,J.J. Watt (HOU),49,7,5.5,13,4,0,0,2,0,16,147.4,9.2,3.30%
2011,18,Haloti Ngata (BAL),36,28,5,6,6,0,2,3,1,16,145.2,9.1,0.00%
2011,19,Andre Carter (NE),31,21,10,13,1,0,2,0,0,14,144.6,10.3,0.00%
2011,20,Justin Smith (SF),45,13,7.5,6,2,0,3,1,0,16,141.5,8.8,0.00%
2011,21,Israel Idonije (CHI),41,11,5,12,0,0,1,2,1,16,138,8.6,0.00%
2011,22,Geno Atkins (CIN),26,21,7.5,10,2,0,2,2,1,16,135.1,8.4,1.00%
2011,23,Ahtyba Rubin (CLE),56,27,5,4,0,0,0,0,0,16,134.6,8.4,0.00%
2011,24,Justin Houston (KC),43,8,5.5,10,4,0,1,1,0,16,131.7,8.2,1.00%
2011,25,Vince Wilfork (NE),29,23,3.5,6,5,2,1,2,1,16,125.7,7.9,0.00%
2011,26,Greg Hardy (CAR),38,12,4,8,11,0,1,0,0,16,123,7.7,0.00%
2011,27,Brian Robison (MIN),27,17,8,6,1,0,3,2,0,16,122,7.6,0.00%
2011,28,James Hall (LAR),38,12,6,9,2,0,0,0,0,15,115.7,7.7,0.00%
2011,29,Muhammad Wilkerson (NYJ),35,14,3,13,2,0,1,0,0,16,114.7,7.2,0.00%
2011,29,Tommy Kelly (OAK),27,14,7.5,3,6,1,2,1,0,16,114.7,7.2,0.00%
2011,31,Michael Bennett (TB),35,4,4,12,0,0,1,2,0,14,113.7,8.1,1.00%
2011,32,Adrian Clayborn (TB),29,13,7.5,7,0,0,3,0,0,16,113.1,7.1,6.80%
2011,33,Kyle Vanden Bosch (DET),26,9,8,6,0,0,4,1,0,16,113,7.1,0.00%
2011,34,Darnell Dockett (ARI),34,16,3.5,10,1,0,0,2,0,16,111.9,7,0.00%
2011,35,Michael Johnson (CIN),27,15,6,6,5,1,1,1,0,16,111.5,7,0.00%
2011,36,Mark Anderson (NE),18,11,10,9,1,0,2,1,0,16,111.4,7,0.00%
2011,37,Brooks Reed (HOU),30,14,6,7,3,0,0,2,0,16,109.9,6.9,1.00%
2011,38,Phil Taylor (CLE),37,22,4,6,1,0,1,0,0,16,109,6.8,0.00%
2011,39,Cullen Jenkins (PHI),33,7,5.5,11,0,0,0,1,0,16,108.5,6.8,0.00%
2011,40,Domata Peko Sr. (CIN),34,32,2.5,6,0,0,1,1,0,16,108.4,6.8,1.00%
2011,41,Marcell Dareus (BUF),32,11,5.5,9,2,0,0,1,0,16,108,6.8,1.10%
2011,42,Sione Po'uha (NYJ),41,17,1,5,3,0,1,2,0,15,107.6,7.2,0.00%
2011,43,Cory Redding (BAL),29,14,4.5,11,2,0,0,1,0,15,106.8,7.1,0.00%
2011,44,Brett Keisel (PIT),33,15,3,5,6,0,2,1,0,14,106.6,7.6,0.00%
2011,45,Randy Starks (MIA),29,5,4.5,10,4,2,0,0,0,16,106.5,6.7,0.00%
2011,46,Jurrell Casey (TEN),39,13,2.5,7,1,0,1,1,0,16,105.5,6.6,0.60%
2011,47,Chris Canty (NYG),31,16,4,11,1,0,0,0,0,16,103.9,6.5,0.00%
2011,48,Frostee Rucker (CIN),32,12,4,11,2,0,0,0,0,16,103.8,6.5,0.00%
2011,49,Ray McDonald (SF),29,10,5.5,6,2,0,2,1,0,15,103.2,6.9,0.00%
2011,50,Will Smith (NO),22,13,6.5,9,2,0,2,0,0,14,102.6,7.3,0.00%
2010,1,Justin Tuck (NYG),48,28,11.5,16,4,0,6,5,0,16,229.4,14.3,0.00%
2010,2,Ndamukong Suh (DET),49,17,10,13,3,1,1,1,1,16,182.6,11.4,1.10%
2010,3,Charles Johnson (CAR),51,11,11.5,14,1,0,1,0,0,16,171.5,10.7,0.00%
2010,4,Kyle Williams (BUF),54,22,5.5,16,1,0,0,2,0,16,169.4,10.6,3.70%
2010,5,Julius Peppers (CHI),43,11,8,11,9,2,3,0,0,16,168,10.5,0.10%
2010,6,James Hall (LAR),49,6,10.5,8,2,0,6,0,0,16,167.1,10.4,0.00%
2010,7,Justin Smith (SF),57,13,8.5,12,1,0,1,0,0,16,165.1,10.3,0.00%
2010,8,Osi Umenyiora (NYG),33,15,11.5,4,2,0,10,1,0,16,164.1,10.3,0.00%
2010,9,Haloti Ngata (BAL),47,16,5.5,12,5,0,0,1,0,16,146.4,9.2,0.00%
2010,10,Kamerion Wimbley (OAK),46,12,9,10,1,0,1,0,0,16,144.9,9.1,0.00%
2010,11,Jason Hunter (DEN),48,11,3,10,2,1,1,2,1,16,143.5,9,0.00%
2010,12,Calais Campbell (ARI),46,14,6,13,2,0,0,1,0,15,143.3,9.6,5.40%
2010,13,Chris Clemons (SEA),33,16,11,9,4,0,1,1,0,16,142.5,8.9,0.00%
2010,14,Darnell Dockett (ARI),45,7,5,9,1,0,1,2,1,15,135,9,0.00%
2010,15,Anthony Spencer (DAL),52,11,5,5,2,0,2,1,0,16,134,8.4,0.00%
2010,16,Israel Idonije (CHI),32,16,8,10,3,0,3,0,0,16,133.9,8.4,0.00%
2010,17,Matt Shaughnessy (OAK),43,13,7,8,1,0,2,0,0,16,132,8.3,0.00%
2010,18,Rob Ninkovich (NE),38,15,4,6,3,2,0,3,0,16,126.1,7.9,0.00%
2010,19,Ahtyba Rubin (CLE),57,25,2,2,2,1,0,0,0,16,125.5,7.8,0.00%
2010,20,Tommy Kelly (OAK),38,20,7,8,1,0,0,0,0,16,121.8,7.6,0.00%
2010,21,Barry Cofield (NYG),40,14,4,8,4,0,1,1,0,16,120.7,7.5,0.00%
2010,22,Kenyon Coleman (CLE),50,18,2.5,3,0,0,0,3,0,16,118.1,7.4,0.00%
2010,23,Glenn Dorsey (KC),51,18,2,6,0,0,0,1,0,16,117.4,7.3,0.00%
2010,24,Richard Seymour (OAK),36,12,5.5,10,2,0,0,1,0,13,117.3,9,0.00%
2010,25,Chris Long (LAR),27,2,8.5,8,2,0,3,1,0,16,115.1,7.2,0.00%
2010,26,Jason Jones (TEN),33,5,3.5,12,3,0,3,0,0,15,114,7.6,0.00%
2010,27,Will Smith (NO),34,5,5.5,8,5,1,1,0,0,15,113.4,7.6,0.00%
2010,28,Kyle Vanden Bosch (DET),34,15,4,10,1,0,2,0,0,11,113,10.3,0.00%
2010,29,Vince Wilfork (NE),46,11,2,8,2,0,0,1,0,16,112.7,7,0.00%
2010,30,Sedrick Ellis (NO),30,14,6,8,2,0,2,0,0,16,110.8,6.9,0.00%
2010,31,Fred Robbins (LAR),26,2,6,10,6,0,1,2,0,15,110.6,7.4,0.00%
2010,32,Raheem Brock (SEA),26,6,9,7,3,0,1,1,0,14,109.8,7.8,0.00%
2010,33,Antonio Garay (LAC),37,11,5.5,9,0,0,0,0,0,16,108.6,6.8,0.00%
2010,34,Cliff Avril (DET),23,9,8.5,7,5,0,1,1,0,13,108.5,8.3,0.10%
2010,35,Ray Edwards (MIN),28,9,8,9,3,0,0,0,0,14,107.9,7.7,0.00%
2010,36,Sione Po'uha (NYJ),41,18,2,3,3,0,0,3,0,15,107.4,7.2,0.00%
2010,37,B.J. Raji (GB),29,10,6.5,10,3,0,0,0,0,16,106.7,6.7,0.00%
2010,38,Spencer Johnson (BUF),41,14,2,4,3,0,1,1,0,14,102.8,7.3,0.00%
2010,39,Wallace Gilberry (KC),19,4,7,10,1,0,2,2,0,16,102.1,6.4,0.00%
2010,40,Carlos Dunlap II (CIN),19,5,9.5,9,3,0,0,1,0,12,101.4,8.5,2.00%
2010,41,Mario Williams (HOU),22,6,8.5,9,2,0,1,0,0,13,101.2,7.8,0.00%
2010,42,Kendall Langford (MIA),33,14,3,6,4,0,2,0,0,16,101.1,6.3,0.00%
2010,43,Cory Redding (BAL),31,11,3,8,4,1,0,0,0,15,98.1,6.5,0.00%
2010,44,Derek Landri (CAR),30,13,3,10,1,0,0,1,0,16,97.6,6.1,0.00%
2010,45,Corey Williams (DET),32,5,2,8,4,1,1,0,0,16,95,5.9,0.00%
2010,46,Marcus Stroud (BUF),29,20,3,6,2,0,1,0,0,15,93,6.2,0.00%
2010,47,Kevin Williams (MIN),27,12,1,8,10,0,1,0,0,16,92.8,5.8,0.10%
2010,48,Anthony Adams (CHI),33,4,2,9,1,0,2,0,0,15,92.6,6.2,0.00%
2010,49,Jonathan Babineaux (ATL),19,8,4,6,2,1,2,1,1,15,91.7,6.1,0.00%
2010,50,Jacob Ford (TEN),31,11,3,8,0,0,1,0,0,13,91.1,7,0.00%
2009,1,Andre Carter (WAS),48,14,11,19,4,0,3,0,0,16,192.3,12,0.00%
2009,2,Aaron Schobel (BUF),34,22,10,17,4,1,3,1,1,16,183.6,11.5,0.00%
2009,3,Anthony Spencer (DAL),50,17,6,13,8,1,2,2,0,16,177.5,11.1,0.00%
2009,4,Julius Peppers (CAR),36,6,10.5,10,5,2,5,1,1,16,173.3,10.8,0.10%
2009,5,Will Smith (NO),37,12,13,14,3,1,3,0,0,16,173.2,10.8,0.00%
2009,6,Justin Tuck (NYG),45,14,6,10,8,0,5,1,0,16,163.4,10.2,0.00%
2009,7,Ray Edwards (MIN),43,8,8.5,15,2,0,1,1,0,16,153.3,9.6,0.00%
2009,8,Darnell Dockett (ARI),42,9,7,18,2,1,0,0,0,16,150.9,9.4,0.00%
2009,9,Mario Williams (HOU),38,5,9,13,3,0,2,1,0,16,146,9.1,0.00%
2009,10,Justin Smith (SF),41,14,6,11,1,0,2,2,0,16,141.2,8.8,0.00%
2009,11,Jonathan Babineaux (ATL),37,10,6,13,2,0,2,2,0,16,138.8,8.7,0.00%
2009,12,Kamerion Wimbley (CLE),47,21,6.5,8,1,0,1,0,0,15,138.1,9.2,0.00%
2009,13,Kyle Williams (BUF),41,25,4,14,0,0,1,0,0,14,135.6,9.7,3.70%
2009,14,Randy Starks (MIA),42,14,7,10,0,0,0,1,0,16,130.7,8.2,0.00%
2009,15,Jay Ratliff (DAL),29,11,6,11,0,0,2,4,0,16,127.6,8,0.00%
2009,16,Mathias Kiwanuka (NYG),44,15,3,10,1,0,2,0,0,16,124.1,7.8,0.00%
2009,17,Calais Campbell (ARI),35,11,7,8,5,0,1,0,0,16,120.7,7.5,5.40%
2009,18,Juqua Parker (PHI),30,4,8,10,4,0,2,0,0,16,119.1,7.4,0.00%
2009,19,Shaun Ellis (NYJ),35,18,6.5,8,1,0,1,0,0,15,117.8,7.9,0.00%
2009,20,Anthony Hargrove (NO),30,10,5,7,3,0,1,3,1,15,116.9,7.8,0.00%
2009,21,Marques Douglas (NYJ),36,28,1.5,6,0,0,1,2,1,16,114.3,7.1,0.00%
2009,22,Osi Umenyiora (NYG),19,10,7,4,1,0,4,4,1,16,113.8,7.1,0.00%
2009,23,Marcus Stroud (BUF),38,18,2,7,8,0,0,1,0,15,112.3,7.5,0.00%
2009,24,Kelly Gregg (BAL),46,17,3,7,0,0,0,0,0,16,111.4,7,0.00%
2009,25,Kevin Williams (MIN),22,8,6,11,7,0,1,1,0,16,109.2,6.8,0.10%
2009,26,Trevor Scott (OAK),33,4,7,11,0,0,0,0,0,16,108.2,6.8,0.00%
2009,27,Darryl Tapp (SEA),40,9,2.5,9,3,0,0,1,0,16,108,6.7,0.00%
2009,28,Adewale Ogunleye (CHI),26,12,6.5,7,0,0,1,3,0,14,107.9,7.7,0.00%
2009,29,Kroy Biermann (ATL),29,8,5,8,0,0,1,2,1,16,107.8,6.7,0.00%
2009,30,Tony Brown (TEN),28,10,5,8,1,0,3,1,0,15,107.3,7.2,0.00%
2009,31,William Hayes (TEN),30,20,4,9,0,0,2,0,0,16,106.9,6.7,2.00%
2009,32,Brett Keisel (PIT),36,18,3,4,2,0,1,2,0,15,104.7,7,0.00%
2009,33,Derrick Harvey (JAC),44,13,2,5,2,0,0,1,0,15,103.6,6.9,0.00%
2009,34,Richard Seymour (OAK),30,17,4,8,3,0,1,0,0,15,102.7,6.8,0.00%
2009,35,Jason Hunter (DET),27,7,5,9,3,0,0,2,0,14,101,7.2,0.00%
2009,36,Cliff Avril (DET),26,14,5.5,5,3,0,3,0,0,13,100.8,7.8,0.10%
2009,37,Charles Grant (NO),31,13,5.5,6,2,0,1,0,0,16,100.4,6.3,0.00%
2009,38,Chris Long (LAR),33,10,5,7,1,0,1,0,0,16,100.2,6.3,0.00%
2009,39,Stylez G. White (TB),30,13,6.5,7,1,0,0,0,0,15,99.9,6.7,0.00%
2009,40,Cullen Jenkins (GB),23,9,4.5,8,1,1,3,0,0,16,98.1,6.1,0.00%
2009,41,Glenn Dorsey (KC),41,13,1,3,2,0,0,3,0,15,98,6.5,0.00%
2009,42,Kyle Vanden Bosch (TEN),33,12,3,7,1,0,2,0,0,16,97.8,6.1,0.00%
2009,43,Jimmy Wilkerson (TB),28,17,6,3,2,0,2,0,0,14,97.6,7,0.00%
2009,44,Pat Williams (MIN),34,11,2,7,3,0,2,0,0,14,97.5,7,0.00%
2009,45,Jonathan Fanene (CIN),18,18,6,7,2,1,0,0,1,14,96.2,6.9,0.00%
2009,46,Antonio Smith (HOU),26,8,4.5,6,1,0,2,2,0,16,95.8,6,0.00%
2009,47,James Hall (LAR),39,3,4.5,6,1,0,0,0,0,13,95.4,7.3,0.00%
2009,48,Johnny Jolly (GB),25,15,1,4,10,1,1,2,0,16,95,5.9,0.00%
2009,49,Brandon Mebane (SEA),41,8,1.5,8,0,0,0,0,0,15,93.6,6.2,1.00%
2009,50,Tommy Kelly (OAK),37,18,1,6,3,0,0,0,0,16,92.8,5.8,0.00%
2008,1,Justin Tuck (NYG),51,14,12,20,2,1,3,0,1,16,211.2,13.2,0.00%
2008,2,Julius Peppers (CAR),40,11,14.5,17,4,0,5,0,0,16,195.1,12.2,0.10%
2008,3,Mario Williams (HOU),44,9,12,17,0,0,4,0,0,16,179.6,11.2,0.00%
2008,4,Kevin Williams (MIN),47,15,8.5,15,5,0,1,0,0,16,165.1,10.3,0.10%
2008,5,Albert Haynesworth (TEN),41,10,8.5,15,2,0,3,1,0,14,159.7,11.4,0.00%
2008,6,Justin Smith (SF),50,23,7,10,3,1,1,0,0,16,159.2,10,0.00%
2008,7,Shaun Rogers (CLE),60,15,4.5,11,4,0,0,0,0,16,153.1,9.6,0.00%
2008,8,Adewale Ogunleye (CHI),48,14,5,13,5,1,0,0,0,16,148,9.3,0.00%
2008,9,Mathias Kiwanuka (NYG),34,17,8,12,1,0,2,2,0,16,143.6,9,0.00%
2008,10,Shaun Ellis (NYJ),41,19,8,6,0,0,2,1,1,16,141.1,8.8,0.00%
2008,11,Jay Ratliff (DAL),33,18,7.5,12,5,0,0,1,0,16,134.8,8.4,0.00%
2008,12,Darryl Tapp (SEA),45,9,5.5,7,0,0,4,1,0,16,133.9,8.4,0.00%
2008,13,Kamerion Wimbley (CLE),50,14,4,7,2,1,1,0,0,16,131.2,8.2,0.00%
2008,14,Richard Seymour (NE),34,17,8,11,1,0,0,1,0,14,129.1,9.2,0.00%
2008,15,Tony Brown (TEN),38,14,4,12,4,0,0,2,0,14,127.8,9.1,0.00%
2008,16,Aaron Smith (PIT),44,16,5.5,8,4,0,0,0,0,16,126.4,7.9,0.00%
2008,17,Darren Howard (PHI),21,5,10,13,3,1,1,1,0,15,125.4,8.4,0.00%
2008,18,Ryan Denney (BUF),39,18,4,9,7,0,1,0,0,15,125.2,8.3,0.00%
2008,19,Ray Edwards (MIN),34,19,5,12,3,0,1,0,0,15,124.1,8.3,0.00%
2008,20,Juqua Parker (PHI),33,12,5,6,7,1,1,0,1,16,119.3,7.5,0.00%
2008,20,Rocky Bernard (SEA),43,12,4,8,1,0,1,1,0,15,119.3,8,0.00%
2008,22,Dewayne White (DET),28,11,6.5,7,2,1,3,1,0,9,118,13.1,0.00%
2008,23,Darnell Dockett (ARI),37,13,4,4,1,0,1,3,1,16,115,7.2,0.00%
2008,24,Gaines Adams (TB),27,11,6.5,5,6,2,0,0,1,15,112.7,7.5,0.00%
2008,25,James Hall (LAR),37,7,6.5,10,0,0,0,0,0,15,111.9,7.5,0.00%
2008,26,Haloti Ngata (BAL),43,12,1,6,6,2,0,0,0,16,111.8,7,0.00%
2008,27,Will Smith (NO),43,19,3,6,1,0,1,0,0,16,111.6,7,0.00%
2008,28,Jonathan Babineaux (ATL),31,7,3.5,14,2,0,0,1,0,16,108.1,6.8,0.00%
2008,28,Chauncey Davis (ATL),30,9,4,9,1,0,1,3,0,15,108.1,7.2,0.00%
2008,30,Jamal Williams (LAC),46,10,1.5,8,3,0,0,0,0,14,107.3,7.7,0.00%
2008,31,Fred Robbins (NYG),29,7,5.5,13,2,0,0,0,0,14,106.5,7.6,0.00%
2008,32,Antonio Smith (ARI),31,10,3.5,7,0,0,2,3,0,16,105.7,6.6,0.00%
2008,33,Kris Jenkins (NYJ),37,15,3.5,7,2,0,1,0,0,15,105.4,7,0.00%
2008,34,Brandon Mebane (SEA),29,10,5.5,9,1,0,2,0,0,16,105.3,6.6,1.00%
2008,35,Marcus Stroud (BUF),29,16,2.5,6,8,0,1,2,0,16,104.7,6.5,0.00%
2008,36,Tommie Harris (CHI),33,4,5,11,0,0,0,1,0,14,104.1,7.4,0.00%
2008,37,Chris Long (LAR),32,8,4,10,0,0,1,1,0,16,103.4,6.5,0.00%
2008,38,Vince Wilfork (NE),45,21,2,3,1,0,0,0,0,16,100.7,6.3,0.00%
2008,39,Mike Montgomery (GB),41,16,2.5,4,1,0,1,0,0,14,99.4,7.1,0.00%
2008,40,Jevon Kearse (TEN),27,7,3.5,9,3,0,3,0,0,13,98.8,7.6,0.00%
2008,41,Bobby McCray (NO),25,4,6,12,0,0,1,0,0,12,98.7,8.2,0.00%
2008,41,Jacob Ford (TEN),22,4,7,10,1,0,2,0,0,13,98.7,7.6,0.00%
2008,43,Damione Lewis (CAR),33,10,3.5,5,4,0,1,1,0,15,97.8,6.5,0.00%
2008,44,Reggie Hayward (JAC),22,2,4.5,11,3,0,2,1,0,16,96.6,6,0.00%
2008,45,Kyle Williams (BUF),37,18,2,6,0,0,1,0,0,16,96.4,6,3.70%
2008,46,Victor Adeyanju (LAR),40,7,2,8,0,0,0,0,0,15,93.4,6.2,0.00%
2008,47,Tommy Kelly (OAK),31,27,4.5,3,0,0,0,0,0,16,92.7,5.8,0.00%
2008,48,Ebenezer Ekuban (DEN),29,9,5,7,0,0,0,1,0,13,91.9,7.1,0.00%
2008,49,Barry Cofield (NYG),32,12,3,6,1,0,1,0,0,15,89.8,6,0.00%
2008,50,Jason Jones (TEN),24,7,5,5,2,0,3,0,0,13,89,6.8,0.00%
2007,1,Patrick Kerney (SEA),51,12,14.5,0,2,1,5,0,0,16,171.8,10.7,0.00%
2007,2,Adewale Ogunleye (CHI),53,5,9,0,3,0,6,3,0,16,160,10,0.00%
2007,3,Osi Umenyiora (NYG),40,12,13,1,0,0,5,2,1,16,157.8,9.9,0.00%
2007,4,Mario Williams (HOU),43,16,14,1,1,0,2,1,1,16,154.7,9.7,0.00%
2007,5,Kyle Vanden Bosch (TEN),48,12,12,0,3,0,4,0,0,16,149.9,9.4,0.00%
2007,6,Will Smith (NO),47,19,7,2,3,0,2,3,0,16,142.6,8.9,0.00%
2007,7,Aaron Schobel (BUF),45,12,6.5,2,5,0,5,1,0,16,139.3,8.7,0.00%
2007,8,Jovan Haye (TB),48,20,6,1,3,0,1,4,0,16,138.4,8.6,0.00%
2007,9,Andre Carter (WAS),42,12,10.5,0,2,0,4,1,0,16,137.3,8.6,0.00%
2007,10,Darryl Tapp (SEA),41,8,7,1,8,1,3,2,0,16,135.2,8.5,0.00%
2007,11,Darnell Dockett (ARI),43,15,9,1,1,0,2,2,0,16,132.1,8.3,0.00%
2007,12,Justin Tuck (NYG),46,17,10,0,1,0,2,0,0,16,131.7,8.2,0.00%
2007,13,Kelly Gregg (BAL),56,28,3,0,3,0,0,1,0,16,126,7.9,0.00%
2007,14,Michael Strahan (NYG),46,11,9,0,2,0,1,1,0,16,124.7,7.8,0.00%
2007,15,Dewayne White (DET),33,10,6.5,0,3,1,3,2,1,14,118.8,8.5,0.00%
2007,16,Marques Douglas (SF),56,16,3,1,3,0,0,0,0,16,115.4,7.2,0.00%
2007,17,Mike Patterson (PHI),49,17,4,0,0,0,1,1,0,16,110.6,6.9,0.00%
2007,18,Kevin Williams (MIN),30,8,3,2,8,2,1,1,2,16,110.3,6.9,0.10%
2007,19,Pat Williams (MIN),44,20,2,3,3,0,0,2,0,16,109.3,6.8,0.00%
2007,20,Kenyon Coleman (NYJ),55,27,1.5,0,0,0,0,0,0,16,109.2,6.8,0.00%
2007,21,Justin Smith (CIN),49,29,2,0,3,0,0,0,0,16,108.1,6.8,0.00%
2007,22,Stylez G. White (TB),20,6,8,1,1,0,7,2,0,15,106.7,7.1,0.00%
2007,23,Kamerion Wimbley (CLE),39,12,5,0,1,0,4,0,0,16,105.4,6.6,0.00%
2007,24,Shaun Rogers (DET),26,13,7,0,3,1,0,3,1,16,104.8,6.5,0.00%
2007,25,Antonio Smith (ARI),37,7,5.5,1,0,0,1,3,0,16,101.4,6.3,0.00%
2007,26,Kenechi Udeze (MIN),37,10,5,3,1,0,1,1,0,16,100.3,6.3,0.00%
2007,27,Igor Olshansky (LAC),34,14,3.5,1,3,1,3,0,0,16,99.8,6.2,0.00%
2007,28,Haloti Ngata (BAL),44,19,3,0,1,0,1,0,0,16,98.1,6.1,0.00%
2007,29,Robaire Smith (CLE),42,14,4,2,2,0,0,0,0,16,97.8,6.1,0.00%
2007,30,Jonathan Babineaux (ATL),41,4,3,1,4,0,2,1,0,14,97.2,6.9,0.00%
2007,31,Ray Edwards (MIN),26,4,5,2,2,0,4,1,1,12,96.2,8,0.00%
2007,32,Phillip Daniels (WAS),25,14,2.5,0,9,0,4,2,0,15,95.8,6.4,0.00%
2007,33,Shaun Ellis (NYJ),33,16,5,2,0,0,1,1,0,14,95,6.8,0.00%
2007,34,Julius Peppers (CAR),30,8,2.5,1,4,1,3,2,0,14,94.8,6.8,0.10%
2007,35,Mike Rucker (CAR),33,14,3,2,3,0,1,2,0,16,93.8,5.9,0.00%
2007,36,Ty Warren (NE),34,19,4,0,0,0,0,3,0,16,93.6,5.9,0.00%
2007,37,Corey Williams (GB),26,9,7,0,1,1,3,0,0,16,92.5,5.8,0.00%
2007,38,Paul Spicer (JAC),27,7,7.5,0,0,0,3,1,0,15,92,6.1,0.00%
2007,39,Tony Brown (TEN),32,20,4,0,5,0,1,0,0,15,90.9,6.1,0.00%
2007,40,Dewayne Robertson (NYJ),36,21,4,0,0,0,0,1,0,15,90,6,0.00%
2007,41,Juqua Parker (PHI),27,10,5,1,2,0,2,2,0,15,89.7,6,0.00%
2007,41,Tommie Harris (CHI),31,4,8,0,0,0,2,0,0,16,89.7,5.6,0.00%
2007,43,Jared DeVries (DET),25,2,6.5,0,0,0,3,3,0,13,89.1,6.9,0.00%
2007,44,Robert Geathers (CIN),25,22,3.5,0,3,1,1,1,0,16,86,5.4,0.00%
2007,45,Albert Haynesworth (TEN),32,8,6,0,5,0,0,0,0,12,85.8,7.1,0.00%
2007,46,Jarvis Green (NE),22,18,6.5,0,0,0,2,1,0,16,84.9,5.3,0.00%
2007,46,Gaines Adams (TB),28,10,6,0,2,0,2,0,0,15,84.9,5.7,0.00%
2007,48,Kabeer Gbaja-Biamila (GB),22,4,9.5,0,1,0,2,0,0,13,83.7,6.4,0.00%
2007,49,Bryant Young (SF),31,4,6.5,0,2,0,1,0,0,14,82.6,5.9,0.00%
2007,50,Mathias Kiwanuka (NYG),33,11,4.5,0,4,0,0,0,0,10,82,8.2,0.00%
2006,1,Julius Peppers (CAR),49,9,13,0,6,0,3,2,0,16,161.4,10.1,0.10%
2006,2,Ty Warren (NE),56,28,7.5,0,2,0,1,1,0,15,146.2,9.7,0.00%
2006,3,Justin Smith (CIN),49,31,7.5,0,3,0,1,2,0,16,143.5,9,0.00%
2006,4,Aaron Schobel (BUF),35,18,14,0,3,0,3,1,0,15,142.7,9.5,0.00%
2006,5,Kamerion Wimbley (CLE),44,18,11,0,0,0,1,3,0,16,139.8,8.7,0.00%
2006,6,Charles Grant (NO),50,15,6,0,5,0,3,2,0,16,138,8.6,0.00%
2006,7,Kyle Vanden Bosch (TEN),54,21,6.5,0,1,0,1,0,0,16,128.6,8,0.00%
2006,8,Will Smith (NO),33,19,10.5,0,3,0,3,1,0,14,126.4,9,0.00%
2006,9,Trevor Pryce (BAL),36,10,13,0,3,0,2,0,0,16,126.3,7.9,0.00%
2006,10,Vonnie Holliday (MIA),45,20,7,0,1,0,0,1,0,16,116.4,7.3,0.00%
2006,11,Ebenezer Ekuban (DEN),48,15,7,0,0,0,1,0,0,15,115.7,7.7,0.00%
2006,12,Tommy Kelly (OAK),54,14,3.5,0,2,0,1,0,0,16,112.8,7,0.00%
2006,13,Aaron Smith (PIT),46,18,4.5,0,2,0,1,1,0,15,111.8,7.5,0.00%
2006,14,Kelly Gregg (BAL),41,21,3.5,0,2,0,1,3,0,16,110.5,6.9,0.00%
2006,15,Dewayne White (TB),32,10,5,0,7,0,3,3,0,15,110.2,7.3,0.00%
2006,16,Mark Anderson (CHI),23,5,12,0,2,0,4,1,0,16,109.4,6.8,0.00%
2006,17,Cory Redding (DET),38,10,8,0,0,0,2,1,0,16,108.8,6.8,0.00%
2006,18,Ryan Denney (BUF),35,16,6,0,5,0,2,1,0,15,108.3,7.2,0.00%
2006,19,Marques Douglas (SF),47,14,3,0,1,0,2,1,0,16,106.7,6.7,0.00%
2006,20,Fred Robbins (NYG),31,15,5.5,0,3,2,0,3,0,16,106.5,6.7,0.00%
2006,20,Warren Sapp (OAK),32,15,10,0,2,0,1,0,0,15,106.5,7.1,0.00%
2006,22,Mathias Kiwanuka (NYG),39,9,4,0,4,2,2,0,0,16,105.4,6.6,0.00%
2006,23,Andre Carter (WAS),47,9,6,0,2,0,0,0,0,16,104.5,6.5,0.00%
2006,24,Brett Keisel (PIT),38,18,5.5,0,4,0,0,1,0,16,102.9,6.4,0.00%
2006,25,Raheem Brock (IND),34,14,3,0,2,0,3,3,0,16,100.9,6.3,0.00%
2006,26,Shaun Ellis (NYJ),37,21,5,0,3,0,1,0,0,16,100,6.3,0.00%
2006,27,Jamal Williams (LAC),49,20,2,0,2,0,0,0,0,15,99.9,6.7,0.00%
2006,28,Adewale Ogunleye (CHI),29,14,6.5,0,2,0,1,3,0,14,99.3,7.1,0.00%
2006,29,Bobby McCray (JAC),30,5,10,0,1,0,2,0,0,15,98.3,6.6,0.00%
2006,30,Mike Patterson (PHI),38,14,1.5,0,3,0,0,3,1,16,96.2,6,0.00%
2006,31,Kevin Williams (MIN),28,8,5,0,6,0,0,3,1,16,95.3,6,0.10%
2006,32,Robert Geathers (CIN),28,14,10.5,0,0,0,0,0,0,16,94.8,5.9,0.00%
2006,33,Mario Williams (HOU),35,12,4.5,0,4,0,1,1,0,16,93.9,5.9,0.00%
2006,34,Michael Myers (DEN),37,20,2,0,2,0,1,2,0,16,93.8,5.9,0.00%
2006,35,Bryant Young (SF),41,11,5.5,0,1,0,0,0,0,16,93.6,5.9,0.00%
2006,36,Darnell Dockett (ARI),36,14,2,0,2,1,1,2,0,16,92.7,5.8,0.00%
2006,36,Dewayne Robertson (NYJ),37,25,2.5,0,0,0,1,1,0,16,92.7,5.8,0.00%
2006,38,Jarvis Green (NE),25,8,7.5,0,1,0,3,1,0,15,91.2,6.1,0.00%
2006,39,John Henderson (JAC),38,13,3.5,0,6,0,0,0,0,15,89.9,6,0.00%
2006,40,Brian Young (NO),35,11,5.5,0,1,0,0,1,0,15,88.5,5.9,0.00%
2006,41,Greg Spires (TB),33,18,5,0,3,0,0,0,0,15,87.7,5.8,0.00%
2006,42,Luis Castillo (LAC),28,9,7,0,1,1,0,1,0,10,87.6,8.8,0.00%
2006,43,Darwin Walker (PHI),27,9,6,0,4,1,1,0,0,14,86.6,6.2,0.00%
2006,44,Richard Seymour (NE),23,18,4,0,8,1,0,1,0,15,85.4,5.7,0.00%
2006,45,Kevin Carter (MIA),28,17,5.5,0,0,0,0,2,0,14,85.2,6.1,0.00%
2006,46,Paul Spicer (JAC),41,6,3,0,4,0,0,0,0,14,84.3,6,0.00%
2006,47,Kabeer Gbaja-Biamila (GB),28,12,6,0,0,0,2,0,0,16,83.3,5.2,0.00%
2006,48,Ryan Pickett (GB),31,33,0,0,5,0,0,1,0,16,83.2,5.2,0.00%
2006,49,Bryce Fisher (SEA),37,9,4,0,0,0,0,1,0,15,82.5,5.5,0.00%
2006,49,Darrion Scott (MIN),25,21,5.5,0,2,0,1,0,0,14,82.5,5.9,0.00%
2006,51,Darren Howard (PHI),23,12,5,0,4,0,2,1,0,14,81.9,5.8,0.00%
2005,1,Osi Umenyiora (NYG),49,22,14.5,2,3,0,4,2,0,16,181.9,11.4,0.00%
2005,2,Michael Strahan (NYG),61,21,11.5,3,2,0,1,1,0,16,172.1,10.8,0.00%
2005,3,Aaron Schobel (BUF),54,17,12,0,5,1,2,1,0,16,166.6,10.4,0.00%
2005,4,Kyle Vanden Bosch (TEN),41,25,12.5,0,1,0,4,1,0,16,152.3,9.5,0.00%
2005,5,Simeon Rice (TB),33,7,14,2,4,1,6,0,0,14,151,10.8,0.00%
2005,6,Orpheus Roye (CLE),65,23,3,0,4,0,0,1,0,15,137.1,9.1,0.00%
2005,7,Will Smith (NO),48,12,8.5,0,6,0,2,1,0,16,136.2,8.5,0.00%
2005,8,Julius Peppers (CAR),38,12,10.5,0,7,0,2,1,0,16,130.7,8.2,0.10%
2005,9,James Hall (DET),52,8,5,5,1,0,3,0,0,13,130.1,10,0.00%
2005,10,Roderick Coleman (ATL),35,5,10.5,2,6,0,4,0,0,15,128.4,8.6,0.00%
2005,11,Patrick Kerney (ATL),39,15,6.5,1,2,0,3,3,0,16,125.6,7.8,0.00%
2005,12,Phillip Daniels (WAS),37,11,8,1,9,0,1,2,0,16,124.1,7.8,0.00%
2005,13,Rocky Bernard (SEA),43,9,8.5,2,3,0,0,2,0,16,123.1,7.7,0.00%
2005,14,Adewale Ogunleye (CHI),36,4,10,3,5,0,1,1,0,14,120.1,8.6,0.00%
2005,15,Kabeer Gbaja-Biamila (GB),37,16,8,0,0,0,2,3,0,16,119.9,7.5,0.00%
2005,16,John Henderson (JAC),53,17,3,0,7,0,1,0,0,15,119.2,7.9,0.00%
2005,17,Justin Smith (CIN),45,21,6,0,2,0,1,1,0,16,118.6,7.4,0.00%
2005,18,Mike Rucker (CAR),35,9,7.5,0,3,0,4,2,0,15,118,7.9,0.00%
2005,18,Bryce Fisher (SEA),34,13,9,2,8,0,1,0,0,16,118,7.4,0.00%
2005,20,Jevon Kearse (PHI),36,3,7.5,0,8,0,3,0,0,15,110.4,7.4,0.00%
2005,21,Raheem Brock (IND),36,9,6.5,0,2,0,4,1,0,14,110.1,7.9,0.00%
2005,22,Alvin McKinley (CLE),45,23,5,0,0,0,1,0,0,16,109.1,6.8,0.00%
2005,23,James Reed (NYJ),44,21,2,1,0,0,0,2,1,16,106.5,6.7,0.00%
2005,24,Bobby Hamilton (OAK),50,6,2,0,4,0,1,2,0,13,105.6,8.1,0.00%
2005,25,Reggie Hayward (JAC),27,6,8.5,2,6,0,2,1,0,15,105.2,7,0.00%
2005,26,Paul Spicer (JAC),30,7,7.5,5,2,0,1,1,0,14,103.9,7.4,0.00%
2005,27,Anthony Hargrove (LAR),41,6,6.5,0,2,0,0,2,0,16,103.3,6.5,0.00%
2005,28,Seth Payne (HOU),45,14,4,0,3,0,1,0,0,15,102.8,6.9,0.00%
2005,29,Robaire Smith (HOU),43,25,1.5,1,4,0,0,1,0,16,102.1,6.4,0.00%
2005,30,Vonnie Holliday (MIA),36,16,5,0,5,0,0,2,0,16,102,6.4,0.00%
2005,31,Kevin Carter (MIA),34,19,6,0,3,0,1,1,0,16,101.9,6.4,0.00%
2005,32,Ryan Pickett (LAR),47,18,2,2,3,0,0,0,0,16,101.8,6.4,0.00%
2005,33,Charles Grant (NO),44,18,2.5,0,2,0,1,1,0,16,100.9,6.3,0.00%
2005,34,Shaun Rogers (DET),30,11,5.5,1,2,0,2,1,1,14,99,7.1,0.00%
2005,35,Darrion Scott (MIN),39,19,4,0,3,0,0,1,0,16,97.8,6.1,0.00%
2005,36,Marques Douglas (SF),44,14,1,0,2,0,1,2,0,16,95.7,6,0.00%
2005,37,Grant Wistrom (SEA),41,11,4,0,6,0,0,0,0,16,95,5.9,0.00%
2005,38,Tommy Kelly (OAK),37,10,4.5,0,1,0,3,0,0,16,94.8,5.9,0.00%
2005,39,Bryant Young (SF),32,4,8,0,2,0,2,0,0,12,94.2,7.9,0.00%
2005,40,Kalimba Edwards (DET),25,7,7,0,2,0,2,3,0,16,94,5.9,0.00%
2005,41,Pat Williams (MIN),42,25,1.5,0,1,0,1,0,0,16,93.7,5.9,0.00%
2005,42,Ty Warren (NE),40,28,1.5,0,1,0,0,1,0,15,92.9,6.2,0.00%
2005,43,Richard Seymour (NE),36,11,4,0,4,0,1,1,0,12,92.5,7.7,0.00%
2005,44,Montae Reagor (IND),27,9,5.5,0,0,0,0,4,1,13,91.5,7,0.00%
2005,45,Luis Castillo (LAC),37,12,3.5,1,3,0,1,0,0,16,89.6,5.6,0.00%
2005,46,Aaron Smith (PIT),30,10,2,4,3,1,1,1,0,14,88.2,6.3,0.00%
2005,47,Marcus Tubbs (SEA),27,13,5.5,0,2,0,2,1,0,12,87.6,7.3,0.00%
2005,48,Grady Jackson (GB),39,16,1,1,4,0,1,0,0,16,87.4,5.5,0.00%
2005,49,Eric Hicks (KC),36,8,4,0,2,0,2,0,0,13,87.3,6.7,0.00%
2005,50,Dewayne White (TB),28,5,3,0,2,0,2,3,1,14,86.9,6.2,0.00%
2004,1,Charles Grant (NO),66,14,10.5,19,7,1,3,1,0,16,230.8,14.4,0.00%
2004,2,Patrick Kerney (ATL),55,11,13,17,9,1,2,1,0,16,216.1,13.5,0.00%
2004,3,Kevin Williams (MIN),52,18,11.5,13,8,1,2,3,1,16,213.4,13.3,0.10%
2004,4,Julius Peppers (CAR),53,12,11,10,9,2,4,1,2,16,213.3,13.3,0.10%
2004,5,Bertrand Berry (ARI),40,8,14.5,14,4,0,4,2,0,14,189.3,13.5,0.00%
2004,6,Aaron Schobel (BUF),46,27,8,11,4,0,5,3,0,16,187.2,11.7,0.00%
2004,7,Cornelius Griffin (WAS),56,14,6,21,6,0,0,1,0,15,184.4,12.3,0.00%
2004,8,Osi Umenyiora (NYG),42,16,7,13,3,0,3,4,1,16,174.2,10.9,0.00%
2004,9,Roderick Coleman (ATL),32,9,11.5,14,6,1,3,1,1,13,172,13.2,0.00%
2004,10,James Hall (DET),38,10,11.5,10,5,1,4,1,0,16,168.3,10.5,0.00%
2004,11,Shaun Ellis (NYJ),39,18,11,12,4,0,2,1,0,15,164.4,11,0.00%
2004,12,Kabeer Gbaja-Biamila (GB),33,14,13.5,14,2,0,2,0,0,15,160.4,10.7,0.00%
2004,12,Greg Spires (TB),47,14,8,9,3,0,3,2,0,16,160.4,10,0.00%
2004,14,Darren Howard (NO),36,10,11,10,1,0,4,3,0,13,160.2,12.3,0.00%
2004,15,Justin Smith (CIN),42,29,8,9,2,0,2,2,0,16,158.7,9.9,0.00%
2004,16,John Henderson (JAC),62,13,5.5,9,4,0,0,1,0,16,157.5,9.8,0.00%
2004,17,Reggie Hayward (DEN),31,12,10.5,14,3,1,1,1,0,16,150.5,9.4,0.00%
2004,18,Marques Douglas (BAL),49,23,5.5,11,2,0,1,0,0,16,147.7,9.2,0.00%
2004,19,Simeon Rice (TB),34,6,12,13,5,0,1,0,0,14,147.6,10.5,0.00%
2004,20,Shaun Rogers (DET),48,20,4,12,5,0,0,1,0,16,144.8,9,0.00%
2004,21,Raheem Brock (IND),36,11,6.5,14,4,0,1,2,0,15,141.6,9.4,0.00%
2004,22,Aaron Smith (PIT),31,13,8,10,1,0,3,2,0,15,135.1,9,0.00%
2004,23,Will Smith (NO),32,10,7.5,5,2,0,6,1,0,15,129.2,8.6,0.00%
2004,24,Lance Johnstone (MIN),25,6,11,8,1,0,5,0,0,12,127.7,10.6,0.00%
2004,24,Bryce Fisher (LAR),36,10,8.5,9,1,0,2,0,0,15,127.7,8.5,0.00%
2004,26,Duane Clemons (CIN),32,18,6.5,10,1,0,2,0,0,13,122.2,9.4,0.00%
2004,27,Ebenezer Ekuban (CLE),29,10,8,9,2,0,1,2,0,16,120.9,7.6,0.00%
2004,28,Pat Williams (BUF),37,16,2.5,10,1,1,0,1,1,15,119.3,8,0.00%
2004,28,John Engelberger (SF),25,20,6,6,5,0,4,1,0,16,119.3,7.5,0.00%
2004,30,Marcus Stroud (JAC),38,16,4.5,6,3,0,2,1,0,16,119,7.4,0.00%
2004,31,Jeff Zgonina (MIA),32,31,5,9,3,0,0,0,0,16,118.6,7.4,0.00%
2004,32,Brady Smith (ATL),25,5,6,7,3,1,3,2,1,15,118.4,7.9,0.00%
2004,33,Montae Reagor (IND),35,8,5,10,2,0,1,1,0,16,114.7,7.2,0.00%
2004,34,Fred Robbins (NYG),31,9,5,10,2,1,2,0,0,14,114.4,8.2,0.00%
2004,35,Antonio Cochran (SEA),27,9,6.5,6,3,1,3,1,0,13,114,8.8,0.00%
2004,36,Bryant Young (SF),37,11,3,11,1,0,1,1,0,15,113.1,7.5,0.00%
2004,37,La'Roi Glover (DAL),31,10,7,10,1,0,1,0,0,16,112.7,7,0.00%
2004,38,Sam Adams (BUF),27,14,5,11,3,1,1,0,0,14,112.5,8,0.00%
2004,39,Darnell Dockett (ARI),34,6,3.5,10,3,1,1,1,0,14,112.1,8,0.00%
2004,40,John Thornton (CIN),37,20,3,9,4,0,0,0,0,16,111.3,7,0.00%
2004,41,Jevon Kearse (PHI),27,4,7.5,6,6,0,2,1,0,13,109.7,8.4,0.00%
2004,42,Kevin Carter (TEN),26,23,6,7,1,0,1,1,0,14,107.6,7.7,0.00%
2004,43,Ty Warren (NE),39,10,3.5,7,1,0,2,0,0,14,107.3,7.7,0.00%
2004,44,Adewale Ogunleye (CHI),29,9,5,7,2,0,3,1,0,11,107,9.7,0.00%
2004,45,Brian Young (NO),40,19,2.5,7,0,0,0,1,0,15,106.2,7.1,0.00%
2004,46,Kelly Gregg (BAL),44,17,1.5,4,1,0,1,1,0,14,104.4,7.5,0.00%
2004,46,Jason Ferguson (NYJ),37,22,3.5,4,0,0,2,0,0,16,104.4,6.5,0.00%
2004,48,Anthony Weaver (BAL),35,4,4,7,4,1,0,1,0,16,104.2,6.5,0.00%
2004,49,Dewayne Robertson (NYJ),39,14,3,7,0,0,1,0,0,16,102.7,6.4,0.00%
2004,50,Mike Rucker (CAR),35,3,3.5,7,5,0,1,1,0,15,101.9,6.8,0.00%
2003,1,Michael Strahan (NYG),60,15,18.5,24,5,0,3,1,0,16,259.1,16.2,0.00%
2003,2,Simeon Rice (TB),45,5,15,11,8,2,6,1,0,16,208.9,13.1,0.00%
2003,3,Adewale Ogunleye (MIA),43,21,15,19,5,0,2,1,0,16,207.6,13,0.00%
2003,4,Mike Rucker (CAR),48,11,12,16,6,1,1,0,0,13,186.5,14.3,0.00%
2003,5,Aaron Schobel (BUF),37,23,11.5,16,3,1,1,1,0,16,176.6,11,0.00%
2003,6,Charles Grant (NO),48,13,10,11,7,0,4,0,0,16,176,11,0.00%
2003,7,Shaun Ellis (NYJ),48,21,12.5,11,0,0,1,0,0,16,169.7,10.6,0.00%
2003,8,Kevin Williams (MIN),36,15,10.5,15,4,1,0,1,0,16,160.1,10,0.10%
2003,9,Kabeer Gbaja-Biamila (GB),36,11,10,11,0,0,3,2,0,15,150.2,10,0.00%
2003,10,Pat Williams (BUF),54,28,0,13,3,0,0,1,1,16,149.5,9.3,0.00%
2003,11,Marques Douglas (BAL),52,11,4.5,13,2,0,2,0,0,16,148,9.3,0.00%
2003,12,Kelly Gregg (BAL),63,17,3,9,0,0,0,1,0,16,146.2,9.1,0.00%
2003,13,Grant Wistrom (LAR),50,11,7.5,9,1,0,1,1,0,15,145.5,9.7,0.00%
2003,14,John Henderson (JAC),47,11,3.5,10,7,0,3,1,0,15,144.3,9.6,0.00%
2003,15,Richard Seymour (NE),34,22,8,9,10,0,1,0,0,15,141.4,9.4,0.00%
2003,16,Marcus Stroud (JAC),48,18,4.5,13,3,0,0,0,0,15,140.7,9.4,0.00%
2003,17,Jason Ferguson (NYJ),52,23,4.5,5,4,0,1,1,0,15,140.1,9.3,0.00%
2003,18,Bertrand Berry (DEN),25,12,11.5,10,4,0,3,1,0,14,139.8,10,0.00%
2003,19,Roderick Coleman (OAK),44,8,5.5,9,6,0,2,1,0,16,137.8,8.6,0.00%
2003,20,Shaun Rogers (DET),42,16,4,13,5,0,1,0,0,16,135.2,8.5,0.00%
2003,21,Kenny Mixon (MIN),44,9,5,8,4,0,4,0,0,16,135.1,8.4,0.00%
2003,22,Jevon Kearse (TEN),29,13,9.5,8,1,1,4,0,0,14,134.1,9.6,0.00%
2003,23,Julius Peppers (CAR),39,7,7,10,3,0,3,0,0,16,133.5,8.3,0.10%
2003,24,James Hall (DET),48,14,4.5,8,0,0,2,1,0,16,132.7,8.3,0.00%
2003,25,Ndukwe Kalu (PHI),38,9,5.5,8,2,1,0,3,1,16,132.1,8.3,0.00%
2003,26,Kris Jenkins (CAR),39,7,5,13,4,0,1,1,0,16,130.4,8.1,0.00%
2003,27,Tony Brackens (JAC),33,6,6,14,2,1,2,0,0,14,129.2,9.2,0.00%
2003,28,Darwin Walker (PHI),36,6,6,11,5,0,0,2,0,15,125.8,8.4,0.00%
2003,29,Lance Johnstone (MIN),21,8,10,6,6,1,3,0,1,15,124.8,8.3,0.00%
2003,30,Justin Smith (CIN),41,19,5,8,3,0,1,0,0,15,124.7,8.3,0.00%
2003,31,Orpheus Roye (CLE),42,15,1.5,11,8,0,0,1,0,16,124,7.7,0.00%
2003,32,Ellis Johnson (ATL),34,8,8,10,1,0,1,1,0,16,123.7,7.7,0.00%
2003,33,Patrick Kerney (ATL),34,12,6.5,6,1,0,2,3,0,15,123,8.2,0.00%
2003,34,Duane Clemons (CIN),36,7,6,9,4,0,1,1,0,16,120,7.5,0.00%
2003,35,Adrian Dingle (LAC),31,6,6,12,1,0,2,1,0,14,118.7,8.5,0.00%
2003,36,Chris Cooper (OAK),40,9,2.5,9,2,0,1,3,0,14,118.5,8.5,0.00%
2003,37,La'Roi Glover (DAL),33,16,5,9,1,0,1,2,0,15,117.9,7.9,0.00%
2003,38,Grady Jackson (GB),36,12,6,9,2,0,1,0,0,14,116.7,8.3,0.00%
2003,38,Reggie Hayward (DEN),24,4,8.5,8,5,0,2,2,0,15,116.7,7.8,0.00%
2003,40,Warren Sapp (TB),37,7,5,9,3,0,2,0,0,15,115.8,7.7,0.00%
2003,41,Courtney Brown (CLE),29,9,6,6,4,0,4,1,0,13,115.5,8.9,0.00%
2003,42,Anthony McFarland (TB),38,12,2.5,7,2,1,2,1,0,14,113.8,8.1,0.00%
2003,43,Trevor Pryce (DEN),27,9,8.5,7,1,0,2,1,0,12,112.4,9.4,0.00%
2003,44,Kevin Carter (TEN),29,19,5.5,10,2,0,1,0,0,15,112,7.5,0.00%
2003,45,Corey Simon (PHI),32,8,7.5,5,2,0,2,1,0,16,111.7,7,0.00%
2003,46,Anthony Weaver (BAL),27,9,5,7,6,0,2,2,0,13,110,8.5,0.00%
2003,47,Al Wallace (CAR),28,8,5,8,5,2,0,1,0,14,109.8,7.8,0.00%
2003,48,Marcellus Wiley (LAC),38,13,3,5,4,0,2,1,0,16,109.4,6.8,0.00%
2003,49,Kimo Von Oelhoffen (PIT),27,8,8,8,0,0,1,1,0,15,106.7,7.1,0.00%
2003,50,Aaron Smith (PIT),36,9,2,8,7,0,1,0,0,16,103.5,6.5,0.00%
2002,1,Simeon Rice (TB),41,9,15.5,12,11,1,6,0,0,16,206.1,12.9,0.00%
2002,2,Mike Rucker (CAR),58,9,10,15,7,0,4,1,0,16,202,12.6,0.00%
2002,3,Michael Strahan (NYG),57,14,11,13,2,0,2,1,0,16,187.8,11.7,0.00%
2002,4,Andre Carter (SF),45,9,12.5,14,4,0,3,1,0,15,181.6,12.1,0.00%
2002,4,Kabeer Gbaja-Biamila (GB),35,11,12,13,6,1,4,1,1,15,181.6,12.1,0.00%
2002,6,Patrick Kerney (ATL),45,13,10.5,13,1,0,0,2,1,14,167.6,12,0.00%
2002,7,Aaron Smith (PIT),53,17,5.5,14,2,0,0,3,0,16,164.5,10.3,0.00%
2002,8,Julius Peppers (CAR),29,7,12,11,6,1,5,0,0,12,158.4,13.2,0.10%
2002,9,Eric Hicks (KC),41,14,9,10,3,0,2,1,0,15,149.9,10,0.00%
2002,10,Warren Sapp (TB),40,7,7.5,12,4,2,1,1,0,15,149.6,10,0.00%
2002,11,Marcus Stroud (JAC),41,7,6.5,12,6,0,3,1,0,16,147.9,9.2,0.00%
2002,12,John Henderson (JAC),45,9,6.5,10,6,0,1,2,0,15,146.5,9.8,0.00%
2002,13,Adewale Ogunleye (MIA),33,12,9.5,10,3,0,3,2,0,15,146.4,9.8,0.00%
2002,14,Kenny Holmes (NYG),32,15,8,14,1,0,1,2,1,14,146,10.4,0.00%
2002,15,Justin Smith (CIN),48,13,6.5,9,3,0,2,0,0,16,143.1,8.9,0.00%
2002,16,Kenny Mixon (MIN),45,26,4.5,9,6,1,0,0,0,16,141.9,8.9,0.00%
2002,17,Bruce Smith (WAS),37,12,9,11,1,0,3,0,0,16,141.8,8.9,0.00%
2002,18,Trevor Pryce (DEN),40,6,9,12,1,0,1,1,0,16,140.3,8.8,0.00%
2002,19,Aaron Schobel (BUF),34,18,8.5,12,4,0,1,0,0,16,138.9,8.7,0.00%
2002,20,Charles Grant (NO),30,7,7,10,4,0,4,1,1,16,135.5,8.5,0.00%
2002,21,Gary Walker (HOU),37,15,6.5,11,4,0,1,1,0,16,134.6,8.4,0.00%
2002,22,Roderick Coleman (OAK),32,6,11,13,3,0,0,0,0,13,133.8,10.3,0.00%
2002,23,Pat Williams (BUF),53,31,0.5,6,1,0,2,1,0,16,133.7,8.4,0.00%
2002,24,Darren Howard (NO),35,13,8,9,3,0,3,0,0,15,133.6,8.9,0.00%
2002,25,Richard Seymour (NE),33,23,5.5,12,3,1,0,1,0,15,132.7,8.8,0.00%
2002,26,La'Roi Glover (DAL),39,11,6.5,10,1,1,2,0,0,16,132.6,8.3,0.00%
2002,27,Chris Hovan (MIN),38,14,5.5,11,4,0,0,2,0,16,131.4,8.2,0.00%
2002,28,Kris Jenkins (CAR),36,8,7,15,3,0,0,0,0,16,130.3,8.1,0.00%
2002,29,Grant Wistrom (LAR),45,2,4.5,8,4,1,1,2,0,15,130.1,8.7,0.00%
2002,30,Chad Bratzke (IND),34,11,6,6,5,0,5,1,0,16,130,8.1,0.00%
2002,31,Robert Porcher (DET),30,15,5.5,5,8,0,2,3,1,15,129,8.6,0.00%
2002,31,Brad Scioli (IND),39,11,7,8,4,0,2,0,0,13,129,9.9,0.00%
2002,33,Daryl Gardener (WAS),45,7,4,11,3,0,0,2,0,15,128.9,8.6,0.00%
2002,34,Chad Eaton (SEA),48,25,1,7,3,0,0,1,1,16,127.2,7.9,0.00%
2002,35,Lance Johnstone (MIN),41,10,7,9,1,0,0,1,0,15,125.3,8.4,0.00%
2002,36,Kevin Carter (TEN),27,15,10,9,3,0,0,1,0,16,123.2,7.7,0.00%
2002,37,Josh Evans (NYJ),40,7,6,10,0,0,0,2,0,16,122.6,7.7,0.00%
2002,38,Grady Jackson (NO),31,12,5.5,9,4,0,1,3,0,15,122.3,8.2,0.00%
2002,39,Darwin Walker (PHI),29,6,7.5,11,2,0,2,1,0,15,120.8,8.1,0.00%
2002,40,Cletidus Hunt (GB),31,5,5.5,11,4,0,1,2,0,12,117.9,9.8,0.00%
2002,41,Carlos Hall (TEN),27,15,8,8,6,0,1,0,0,15,117.1,7.8,0.00%
2002,42,Raylee Johnson (LAC),32,8,6.5,10,1,0,0,1,1,16,116.7,7.3,0.00%
2002,43,Antonio Cochran (SEA),37,15,3,8,3,1,1,0,0,16,112.5,7,0.00%
2002,44,Ryan Pickett (LAR),45,22,0.5,8,4,0,0,0,0,16,112.4,7,0.00%
2002,45,Brandon Whiting (PHI),23,16,6,9,2,0,1,3,0,16,112.3,7,0.00%
2002,46,Kyle Vanden Bosch (ARI),37,13,3.5,11,0,0,0,1,0,15,111.2,7.4,0.00%
2002,47,John Browning (KC),33,6,7,9,1,0,0,1,0,13,110.2,8.5,0.00%
2002,48,Seth Payne (HOU),54,11,1,6,1,0,0,0,0,16,110.1,6.9,0.00%
2002,49,Cornelius Griffin (NYG),32,17,4,8,3,0,1,1,0,14,109.5,7.8,0.00%
2002,50,James Hall (DET),34,15,2,8,3,0,0,2,1,16,109,6.8,0.00%